iteration,reward,episode_length,height_reward,tilt_penalty,tipped_over,collapsed,exploration,steps_per_second
0,1.151786,18.040001,0.044013,-0.00168,0.666667,0.0,0.994539,43137.0
1,2.457892,45.529999,0.116082,-0.013502,8.208334,0.0,0.991419,90366.0
2,3.620999,66.099998,0.184289,-0.02298,12.083334,0.0,0.99066,78877.0
3,5.17085,88.360001,0.252741,-0.027861,11.708334,0.0,0.985967,87464.0
4,5.934426,102.849998,0.305897,-0.036824,11.25,0.0,0.981279,54700.0
5,7.229019,124.760002,0.367261,-0.041701,8.375,0.0,0.977984,55127.0
6,8.43846,139.800003,0.453749,-0.03823,7.333333,0.0,0.973736,57446.0
7,9.40803,151.800003,0.496083,-0.041897,5.708333,0.0,0.968151,57707.0
8,11.288713,178.779999,0.569901,-0.042749,3.625,0.0,0.962953,81850.0
9,12.792973,197.970001,0.667417,-0.044371,2.75,0.0,0.956873,91060.0
10,15.250216,236.029999,0.751491,-0.047803,1.833333,0.0,0.951219,72775.0
11,15.265763,240.199997,0.763612,-0.057495,1.916667,0.0,0.947537,107224.0
12,17.389868,269.929993,0.912278,-0.051051,1.0,0.0,0.941995,109928.0
13,18.985159,299.679993,0.982306,-0.074392,0.73913,0.0,0.936518,114099.0
14,20.124151,311.549988,1.052883,-0.063,0.913043,0.0,0.930899,114551.0
15,22.23336,349.440002,1.115385,-0.092386,0.583333,0.0,0.926275,111518.0
16,22.895462,362.170013,1.142026,-0.087502,0.869565,0.0,0.92126,115694.0
17,25.22323,393.579987,1.324286,-0.082237,0.347826,0.0,0.91692,113141.0
18,26.332062,413.869995,1.316409,-0.113999,0.636364,0.0,0.912262,117888.0
19,27.725698,443.25,1.397522,-0.127514,0.47619,0.0,0.906593,118002.0
20,30.65694,481.950012,1.514971,-0.130617,0.208333,0.0,0.900397,107131.0
21,31.437695,495.179993,1.601328,-0.105568,0.166667,0.0,0.894649,111759.0
22,32.827888,499.420013,1.618392,-0.103358,0.208333,0.0,0.889774,105021.0
23,33.582001,496.799988,1.657046,-0.090565,0.25,0.0,0.885667,112319.0
24,32.69841,496.309998,1.644516,-0.097918,0.166667,0.0,0.879937,113674.0
25,34.765347,498.839996,1.709905,-0.077646,0.083333,0.0,0.872378,97723.0
26,34.801659,495.980011,1.748668,-0.064597,0.083333,0.0,0.864567,101091.0
27,34.94809,500.0,1.760539,-0.059776,0.041667,0.0,0.858963,99498.0
28,35.836468,498.929993,1.793766,-0.051223,0.083333,0.0,0.851757,101351.0
29,36.308727,500.0,1.79909,-0.046824,0.041667,0.0,0.847029,97848.0
30,37.121101,497.859985,1.847214,-0.032294,0.041667,0.0,0.840767,102947.0
31,37.331669,500.0,1.864225,-0.029782,0.0,0.0,0.834982,99931.0
32,37.354294,496.899994,1.846943,-0.030193,0.041667,0.0,0.826895,100363.0
33,37.941872,500.0,1.886314,-0.021904,0.0,0.0,0.819616,102682.0
34,37.644913,496.820007,1.862894,-0.028183,0.043478,0.0,0.81065,100268.0
35,37.501442,494.5,1.860913,-0.030331,0.043478,0.0,0.803701,78706.0
36,38.139507,500.0,1.885898,-0.025083,0.0,0.0,0.796805,110447.0
37,38.203827,498.329987,1.872821,-0.025028,0.045455,0.0,0.786607,117269.0
38,38.568645,500.0,1.897496,-0.023472,0.0,0.0,0.781262,116927.0
39,38.57531,500.0,1.888393,-0.028743,0.0,0.0,0.775193,112944.0
40,38.655422,498.730011,1.903165,-0.020983,0.047619,0.0,0.768084,117783.0
41,38.919956,498.600006,1.905924,-0.021133,0.041667,0.0,0.756507,116193.0
42,39.429794,500.0,1.921308,-0.016129,0.0,0.0,0.749885,117027.0
43,39.604511,500.0,1.923083,-0.01569,0.0,0.0,0.743684,111069.0
44,39.512859,498.829987,1.921568,-0.016984,0.041667,0.0,0.734452,115868.0
45,39.77663,500.0,1.927116,-0.01596,0.0,0.0,0.726295,114408.0
46,40.10136,500.0,1.932281,-0.013741,0.0,0.0,0.717521,111096.0
47,40.030243,500.0,1.933466,-0.014863,0.0,0.0,0.711034,113425.0
48,40.205666,500.0,1.933267,-0.015486,0.0,0.0,0.705228,115053.0
49,40.492592,500.0,1.933107,-0.012528,0.041667,0.0,0.696185,114118.0
50,40.610714,500.0,1.941111,-0.01229,0.0,0.0,0.686366,99751.0
51,40.807968,500.0,1.944041,-0.011721,0.0,0.0,0.678795,96196.0
52,40.888229,500.0,1.946634,-0.011372,0.0,0.0,0.67102,98535.0
53,41.040989,500.0,1.947936,-0.011044,0.0,0.0,0.662038,101474.0
54,41.225063,500.0,1.951846,-0.01049,0.0,0.0,0.652435,101192.0
55,41.32135,500.0,1.950992,-0.010181,0.0,0.0,0.642522,97419.0
56,41.530445,500.0,1.954004,-0.00965,0.0,0.0,0.634425,97066.0
57,41.627251,500.0,1.955784,-0.009462,0.0,0.0,0.626595,98298.0
58,41.779266,500.0,1.958176,-0.0092,0.0,0.0,0.618427,98067.0
59,41.850636,500.0,1.958121,-0.008767,0.0,0.0,0.610801,97406.0
60,42.026463,500.0,1.960735,-0.008798,0.0,0.0,0.601818,76666.0
61,42.099834,500.0,1.960763,-0.00841,0.0,0.0,0.592826,118180.0
62,42.266026,500.0,1.962227,-0.007967,0.0,0.0,0.58567,113300.0
63,42.290543,499.609985,1.957031,-0.010611,0.041667,0.0,0.581344,114613.0
64,42.607311,500.0,1.965361,-0.007367,0.0,0.0,0.571489,67383.0
65,42.74007,500.0,1.966069,-0.007128,0.0,0.0,0.562957,63039.0
66,42.848335,500.0,1.967075,-0.006903,0.0,0.0,0.554999,62495.0
67,42.976322,500.0,1.967805,-0.006653,0.0,0.0,0.548703,63793.0
68,43.13456,500.0,1.969292,-0.006382,0.0,0.0,0.540372,64500.0
69,43.252522,500.0,1.970197,-0.006168,0.0,0.0,0.53018,107629.0
70,43.374035,500.0,1.971009,-0.006,0.0,0.0,0.521738,105696.0
71,43.488808,500.0,1.972079,-0.005819,0.0,0.0,0.514751,110679.0
72,43.577072,500.0,1.97271,-0.005572,0.0,0.0,0.507456,114367.0
73,43.69949,500.0,1.974066,-0.005411,0.0,0.0,0.50016,114184.0
74,43.827934,500.0,1.974757,-0.005171,0.0,0.0,0.491887,115825.0
75,43.93322,500.0,1.975296,-0.00506,0.0,0.0,0.483198,91466.0
76,44.058952,500.0,1.976418,-0.004933,0.0,0.0,0.475801,98088.0
77,44.169544,500.0,1.977192,-0.004724,0.0,0.0,0.467892,96507.0
78,44.282291,500.0,1.97692,-0.004628,0.0,0.0,0.459704,96821.0
79,44.373093,500.0,1.978179,-0.004491,0.0,0.0,0.453843,97672.0
80,44.482639,500.0,1.978539,-0.004265,0.0,0.0,0.446441,96954.0
81,44.596352,500.0,1.979963,-0.004208,0.0,0.0,0.440207,101010.0
82,44.72279,500.0,1.980385,-0.004072,0.0,0.0,0.435149,99328.0
83,44.875237,500.0,1.981158,-0.003842,0.0,0.0,0.429062,97115.0
84,44.967232,500.0,1.981588,-0.003812,0.0,0.0,0.423433,98410.0
85,45.065514,500.0,1.982103,-0.003681,0.0,0.0,0.416752,78162.0
86,45.206448,500.0,1.982842,-0.003521,0.0,0.0,0.410761,116693.0
87,45.331959,500.0,1.983553,-0.003414,0.0,0.0,0.404411,113357.0
88,45.429329,500.0,1.983885,-0.003298,0.0,0.0,0.397294,116597.0
89,45.522118,500.0,1.984538,-0.003157,0.0,0.0,0.390342,105945.0
90,45.597145,500.0,1.984907,-0.003099,0.0,0.0,0.384397,114879.0
91,45.686222,500.0,1.985569,-0.002983,0.0,0.0,0.377708,107476.0
92,45.795895,500.0,1.985875,-0.002903,0.0,0.0,0.37095,118465.0
93,45.819107,500.0,1.986009,-0.002826,0.0,0.0,0.365577,113193.0
94,45.945839,500.0,1.986752,-0.002741,0.0,0.0,0.359587,116337.0
95,46.036953,500.0,1.986922,-0.002603,0.0,0.0,0.354045,112602.0
96,46.129875,500.0,1.987791,-0.002462,0.0,0.0,0.348555,113044.0
97,46.219864,500.0,1.987833,-0.002436,0.0,0.0,0.342857,115737.0
98,46.283188,500.0,1.98798,-0.002354,0.0,0.0,0.337331,113062.0
99,46.384693,500.0,1.988443,-0.002254,0.0,0.0,0.331172,108739.0
100,46.482941,500.0,1.988943,-0.002211,0.0,0.0,0.325289,100335.0
101,46.563721,500.0,1.989297,-0.002171,0.0,0.0,0.318931,99071.0
102,46.656933,500.0,1.989742,-0.002063,0.0,0.0,0.312141,99342.0
103,46.698223,500.0,1.990127,-0.00203,0.0,0.0,0.307142,91485.0
104,46.813141,500.0,1.990217,-0.001989,0.0,0.0,0.302006,98437.0
105,46.898037,500.0,1.990719,-0.001899,0.0,0.0,0.296107,98823.0
106,47.001949,500.0,1.990693,-0.001842,0.0,0.0,0.290188,101097.0
107,47.052204,500.0,1.990887,-0.001797,0.0,0.0,0.284516,99339.0
108,47.128056,500.0,1.991229,-0.001731,0.0,0.0,0.279395,102989.0
109,47.209637,500.0,1.991488,-0.001672,0.0,0.0,0.274467,94446.0
110,47.290398,500.0,1.991671,-0.001612,0.0,0.0,0.269775,75368.0
111,47.357147,500.0,1.992082,-0.00157,0.0,0.0,0.264369,106204.0
112,47.418655,500.0,1.992249,-0.001521,0.0,0.0,0.258815,110854.0
113,47.496746,500.0,1.992589,-0.001458,0.0,0.0,0.25427,108691.0
114,47.559273,500.0,1.992744,-0.001403,0.0,0.0,0.250237,112260.0
115,47.617996,500.0,1.993074,-0.001364,0.0,0.0,0.246203,113117.0
116,47.685993,500.0,1.993186,-0.001309,0.0,0.0,0.242205,110914.0
