iteration,reward,episode_length,height_reward,upright_reward,tipped_over,collapsed,exploration,steps_per_second,speed_error,turn_error,stepping,leg_swing,dragging,ground_covered,landing_force,Curriculum/ease_in_effort/weight,Curriculum/ease_in_landing/weight,Curriculum/ease_in_shake/weight,Curriculum/ease_in_smoothness/weight,Curriculum/ease_in_steadiness/weight,Curriculum/ease_in_straightness/weight,Episode_Reward/alive,Episode_Reward/effort,Episode_Reward/end_stops,Episode_Reward/fell_over,Episode_Reward/hard_landing,Episode_Reward/jitter,Episode_Reward/joint_shock,Episode_Reward/landing_speed,Episode_Reward/posture,Episode_Reward/rocking,Episode_Reward/shaking,Episode_Reward/skidding,Episode_Reward/swing_height,Episode_Reward/track_speed,Episode_Reward/track_turn,Episode_Reward/twitching,Episode_Reward/veering,Episode_Reward/wandering,Episode_Termination/nose_dived,Episode_Termination/time_out,Metrics/posture/error_height,Metrics/posture/error_pitch,Metrics/posture/error_roll
0,-1.756237,18.690001,0.008224,0.007861,2.521739,37.826088,0.997416,33630.0,0.007497,0.024066,0.000616,0.005089,-0.012313,0.002471,67.827637,-0.0002,-0.1,-0.002,-0.05,-0.06,-0.2,0.005726,-6e-05,-0.000169,-0.017857,-0.0736,-0.040599,-0.005457,-0.000358,0.008279,-0.008038,-0.002885,-0.044796,-0.001481,0.00728,0.002459,-0.014115,-3.8e-05,-8.3e-05,37.782608,4.304348,0.214297,0.132909,0.360822
1,-3.125722,42.689999,0.021348,0.018609,20.25,0.458333,0.973604,13465.0,0.020494,0.064069,0.003969,0.015278,-0.004878,0.008373,21.908697,-0.0002,-0.1,-0.002,-0.05,-0.06,-0.2,0.015681,-0.000162,-0.000401,-0.034371,-0.028947,-0.112542,-0.007295,-0.000825,0.022566,-0.015732,-0.005777,-0.007706,-0.003457,0.017014,0.007242,-0.038171,-0.00024,-0.000924,0.5,3.458333,0.0355,0.152838,0.687082
2,-3.638637,54.080002,0.032261,0.030149,20.875,0.458333,0.947008,1047.0,0.029252,0.096296,0.005319,0.022984,-0.006619,0.011414,21.709831,-0.0002,-0.1,-0.002,-0.05,-0.06,-0.2,0.02433,-0.00025,-0.000554,-0.034497,-0.041553,-0.168633,-0.010769,-0.001298,0.033301,-0.021396,-0.007752,-0.011558,-0.0052,0.027735,0.011811,-0.057188,-0.0004,-0.001773,0.666667,3.375,0.035208,0.148543,0.691959
3,-4.457951,74.370003,0.042093,0.042524,16.541668,0.333333,0.922795,3417.0,0.038388,0.129407,0.007358,0.030336,-0.009122,0.015681,21.538162,-0.0002,-0.1,-0.002,-0.05,-0.06,-0.2,0.032945,-0.000337,-0.000717,-0.033263,-0.057568,-0.221621,-0.014095,-0.0018,0.047114,-0.027286,-0.009912,-0.015572,-0.00736,0.038233,0.016647,-0.075082,-0.000842,-0.003091,0.833333,3.541667,0.035542,0.148225,0.660917
4,-4.742467,85.290001,0.053997,0.054835,14.5,0.458333,0.896721,3420.0,0.04578,0.166136,0.008198,0.036395,-0.010541,0.019742,21.153385,-0.0002,-0.1,-0.002,-0.05,-0.06,-0.2,0.041735,-0.000427,-0.000929,-0.032273,-0.068118,-0.271442,-0.017527,-0.002283,0.057697,-0.033342,-0.011436,-0.019075,-0.009051,0.054425,0.020449,-0.092142,-0.001344,-0.004411,0.333333,3.5,0.034362,0.143465,0.654995
5,-5.07976,111.120003,0.063103,0.065803,15.083334,0.041667,0.868856,3409.0,0.055111,0.192584,0.01009,0.043809,-0.012327,0.023233,20.952564,-0.0002,-0.1,-0.002,-0.05,-0.06,-0.2,0.049257,-0.000497,-0.001143,-0.033507,-0.078902,-0.308061,-0.020569,-0.002667,0.068638,-0.038289,-0.013457,-0.022271,-0.010387,0.059066,0.025435,-0.104803,-0.001853,-0.006245,0.541667,3.0,0.031958,0.148851,0.671261
6,-5.074817,125.940002,0.076422,0.078691,13.625,0.208333,0.843132,3126.0,0.064715,0.222055,0.01228,0.051682,-0.014646,0.02696,20.854431,-0.0002,-0.1,-0.002,-0.05,-0.06,-0.2,0.057704,-0.000574,-0.001273,-0.032331,-0.091712,-0.345507,-0.022973,-0.003119,0.082614,-0.043636,-0.014632,-0.025981,-0.012201,0.069688,0.029396,-0.117711,-0.00261,-0.009541,0.166667,3.25,0.03214,0.140668,0.640267
7,-4.614982,119.669998,0.078936,0.080008,14.916667,0.25,0.818271,3183.0,0.065626,0.232246,0.012543,0.053011,-0.015052,0.028822,20.660976,-0.0002,-0.1,-0.002,-0.05,-0.06,-0.2,0.060264,-0.000599,-0.001261,-0.033911,-0.093615,-0.347051,-0.02376,-0.003181,0.085506,-0.044936,-0.0154,-0.026709,-0.012645,0.077557,0.031337,-0.1186,-0.003229,-0.009229,0.666667,2.75,0.031874,0.160127,0.685653
8,-5.570817,158.509995,0.090161,0.098719,12.75,0.208333,0.793946,3390.0,0.079339,0.27748,0.015343,0.062749,-0.018209,0.03287,20.508703,-0.0002,-0.1,-0.002,-0.05,-0.06,-0.2,0.072238,-0.000706,-0.001379,-0.03306,-0.111576,-0.399924,-0.027876,-0.003854,0.104456,-0.052559,-0.017952,-0.031751,-0.0151,0.090784,0.0378,-0.137063,-0.004874,-0.015831,0.208333,2.75,0.031837,0.156129,0.654153
9,-4.963349,163.429993,0.096569,0.104068,12.75,0.125,0.771986,3368.0,0.082302,0.290782,0.016006,0.065859,-0.018553,0.035685,20.155937,-0.0002,-0.1,-0.002,-0.05,-0.06,-0.2,0.075657,-0.000734,-0.001464,-0.034395,-0.113946,-0.399333,-0.02862,-0.003936,0.108843,-0.053126,-0.017789,-0.032576,-0.015986,0.094922,0.040675,-0.137373,-0.006222,-0.017739,0.166667,2.208333,0.030454,0.143945,0.682912
10,-4.226102,153.600006,0.100278,0.104798,14.25,0.083333,0.752558,3376.0,0.087047,0.290789,0.016858,0.069509,-0.018899,0.036464,20.041416,-0.0002,-0.1,-0.002,-0.05,-0.06,-0.2,0.0767,-0.000739,-0.001656,-0.035433,-0.113945,-0.388397,-0.028982,-0.003988,0.110813,-0.054283,-0.018915,-0.032888,-0.015809,0.087729,0.042653,-0.133899,-0.006317,-0.019264,0.25,1.958333,0.029498,0.155328,0.696596
11,-4.362899,181.539993,0.114963,0.118265,15.125,0.291667,0.738162,3402.0,0.092478,0.330916,0.018565,0.070776,-0.020708,0.038488,20.048491,-0.0002,-0.1,-0.002,-0.05,-0.06,-0.2,0.085856,-0.000817,-0.00172,-0.034681,-0.123416,-0.417236,-0.031392,-0.004429,0.124441,-0.058366,-0.020661,-0.036004,-0.017112,0.109027,0.047373,-0.144226,-0.00795,-0.019509,0.333333,2.416667,0.032027,0.150829,0.683361
12,-3.323952,177.639999,0.108839,0.119145,15.75,0.083333,0.724932,3675.0,0.091701,0.324381,0.018603,0.070104,-0.020169,0.040369,19.884211,-0.0002,-0.1,-0.002,-0.05,-0.06,-0.2,0.086667,-0.000823,-0.001737,-0.036281,-0.121207,-0.401858,-0.030816,-0.004268,0.122978,-0.05818,-0.020365,-0.035179,-0.017199,0.117349,0.05046,-0.13917,-0.00721,-0.025946,0.25,1.625,0.032183,0.151423,0.694019
13,-3.40711,195.529999,0.115698,0.129846,18.041668,0.0,0.712095,4069.0,0.102143,0.348314,0.0198,0.077312,-0.021922,0.040879,19.958574,-0.0002,-0.1,-0.002,-0.05,-0.06,-0.2,0.093857,-0.000888,-0.001825,-0.035879,-0.136566,-0.418945,-0.03226,-0.004668,0.137548,-0.060125,-0.020905,-0.037211,-0.019719,0.117743,0.057236,-0.145424,-0.0076,-0.019681,0.208333,2.083333,0.033126,0.149212,0.701047
