iteration,reward,episode_length,height_reward,upright_reward,tipped_over,collapsed,exploration,steps_per_second,speed_error,turn_error,stepping,leg_swing,dragging,ground_covered,landing_force,Curriculum/ease_in_effort/weight,Curriculum/ease_in_landing/weight,Curriculum/ease_in_shake/weight,Curriculum/ease_in_smoothness/weight,Curriculum/ease_in_steadiness/weight,Curriculum/ease_in_straightness/weight,Episode_Reward/alive,Episode_Reward/effort,Episode_Reward/end_stops,Episode_Reward/even_stance,Episode_Reward/fell_over,Episode_Reward/hard_landing,Episode_Reward/jitter,Episode_Reward/joint_shock,Episode_Reward/landing_speed,Episode_Reward/posture,Episode_Reward/rocking,Episode_Reward/shaking,Episode_Reward/skidding,Episode_Reward/swing_height,Episode_Reward/track_speed,Episode_Reward/track_turn,Episode_Reward/twitching,Episode_Reward/veering,Episode_Reward/wandering,Episode_Termination/nose_dived,Episode_Termination/time_out,Metrics/posture/error_height,Metrics/posture/error_pitch,Metrics/posture/error_roll
0,-0.983951,17.76,0.008669,0.008805,1.409091,39.5,0.976833,44674.0,0.009144,0.020722,0.000808,0.005548,-0.001873,0.002232,11.382597,-0.0002,-0.1,-0.002,-0.05,-0.06,-0.2,0.005954,-6e-05,-4.5e-05,0.0,-0.011982,-0.006212,-0.042258,-0.002696,-0.000386,0.009068,-0.004957,-0.001261,-0.003399,-0.001696,0.010358,0.002938,-0.014491,-2.2e-05,-4.4e-05,39.272728,4.272727,0.049062,0.12827,0.26565
1,-2.145923,41.59,0.022227,0.018725,12.083334,0.0,0.949197,72627.0,0.024479,0.056283,0.003827,0.016448,-0.004548,0.006276,10.63764,-0.0002,-0.1,-0.002,-0.05,-0.06,-0.2,0.015987,-0.000164,-0.000259,0.0,-0.030347,-0.013914,-0.112995,-0.006875,-0.00083,0.022296,-0.012771,-0.003375,-0.006784,-0.003746,0.025625,0.00823,-0.038211,-0.000152,-0.000746,0.0,4.041667,0.032714,0.127451,0.650686
2,-2.749679,58.16,0.032814,0.030997,12.375,0.0,0.921352,75163.0,0.038497,0.091037,0.005516,0.02499,-0.006558,0.010713,10.658952,-0.0002,-0.1,-0.002,-0.05,-0.06,-0.2,0.025414,-0.000257,-0.000422,0.0,-0.03163,-0.021448,-0.17348,-0.010723,-0.001412,0.034807,-0.019269,-0.005245,-0.01128,-0.005814,0.039864,0.013958,-0.058581,-0.000452,-0.001865,0.0,3.375,0.034217,0.139426,0.661876
3,-2.922718,77.470001,0.04562,0.046569,9.458334,0.0,0.892504,72776.0,0.052093,0.128637,0.007407,0.036557,-0.009361,0.015133,10.609894,-0.0002,-0.1,-0.002,-0.05,-0.06,-0.2,0.035547,-0.000356,-0.000585,0.0,-0.02781,-0.032148,-0.233376,-0.014723,-0.002065,0.051739,-0.025326,-0.007162,-0.015722,-0.008704,0.053933,0.019237,-0.078853,-0.000653,-0.003228,0.0,4.291667,0.032811,0.133667,0.608048
4,-3.24611,95.300003,0.056574,0.060213,7.916667,0.0,0.863808,71606.0,0.062856,0.16252,0.008889,0.041822,-0.010794,0.017877,10.556934,-0.0002,-0.1,-0.002,-0.05,-0.06,-0.2,0.044636,-0.000442,-0.000751,0.0,-0.025357,-0.036828,-0.280514,-0.01838,-0.002601,0.062212,-0.031239,-0.008801,-0.019286,-0.009954,0.073682,0.023914,-0.094978,-0.001072,-0.005251,0.0,4.291667,0.032298,0.142685,0.575311
5,-3.293781,117.300003,0.072738,0.075253,6.333333,0.0,0.835196,71249.0,0.07603,0.198322,0.010728,0.051012,-0.013191,0.024463,10.497938,-0.0002,-0.1,-0.002,-0.05,-0.06,-0.2,0.055778,-0.000547,-0.000894,0.0,-0.027255,-0.045604,-0.333665,-0.022455,-0.003302,0.077808,-0.038265,-0.011135,-0.024879,-0.012358,0.100507,0.030681,-0.113256,-0.001901,-0.007833,0.0,3.166667,0.031507,0.139521,0.572869
6,-3.518363,129.350006,0.083478,0.086883,6.291667,0.0,0.81955,74052.0,0.091385,0.233814,0.012964,0.059946,-0.015389,0.025022,10.446309,-0.0002,-0.1,-0.002,-0.05,-0.06,-0.2,0.063847,-0.000619,-0.001002,0.0,-0.02716,-0.05307,-0.366725,-0.025549,-0.003742,0.090821,-0.042512,-0.012787,-0.02828,-0.014555,0.103128,0.034912,-0.125007,-0.002827,-0.008364,0.0,3.041667,0.029293,0.144065,0.594549
7,-3.18334,154.789993,0.096784,0.101684,6.625,0.0,0.794527,70928.0,0.101606,0.25954,0.013772,0.063905,-0.016326,0.02605,10.447432,-0.0002,-0.1,-0.002,-0.05,-0.06,-0.2,0.073027,-0.000698,-0.001148,0.0,-0.027556,-0.05571,-0.404499,-0.028505,-0.004254,0.099246,-0.048035,-0.014181,-0.031675,-0.015365,0.12405,0.042875,-0.138028,-0.002921,-0.012211,0.0,3.041667,0.028903,0.149237,0.570918
8,-3.465613,189.789993,0.115707,0.121864,4.958333,0.0,0.77135,74822.0,0.11987,0.313551,0.01663,0.080319,-0.020459,0.033742,10.393412,-0.0002,-0.1,-0.002,-0.05,-0.06,-0.2,0.087074,-0.000836,-0.001503,0.0,-0.02428,-0.072831,-0.461814,-0.033602,-0.005125,0.12492,-0.05525,-0.016734,-0.037372,-0.019976,0.141627,0.050972,-0.15799,-0.00468,-0.017301,0.0,3.333333,0.028634,0.144152,0.52955
9,-2.706745,191.339996,0.117605,0.130046,4.833333,0.0,0.753481,67120.0,0.114838,0.318752,0.016908,0.080628,-0.020543,0.037203,10.365106,-0.0002,-0.1,-0.002,-0.05,-0.06,-0.2,0.090927,-0.000861,-0.00163,0.0,-0.025634,-0.074694,-0.464582,-0.033704,-0.005328,0.130451,-0.056202,-0.017355,-0.038367,-0.020452,0.168045,0.056098,-0.159386,-0.005316,-0.020097,0.0,2.791667,0.030014,0.14149,0.551107
10,-2.829101,216.75,0.131208,0.145036,4.375,0.0,0.738742,66725.0,0.147811,0.360618,0.02035,0.097739,-0.024476,0.042235,10.352804,-0.0002,-0.1,-0.002,-0.05,-0.06,-0.2,0.10185,-0.000958,-0.001612,0.0,-0.022662,-0.088868,-0.504131,-0.038019,-0.005898,0.153772,-0.06339,-0.018995,-0.042633,-0.024456,0.15365,0.061118,-0.173287,-0.007724,-0.02608,0.0,3.25,0.030771,0.148546,0.494702
11,-2.482115,230.229996,0.139315,0.156154,3.916667,0.041667,0.723512,69788.0,0.152519,0.384226,0.019618,0.09236,-0.023476,0.039658,10.315438,-0.0002,-0.1,-0.002,-0.05,-0.06,-0.2,0.10953,-0.001015,-0.001686,0.0,-0.022799,-0.084781,-0.516876,-0.038411,-0.006194,0.155654,-0.063484,-0.020115,-0.044367,-0.023423,0.185753,0.070716,-0.178114,-0.006953,-0.023982,0.0,2.75,0.030527,0.140942,0.475015
12,-1.895216,261.640015,0.164282,0.1893,3.708333,0.0,0.712318,68914.0,0.179941,0.457785,0.024574,0.112124,-0.028555,0.04682,10.295742,-0.0002,-0.1,-0.002,-0.05,-0.06,-0.2,0.12884,-0.001191,-0.002043,0.0,-0.022512,-0.097983,-0.594971,-0.04603,-0.00714,0.184838,-0.076903,-0.024818,-0.05269,-0.02716,0.210094,0.081503,-0.20534,-0.012237,-0.036068,0.0,2.833333,0.029781,0.139881,0.470196
13,-1.597058,264.329987,0.168298,0.189855,3.333333,0.0,0.700709,64046.0,0.209799,0.449526,0.025773,0.114318,-0.028657,0.041079,10.299446,-0.0002,-0.1,-0.002,-0.05,-0.06,-0.2,0.129723,-0.001192,-0.00216,0.0,-0.021365,-0.102131,-0.58321,-0.045482,-0.007263,0.188613,-0.074354,-0.024542,-0.051097,-0.028504,0.18062,0.085195,-0.201659,-0.009351,-0.033659,0.0,3.25,0.030936,0.14495,0.461911
14,-0.845539,287.100006,0.172576,0.206451,3.083333,0.0,0.689891,67130.0,0.197625,0.472908,0.02312,0.114936,-0.028069,0.041877,10.273905,-0.0002,-0.1,-0.002,-0.05,-0.06,-0.2,0.140422,-0.001291,-0.002398,0.0,-0.018794,-0.107561,-0.610001,-0.047285,-0.007851,0.19611,-0.076455,-0.024848,-0.054679,-0.030057,0.241171,0.100416,-0.211434,-0.011974,-0.030346,0.0,3.416667,0.031797,0.144295,0.414298
15,0.038197,311.820007,0.193442,0.208601,3.375,0.0,0.679675,62544.0,0.198164,0.510592,0.027201,0.120909,-0.03065,0.051465,10.279007,-0.0002,-0.1,-0.002,-0.05,-0.06,-0.2,0.144715,-0.001307,-0.002284,0.0,-0.022617,-0.111246,-0.61197,-0.04827,-0.00795,0.207468,-0.08092,-0.025949,-0.055944,-0.031344,0.237022,0.095831,-0.212387,-0.014135,-0.036396,0.0,2.833333,0.029006,0.14959,0.44864
16,-0.15379,321.950012,0.196156,0.237071,2.875,0.0,0.671043,68051.0,0.237536,0.551053,0.036037,0.150658,-0.037688,0.063936,10.291948,-0.0002,-0.1,-0.002,-0.05,-0.06,-0.2,0.161686,-0.001454,-0.002641,0.0,-0.020839,-0.133648,-0.664019,-0.05344,-0.008821,0.249179,-0.087194,-0.028362,-0.061402,-0.037468,0.247925,0.111588,-0.23123,-0.015267,-0.059701,0.0,2.666667,0.031288,0.132781,0.418109
17,1.164885,333.649994,0.220116,0.248186,3.75,0.0,0.662074,69657.0,0.23174,0.59381,0.036502,0.153531,-0.038763,0.074755,10.288858,-0.0002,-0.1,-0.002,-0.05,-0.06,-0.2,0.170731,-0.001539,-0.002626,0.0,-0.0217,-0.137164,-0.678011,-0.057313,-0.009148,0.260435,-0.094835,-0.031103,-0.06478,-0.038854,0.302245,0.115269,-0.236707,-0.018821,-0.063888,0.0,3.291667,0.031531,0.15822,0.45442
18,2.222252,396.279999,0.246922,0.272183,1.869565,0.0,0.654512,73470.0,0.270099,0.639503,0.036342,0.167548,-0.04107,0.071446,10.300916,-0.0002,-0.1,-0.002,-0.05,-0.06,-0.2,0.187526,-0.001688,-0.003253,0.0,-0.018604,-0.155753,-0.740789,-0.060851,-0.01019,0.285485,-0.09725,-0.032186,-0.069466,-0.043962,0.285073,0.139602,-0.258398,-0.016913,-0.063816,0.0,3.086957,0.034066,0.155054,0.40136
19,3.102371,367.859985,0.227457,0.262596,2.25,0.0,0.645424,72905.0,0.237398,0.611742,0.034644,0.158662,-0.039111,0.078302,10.279514,-0.0002,-0.1,-0.002,-0.05,-0.06,-0.2,0.180541,-0.001623,-0.002865,0.0,-0.019433,-0.143853,-0.695183,-0.057761,-0.009585,0.27124,-0.094775,-0.031533,-0.067435,-0.041387,0.31495,0.133111,-0.242875,-0.017996,-0.065814,0.0,2.666667,0.029922,0.149731,0.422779
20,2.760307,389.480011,0.241676,0.288227,2.416667,0.0,0.639117,70757.0,0.278618,0.658109,0.03482,0.163834,-0.039853,0.069462,10.263081,-0.0002,-0.1,-0.002,-0.05,-0.06,-0.2,0.195878,-0.001759,-0.003082,0.0,-0.018242,-0.154191,-0.738296,-0.06061,-0.010448,0.286668,-0.099592,-0.033148,-0.071892,-0.044231,0.319461,0.146717,-0.258533,-0.015086,-0.071995,0.0,3.041667,0.034397,0.138352,0.404925
21,3.813182,424.459991,0.287888,0.324392,1.708333,0.0,0.631463,69947.0,0.282773,0.705012,0.038752,0.165884,-0.040966,0.068298,10.245663,-0.0002,-0.1,-0.002,-0.05,-0.06,-0.2,0.21329,-0.001893,-0.003657,0.0,-0.015508,-0.153158,-0.787007,-0.066787,-0.011537,0.300851,-0.106368,-0.037123,-0.079689,-0.04386,0.374127,0.163627,-0.2755,-0.030113,-0.084376,0.0,2.333333,0.029616,0.167319,0.348271
22,5.206957,459.769989,0.305433,0.345855,1.666667,0.0,0.624342,63585.0,0.28999,0.754004,0.040758,0.194258,-0.04651,0.096824,10.245631,-0.0002,-0.1,-0.002,-0.05,-0.06,-0.2,0.236241,-0.002107,-0.00401,0.0,-0.015386,-0.183449,-0.862495,-0.070381,-0.012249,0.342369,-0.114612,-0.03964,-0.084052,-0.052307,0.453064,0.198251,-0.302583,-0.035066,-0.119471,0.0,2.5,0.032091,0.132066,0.371554
23,6.899263,494.049988,0.323754,0.35773,1.869565,0.0,0.61955,74076.0,0.313292,0.773316,0.045815,0.195997,-0.048139,0.095209,10.230898,-0.0002,-0.1,-0.002,-0.05,-0.06,-0.2,0.237635,-0.002067,-0.003912,0.0,-0.013797,-0.179576,-0.842844,-0.071397,-0.012495,0.353324,-0.114508,-0.039705,-0.083729,-0.050971,0.42506,0.191712,-0.296217,-0.027672,-0.093492,0.0,3.521739,0.028584,0.143129,0.339532
24,7.256963,527.659973,0.344017,0.38776,0.913043,0.0,0.611159,72672.0,0.343025,0.845275,0.049554,0.214961,-0.051732,0.10374,10.226124,-0.0002,-0.1,-0.002,-0.05,-0.06,-0.2,0.260825,-0.002276,-0.004608,0.0,-0.008845,-0.191364,-0.906815,-0.077404,-0.013605,0.382577,-0.124646,-0.042801,-0.091466,-0.055442,0.46012,0.211058,-0.319333,-0.033105,-0.116196,0.0,3.347826,0.027511,0.14575,0.269122
25,8.614792,525.460022,0.349315,0.38157,1.272727,0.0,0.604914,74670.0,0.324813,0.855131,0.054445,0.216533,-0.054474,0.10776,10.241313,-0.0002,-0.1,-0.002,-0.05,-0.06,-0.2,0.254726,-0.002201,-0.004656,0.0,-0.012645,-0.190801,-0.862877,-0.076799,-0.013207,0.387604,-0.121588,-0.042651,-0.090809,-0.055415,0.461935,0.201186,-0.304586,-0.027905,-0.112366,0.0,2.681818,0.028352,0.14612,0.288454
26,9.869724,550.130005,0.36753,0.429012,0.791667,0.0,0.59881,68275.0,0.354218,0.908653,0.050577,0.235784,-0.05592,0.114138,10.219589,-0.0002,-0.1,-0.002,-0.05,-0.06,-0.2,0.284818,-0.002529,-0.005295,0.0,-0.008611,-0.224769,-0.961142,-0.083203,-0.014767,0.424362,-0.129597,-0.046657,-0.098597,-0.064407,0.522119,0.252682,-0.339543,-0.020904,-0.122549,0.0,2.625,0.02957,0.150773,0.256958
27,11.691279,609.840027,0.425683,0.482359,0.391304,0.0,0.593421,67125.0,0.434519,1.001788,0.064163,0.271447,-0.065076,0.126362,10.208722,-0.0002,-0.1,-0.002,-0.05,-0.06,-0.2,0.315271,-0.002741,-0.005816,0.0,-0.004277,-0.252704,-1.058159,-0.092109,-0.016192,0.48534,-0.144333,-0.051246,-0.109575,-0.073428,0.534281,0.283259,-0.372886,-0.025477,-0.134013,0.0,2.869565,0.027956,0.130762,0.175073
28,11.837164,606.469971,0.385244,0.471948,0.695652,0.0,0.587554,64397.0,0.399453,0.967544,0.057206,0.256575,-0.058115,0.116606,10.220247,-0.0002,-0.1,-0.002,-0.05,-0.06,-0.2,0.308169,-0.002789,-0.006178,0.0,-0.00811,-0.240614,-1.013503,-0.088768,-0.015735,0.458843,-0.13687,-0.046398,-0.099207,-0.07021,0.538347,0.27703,-0.358677,-0.040483,-0.123516,0.0,2.608696,0.030377,0.151022,0.227923
29,14.037965,683.570007,0.472487,0.529216,0.565217,0.0,0.581801,65196.0,0.444209,1.09118,0.069511,0.291353,-0.067582,0.146418,10.198797,-0.0002,-0.1,-0.002,-0.05,-0.06,-0.2,0.344566,-0.002994,-0.006056,0.0,-0.004523,-0.26968,-1.123565,-0.095478,-0.017513,0.524296,-0.15249,-0.054018,-0.111646,-0.076888,0.620111,0.307739,-0.397587,-0.032976,-0.136536,0.0,3.478261,0.026393,0.143262,0.169978
30,12.336473,683.23999,0.455573,0.522432,0.608696,0.0,0.576169,75099.0,0.472082,1.087377,0.073653,0.300123,-0.07287,0.141014,10.206111,-0.0002,-0.1,-0.002,-0.05,-0.06,-0.2,0.343073,-0.002938,-0.006043,0.0,-0.006203,-0.266087,-1.096726,-0.09689,-0.017254,0.536329,-0.153717,-0.057274,-0.11577,-0.07649,0.554646,0.301447,-0.388725,-0.057084,-0.247675,0.0,2.826087,0.025159,0.132682,0.197758
31,15.387008,679.940002,0.468663,0.525131,0.625,0.0,0.570649,71743.0,0.414936,1.069384,0.064902,0.263214,-0.062766,0.126599,10.234417,-0.0002,-0.1,-0.002,-0.05,-0.06,-0.2,0.340069,-0.00292,-0.006702,0.0,-0.006597,-0.239083,-1.068997,-0.094388,-0.017273,0.49075,-0.149527,-0.05484,-0.111012,-0.069349,0.661228,0.307623,-0.379395,-0.030279,-0.128551,0.0,2.625,0.027903,0.164008,0.217077
32,14.778635,685.47998,0.448747,0.545018,0.565217,0.0,0.565137,71571.0,0.471414,1.131809,0.061598,0.284073,-0.065948,0.127324,10.215179,-0.0002,-0.1,-0.002,-0.05,-0.06,-0.2,0.35569,-0.003144,-0.007138,0.0,-0.006219,-0.264494,-1.098264,-0.099967,-0.017921,0.519206,-0.153263,-0.056481,-0.117226,-0.077367,0.609748,0.329703,-0.390266,-0.034439,-0.16331,0.0,2.782609,0.029225,0.144011,0.207337
33,19.054699,756.330017,0.510403,0.591297,0.347826,0.0,0.558536,68825.0,0.481107,1.152823,0.072326,0.315665,-0.072347,0.162777,10.203691,-0.0002,-0.1,-0.002,-0.05,-0.06,-0.2,0.385865,-0.003316,-0.00684,0.0,-0.003014,-0.300035,-1.186517,-0.102215,-0.019211,0.587214,-0.158241,-0.05936,-0.120567,-0.087287,0.717496,0.377968,-0.421053,-0.03617,-0.173803,0.0,2.695652,0.029141,0.137831,0.173402
34,18.995838,761.25,0.518379,0.57935,0.590909,0.0,0.552173,66115.0,0.470581,1.183031,0.085972,0.312481,-0.076742,0.164449,10.186342,-0.0002,-0.1,-0.002,-0.05,-0.06,-0.2,0.378761,-0.003135,-0.006772,0.0,-0.006394,-0.274403,-1.143191,-0.105218,-0.018834,0.579056,-0.16519,-0.063121,-0.124593,-0.078491,0.692786,0.35123,-0.406614,-0.040444,-0.200306,0.0,3.181818,0.026878,0.151461,0.216291
35,18.944067,754.76001,0.488392,0.570453,0.5,0.0,0.545753,72429.0,0.494631,1.131119,0.077363,0.298753,-0.068456,0.136349,10.170754,-0.0002,-0.1,-0.002,-0.05,-0.06,-0.2,0.375007,-0.003226,-0.007209,0.0,-0.00703,-0.261804,-1.112098,-0.101066,-0.018175,0.551207,-0.155041,-0.056926,-0.113141,-0.076672,0.646399,0.384087,-0.396042,-0.044617,-0.156526,0.0,2.181818,0.02973,0.131685,0.238103
36,21.598021,822.469971,0.567597,0.65114,0.208333,0.0,0.539913,75079.0,0.523896,1.307473,0.087708,0.329041,-0.07757,0.161204,10.190347,-0.0002,-0.1,-0.002,-0.05,-0.06,-0.2,0.424077,-0.00363,-0.009145,0.0,-0.002889,-0.286006,-1.257311,-0.11891,-0.020897,0.615472,-0.184302,-0.070238,-0.138754,-0.082891,0.799742,0.404669,-0.447751,-0.031538,-0.151332,0.0,2.791667,0.029072,0.162154,0.138348
37,22.947256,837.140015,0.550084,0.622709,0.454545,0.0,0.533892,80360.0,0.487085,1.244068,0.088067,0.334377,-0.081373,0.196976,10.189707,-0.0002,-0.1,-0.002,-0.05,-0.06,-0.2,0.400867,-0.003306,-0.007262,0.0,-0.008333,-0.296389,-1.149944,-0.108522,-0.019842,0.617578,-0.171308,-0.068089,-0.128179,-0.084914,0.793319,0.384746,-0.41039,-0.036129,-0.221513,0.0,2.409091,0.025829,0.13807,0.235644
38,23.508701,850.789978,0.609271,0.691456,0.5,0.0,0.528135,79996.0,0.612824,1.390352,0.095344,0.372622,-0.087877,0.161597,10.192343,-0.0002,-0.1,-0.002,-0.05,-0.06,-0.2,0.445736,-0.003818,-0.009503,0.0,-0.003489,-0.324248,-1.279068,-0.125078,-0.021906,0.67586,-0.187022,-0.073056,-0.143707,-0.09359,0.736326,0.43454,-0.456912,-0.053737,-0.251489,0.0,2.863636,0.02577,0.125771,0.150001
39,27.168018,901.119995,0.598423,0.690324,0.272727,0.0,0.522737,81919.0,0.555504,1.358609,0.093296,0.347889,-0.081124,0.177071,10.158646,-0.0002,-0.1,-0.002,-0.05,-0.06,-0.2,0.443028,-0.003716,-0.009312,0.0,-0.006364,-0.304453,-1.23005,-0.115558,-0.020968,0.652707,-0.178078,-0.069924,-0.132392,-0.089103,0.811638,0.459465,-0.440577,-0.026107,-0.115354,0.0,2.636364,0.027055,0.144492,0.19692
40,28.158079,929.01001,0.593745,0.700667,0.26087,0.0,0.517204,76398.0,0.539806,1.353337,0.087951,0.361392,-0.082697,0.191135,10.195194,-0.0002,-0.1,-0.002,-0.05,-0.06,-0.2,0.461009,-0.003955,-0.010387,0.0,-0.002988,-0.325609,-1.291101,-0.121601,-0.022346,0.674958,-0.180081,-0.070677,-0.140684,-0.095642,0.906212,0.494799,-0.462001,-0.042702,-0.206906,0.0,3.26087,0.026274,0.148167,0.15229
41,29.282133,1000.0,0.630243,0.693803,0.166667,0.0,0.510524,77861.0,0.61131,1.384401,0.104615,0.387172,-0.091164,0.192636,10.206944,-0.0002,-0.1,-0.002,-0.05,-0.06,-0.2,0.461246,-0.003827,-0.010389,0.0,-0.003333,-0.328589,-1.280339,-0.122475,-0.021886,0.707024,-0.190026,-0.074144,-0.141475,-0.095875,0.82007,0.473906,-0.458699,-0.046138,-0.269847,0.0,21.375,0.026751,0.145874,0.172523
42,32.014542,979.159973,0.636352,0.733326,0.2,0.0,0.505468,84890.0,0.577785,1.414334,0.096916,0.367533,-0.084199,0.189832,10.170024,-0.0002,-0.1,-0.002,-0.05,-0.06,-0.2,0.486738,-0.004148,-0.010285,0.0,-0.001468,-0.329085,-1.284425,-0.122618,-0.022683,0.71,-0.185761,-0.074294,-0.139047,-0.096795,0.959039,0.546575,-0.462216,-0.037293,-0.224393,0.0,5.85,0.028585,0.174225,0.134951
43,32.900425,978.390015,0.653761,0.750773,0.583333,0.0,0.499611,75823.0,0.608181,1.422421,0.104136,0.386269,-0.089734,0.193517,10.152884,-0.0002,-0.1,-0.002,-0.05,-0.06,-0.2,0.487362,-0.004066,-0.010774,0.0,-0.002148,-0.337974,-1.22636,-0.123653,-0.022695,0.7314,-0.185057,-0.07624,-0.143573,-0.099723,0.908148,0.542246,-0.443344,-0.047545,-0.229543,0.0,9.708334,0.028173,0.165131,0.145471
44,37.325588,1000.0,0.666577,0.779029,0.041667,0.0,0.493733,77995.0,0.609764,1.446684,0.106152,0.386053,-0.090492,0.196136,10.196383,-0.0002,-0.1,-0.002,-0.05,-0.06,-0.2,0.495915,-0.004068,-0.011089,0.0,-0.000333,-0.334033,-1.198587,-0.123863,-0.022845,0.742038,-0.187485,-0.078469,-0.14485,-0.099313,0.912455,0.555537,-0.435264,-0.035635,-0.245034,0.041667,9.708334,0.027533,0.14989,0.111006
45,41.328541,1000.0,0.682306,0.784686,0.0,0.0,0.488328,77312.0,0.593588,1.426584,0.112101,0.398124,-0.091064,0.220865,10.171788,-0.0002,-0.1,-0.002,-0.05,-0.06,-0.2,0.500007,-0.00407,-0.010806,0.0,0.0,-0.345662,-1.155484,-0.121022,-0.022896,0.763799,-0.180604,-0.077763,-0.139916,-0.10268,0.992185,0.58981,-0.421391,-0.032461,-0.209052,0.0,7.458333,0.027481,0.138367,0.10379
46,41.880367,991.22998,0.692635,0.786099,0.125,0.0,0.482599,76269.0,0.610427,1.398504,0.10974,0.389834,-0.089121,0.201615,10.169715,-0.0002,-0.1,-0.002,-0.05,-0.06,-0.2,0.496769,-0.004073,-0.011598,0.0,-0.000685,-0.33458,-1.095257,-0.12072,-0.022533,0.743864,-0.176235,-0.076722,-0.13945,-0.099086,0.932389,0.595715,-0.401664,-0.038664,-0.217648,0.0,7.5,0.025621,0.145999,0.112798
47,42.588917,971.450012,0.675636,0.77223,0.125,0.0,0.476561,75425.0,0.610884,1.361109,0.105929,0.378611,-0.08649,0.196122,10.182789,-0.0002,-0.1,-0.002,-0.05,-0.06,-0.2,0.490188,-0.004003,-0.011592,0.0,-0.000821,-0.32791,-1.042164,-0.115084,-0.021839,0.734051,-0.169119,-0.074859,-0.134453,-0.098238,0.914728,0.602065,-0.383505,-0.026228,-0.207468,0.0,6.083333,0.025235,0.152088,0.110214
48,47.235134,994.559998,0.676377,0.769193,0.173913,0.0,0.470801,71952.0,0.601436,1.370551,0.120186,0.397195,-0.092605,0.218718,10.234427,-0.0002,-0.1,-0.002,-0.05,-0.06,-0.2,0.49676,-0.003953,-0.010768,0.0,-0.00087,-0.326995,-1.014972,-0.115251,-0.021508,0.767483,-0.167568,-0.079747,-0.132436,-0.098301,0.939658,0.62462,-0.374586,-0.032319,-0.217929,0.0,6.782609,0.025318,0.166666,0.110168
49,47.767803,997.340027,0.678878,0.764931,0.25,0.0,0.466181,74520.0,0.605396,1.338831,0.115719,0.376096,-0.084391,0.197189,10.198503,-0.0002,-0.1,-0.002,-0.05,-0.06,-0.2,0.492156,-0.003927,-0.011179,0.0,-0.001428,-0.314788,-0.969004,-0.111841,-0.021301,0.738036,-0.160196,-0.073007,-0.124951,-0.094324,0.929453,0.642191,-0.359341,-0.024944,-0.182695,0.041667,6.583333,0.026209,0.157493,0.129168
50,50.919376,992.919983,0.664347,0.781644,0.083333,0.0,0.460971,71176.0,0.586061,1.365004,0.118617,0.390938,-0.089915,0.221207,10.207205,-0.0002,-0.1,-0.002,-0.05,-0.06,-0.2,0.494269,-0.003939,-0.011249,0.0,-0.000667,-0.330794,-0.951418,-0.113189,-0.021311,0.762688,-0.162992,-0.076048,-0.126846,-0.098949,0.967153,0.634975,-0.35324,-0.037986,-0.159932,0.041667,5.833333,0.028814,0.155657,0.12179
51,50.941299,972.690002,0.659068,0.764869,0.208333,0.0,0.455678,74871.0,0.58533,1.282975,0.109437,0.373671,-0.081681,0.203185,10.199261,-0.0002,-0.1,-0.002,-0.05,-0.06,-0.2,0.486073,-0.003954,-0.012428,0.0,-0.001265,-0.314008,-0.903857,-0.109827,-0.020956,0.732744,-0.149582,-0.071157,-0.123313,-0.096285,0.919823,0.669133,-0.336648,-0.023938,-0.177906,0.0,5.75,0.028703,0.147146,0.12623
52,50.827984,977.109985,0.682138,0.765225,0.208333,0.0,0.45079,68330.0,0.611075,1.301521,0.117599,0.386033,-0.085802,0.198737,10.161526,-0.0002,-0.1,-0.002,-0.05,-0.06,-0.2,0.488353,-0.003901,-0.012604,0.0,-0.001669,-0.32272,-0.878239,-0.108852,-0.020847,0.749278,-0.151705,-0.072623,-0.123492,-0.09821,0.874373,0.668786,-0.328562,-0.015539,-0.166723,0.041667,4.5,0.028353,0.16127,0.12383
53,53.862076,965.580017,0.712781,0.783577,0.25,0.0,0.44604,70723.0,0.593914,1.284693,0.125154,0.391915,-0.089503,0.224438,10.178417,-0.0002,-0.1,-0.002,-0.05,-0.06,-0.2,0.49005,-0.003754,-0.012744,0.0,-0.001335,-0.315226,-0.856963,-0.106585,-0.020738,0.759294,-0.148154,-0.078105,-0.123415,-0.093906,0.921458,0.689599,-0.321679,-0.021032,-0.199417,0.0,5.416667,0.027613,0.154783,0.12833
54,55.928337,975.77002,0.678026,0.740532,0.375,0.0,0.440863,77079.0,0.549386,1.206098,0.116976,0.362986,-0.079386,0.211295,10.200611,-0.0002,-0.1,-0.002,-0.05,-0.06,-0.2,0.471415,-0.0037,-0.013505,0.0,-0.00331,-0.289075,-0.800132,-0.099874,-0.019095,0.713957,-0.13892,-0.070024,-0.109917,-0.088053,0.942409,0.687071,-0.300849,-0.018191,-0.13972,0.083333,5.25,0.028065,0.17955,0.139233
55,55.897045,992.26001,0.712641,0.782088,0.125,0.0,0.436527,72028.0,0.605389,1.261521,0.126044,0.392495,-0.088415,0.220747,10.156474,-0.0002,-0.1,-0.002,-0.05,-0.06,-0.2,0.494044,-0.003841,-0.012846,0.0,-0.000685,-0.312203,-0.823707,-0.106031,-0.020455,0.763426,-0.147226,-0.073638,-0.117765,-0.095458,0.931296,0.719244,-0.310831,-0.016098,-0.225818,0.0,5.375,0.02406,0.14561,0.113642
56,58.386292,978.289978,0.691837,0.781419,0.125,0.0,0.431966,76863.0,0.542633,1.213075,0.123403,0.382778,-0.084149,0.238801,10.131483,-0.0002,-0.1,-0.002,-0.05,-0.06,-0.2,0.49226,-0.003793,-0.013547,0.0,-0.000849,-0.316505,-0.800328,-0.10146,-0.020177,0.75724,-0.13683,-0.071799,-0.112479,-0.095607,1.04698,0.774318,-0.301924,-0.016021,-0.222674,0.0,5.083333,0.028785,0.174593,0.121159
57,59.835041,958.02002,0.681178,0.76605,0.416667,0.0,0.427141,73196.0,0.53868,1.156844,0.118002,0.368376,-0.079291,0.216857,10.154911,-0.0002,-0.1,-0.002,-0.05,-0.06,-0.2,0.475503,-0.003697,-0.013301,0.0,-0.003188,-0.297012,-0.746389,-0.097941,-0.019163,0.722799,-0.129026,-0.068688,-0.108081,-0.090516,0.971248,0.759727,-0.283241,-0.014594,-0.206021,0.0,5.041667,0.027084,0.166858,0.144601
58,62.85215,978.169983,0.707319,0.76843,0.208333,0.0,0.423763,71349.0,0.5597,1.167104,0.122835,0.369991,-0.07938,0.224447,10.187228,-0.0002,-0.1,-0.002,-0.05,-0.06,-0.2,0.485774,-0.003701,-0.013365,0.0,-0.001917,-0.290905,-0.74439,-0.095265,-0.019291,0.738741,-0.128677,-0.07025,-0.107007,-0.089562,0.990911,0.79478,-0.282955,-0.010675,-0.129392,0.041667,5.083333,0.024997,0.136491,0.130585
59,63.9967,986.030029,0.696707,0.77288,0.25,0.0,0.419686,65779.0,0.582059,1.171118,0.132352,0.397188,-0.085486,0.240724,10.147018,-0.0002,-0.1,-0.002,-0.05,-0.06,-0.2,0.48376,-0.003708,-0.013886,0.0,-0.001821,-0.309662,-0.73036,-0.095561,-0.018746,0.769562,-0.128294,-0.069848,-0.102956,-0.096283,0.928311,0.790649,-0.277764,-0.010628,-0.128546,0.083333,5.5,0.022688,0.168707,0.130518
60,62.951527,956.450012,0.674714,0.727065,0.217391,0.0,0.415244,78287.0,0.533634,1.118789,0.12815,0.353302,-0.076464,0.22051,10.138949,-0.0002,-0.1,-0.002,-0.05,-0.06,-0.2,0.462779,-0.003434,-0.011289,0.0,-0.004841,-0.255616,-0.675876,-0.089979,-0.017732,0.702703,-0.120228,-0.067863,-0.095251,-0.079092,0.935309,0.760995,-0.258271,-0.011204,-0.096241,0.130435,3.565217,0.026739,0.17388,0.175146
61,62.903481,952.039978,0.674821,0.776221,0.208333,0.0,0.410758,71773.0,0.559623,1.109534,0.127585,0.374241,-0.079918,0.221612,10.136377,-0.0002,-0.1,-0.002,-0.05,-0.06,-0.2,0.477085,-0.003566,-0.012841,0.0,-0.002462,-0.281426,-0.689248,-0.092524,-0.018587,0.734375,-0.122364,-0.068417,-0.1032,-0.086993,0.91416,0.812468,-0.263343,-0.008969,-0.140188,0.125,4.458333,0.026847,0.16857,0.129802
62,65.56395,965.580017,0.68756,0.767962,0.125,0.0,0.40593,77640.0,0.555165,1.117567,0.130566,0.371936,-0.078985,0.233193,10.10411,-0.0002,-0.1,-0.002,-0.05,-0.06,-0.2,0.482243,-0.003582,-0.014408,0.0,-0.002139,-0.28074,-0.679625,-0.091368,-0.018577,0.745312,-0.119536,-0.070894,-0.099193,-0.086182,0.971714,0.850409,-0.260318,-0.009498,-0.156256,0.083333,4.125,0.027653,0.19291,0.121102
63,64.962608,932.039978,0.667854,0.739042,0.25,0.0,0.401787,76664.0,0.549586,1.09091,0.133689,0.371837,-0.077155,0.230114,10.118668,-0.0002,-0.1,-0.002,-0.05,-0.06,-0.2,0.47381,-0.003509,-0.013879,0.0,-0.003176,-0.269646,-0.652901,-0.086102,-0.017394,0.733708,-0.110271,-0.066508,-0.089943,-0.085108,0.938303,0.871815,-0.250349,-0.007594,-0.1161,0.25,3.458333,0.029479,0.196189,0.153568
64,67.266006,979.559998,0.687494,0.762696,0.086957,0.0,0.397224,77142.0,0.551438,1.111368,0.134487,0.389437,-0.080858,0.252854,10.114958,-0.0002,-0.1,-0.002,-0.05,-0.06,-0.2,0.488586,-0.003695,-0.015784,0.0,-0.001362,-0.29255,-0.659025,-0.091232,-0.018368,0.759598,-0.116093,-0.069671,-0.097169,-0.089963,1.00189,0.903286,-0.253817,-0.008234,-0.187541,0.043478,3.782609,0.025201,0.15473,0.135088
65,72.028564,987.75,0.701213,0.779922,0.173913,0.0,0.393443,81132.0,0.543078,1.091106,0.13099,0.378991,-0.078087,0.2514,10.108969,-0.0002,-0.1,-0.002,-0.05,-0.06,-0.2,0.483198,-0.003539,-0.014919,0.0,-0.002609,-0.275712,-0.641086,-0.089037,-0.018508,0.742349,-0.115363,-0.070573,-0.097942,-0.08531,1.011502,0.87801,-0.247338,-0.009208,-0.125445,0.043478,4.347826,0.025768,0.182924,0.128595
66,69.412994,965.059998,0.686886,0.745275,0.125,0.0,0.389904,78953.0,0.546208,1.037685,0.13332,0.363547,-0.075539,0.225098,10.121953,-0.0002,-0.1,-0.002,-0.05,-0.06,-0.2,0.468487,-0.003396,-0.013969,0.0,-0.003111,-0.255881,-0.610899,-0.086405,-0.017261,0.718249,-0.107605,-0.067964,-0.088241,-0.079422,0.92027,0.896917,-0.235282,-0.006222,-0.136913,0.083333,3.833333,0.022827,0.172324,0.16768
67,68.799843,949.409973,0.680782,0.749661,0.181818,0.0,0.38602,78354.0,0.545002,1.009848,0.124828,0.352427,-0.071793,0.210408,10.074488,-0.0002,-0.1,-0.002,-0.05,-0.06,-0.2,0.477128,-0.003601,-0.01616,0.0,-0.003152,-0.262417,-0.60462,-0.084039,-0.017158,0.716453,-0.102735,-0.063101,-0.088003,-0.081878,0.957326,0.977032,-0.23369,-0.006047,-0.132017,0.181818,3.363636,0.030594,0.199912,0.158945
68,73.425873,980.369995,0.714508,0.788445,0.125,0.0,0.382387,77435.0,0.563121,1.048608,0.137197,0.375686,-0.076643,0.24128,10.140894,-0.0002,-0.1,-0.002,-0.05,-0.06,-0.2,0.489622,-0.003534,-0.015573,0.0,-0.001167,-0.262214,-0.611147,-0.08451,-0.01768,0.748072,-0.107917,-0.070364,-0.08911,-0.081158,1.011632,0.97599,-0.236587,-0.007009,-0.110652,0.0,3.416667,0.025915,0.165602,0.114093
69,72.57708,966.5,0.70546,0.755363,0.136364,0.0,0.378788,80078.0,0.562239,1.026001,0.129507,0.366558,-0.072912,0.22786,10.067701,-0.0002,-0.1,-0.002,-0.05,-0.06,-0.2,0.477754,-0.003503,-0.016028,0.0,-0.002532,-0.260685,-0.58107,-0.084135,-0.017385,0.726679,-0.101058,-0.067201,-0.087351,-0.080316,0.921644,0.977558,-0.225911,-0.004857,-0.076596,0.045455,3.227273,0.023418,0.195842,0.139615
70,75.70929,989.47998,0.674202,0.77141,0.130435,0.0,0.375768,78057.0,0.521725,1.007002,0.138742,0.368581,-0.074511,0.245716,10.106239,-0.0002,-0.1,-0.002,-0.05,-0.06,-0.2,0.486985,-0.003585,-0.016916,0.0,-0.003623,-0.249047,-0.583367,-0.083458,-0.016849,0.735104,-0.103665,-0.066651,-0.083656,-0.078436,1.065707,1.013669,-0.226638,-0.004619,-0.161576,0.043478,2.73913,0.027797,0.182205,0.14962
71,78.84478,994.23999,0.716528,0.785486,0.086957,0.0,0.372549,76459.0,0.547635,1.005995,0.142013,0.3752,-0.075669,0.247868,10.095519,-0.0002,-0.1,-0.002,-0.05,-0.06,-0.2,0.497079,-0.003622,-0.017641,0.0,-0.001217,-0.25391,-0.584427,-0.087758,-0.017556,0.742357,-0.102123,-0.069717,-0.086648,-0.078974,1.071298,1.086477,-0.227913,-0.004572,-0.096632,0.086957,3.73913,0.02583,0.176462,0.117704
72,78.307701,979.890015,0.708364,0.745123,0.041667,0.0,0.369027,77383.0,0.510731,0.965204,0.146843,0.383841,-0.077089,0.274698,10.076227,-0.0002,-0.1,-0.002,-0.05,-0.06,-0.2,0.478561,-0.003453,-0.016536,0.0,-0.003111,-0.252795,-0.551801,-0.081134,-0.016287,0.747126,-0.095908,-0.066841,-0.080598,-0.079411,1.043312,1.055079,-0.214941,-0.006504,-0.124894,0.125,2.958333,0.025619,0.176142,0.141436
73,74.785233,951.099976,0.664105,0.751321,0.130435,0.0,0.36641,80336.0,0.580631,0.954037,0.131199,0.369961,-0.06979,0.234857,10.088249,-0.0002,-0.1,-0.002,-0.05,-0.06,-0.2,0.476435,-0.003575,-0.016135,0.0,-0.002493,-0.258531,-0.534085,-0.076523,-0.016586,0.727637,-0.091389,-0.061903,-0.079173,-0.080122,0.933423,1.085899,-0.209373,-0.003927,-0.138581,0.130435,3.043478,0.028057,0.181553,0.131112
74,77.742867,967.840027,0.705437,0.772542,0.0,0.0,0.363821,78524.0,0.547786,0.982103,0.150977,0.405579,-0.079451,0.275114,10.098488,-0.0002,-0.1,-0.002,-0.05,-0.06,-0.2,0.493636,-0.003655,-0.017753,0.0,-0.001167,-0.272476,-0.548386,-0.082562,-0.016745,0.785647,-0.093738,-0.067585,-0.081922,-0.085323,1.018243,1.127211,-0.214559,-0.004913,-0.145262,0.083333,3.166667,0.026155,0.180437,0.128742
75,81.069542,974.130005,0.747861,0.795052,0.090909,0.0,0.360548,81515.0,0.536465,0.968389,0.141602,0.368524,-0.073261,0.250941,10.05772,-0.0002,-0.1,-0.002,-0.05,-0.06,-0.2,0.492673,-0.003449,-0.016716,0.0,-0.001429,-0.233958,-0.535568,-0.079181,-0.016316,0.734016,-0.094908,-0.070609,-0.077873,-0.073755,1.059112,1.135156,-0.210339,-0.004451,-0.109724,0.090909,3.181818,0.023158,0.171767,0.14077
76,81.368805,960.700012,0.730838,0.72969,0.181818,0.0,0.358177,81785.0,0.540561,0.919283,0.146439,0.37129,-0.074829,0.248518,10.041181,-0.0002,-0.1,-0.002,-0.05,-0.06,-0.2,0.47858,-0.003319,-0.016663,0.0,-0.002474,-0.238607,-0.511877,-0.077207,-0.016066,0.73454,-0.089035,-0.064574,-0.074288,-0.07619,0.987671,1.150692,-0.201546,-0.004644,-0.099893,0.136364,3.045455,0.02135,0.199568,0.125796
77,80.752838,970.679993,0.709222,0.775486,0.136364,0.0,0.355558,78719.0,0.552312,0.9511,0.138641,0.373975,-0.074547,0.244496,10.068431,-0.0002,-0.1,-0.002,-0.05,-0.06,-0.2,0.482325,-0.003519,-0.018841,0.0,-0.00303,-0.250209,-0.503682,-0.079072,-0.0166,0.732115,-0.090266,-0.065326,-0.081571,-0.078163,0.965802,1.137292,-0.198757,-0.003398,-0.122656,0.181818,2.818182,0.023422,0.191862,0.12219
78,82.021912,968.960022,0.726857,0.744018,0.041667,0.0,0.352881,78659.0,0.525157,0.923071,0.152985,0.37962,-0.07635,0.271536,10.046952,-0.0002,-0.1,-0.002,-0.05,-0.06,-0.2,0.486624,-0.003371,-0.01729,0.0,-0.001627,-0.230949,-0.500823,-0.078702,-0.016079,0.739463,-0.091748,-0.070997,-0.075463,-0.073436,1.066057,1.154987,-0.198275,-0.003491,-0.086402,0.083333,2.541667,0.024615,0.16634,0.120794
79,84.647072,966.460022,0.680686,0.746979,0.047619,0.0,0.350217,83115.0,0.529649,0.881204,0.156383,0.39707,-0.074776,0.283097,10.055248,-0.0002,-0.1,-0.002,-0.05,-0.06,-0.2,0.475564,-0.003359,-0.016575,0.0,-0.003333,-0.248454,-0.479536,-0.072964,-0.015374,0.764631,-0.085314,-0.063985,-0.07077,-0.07816,1.010934,1.196889,-0.189875,-0.004581,-0.105381,0.190476,2.952381,0.027747,0.212749,0.145031
80,85.008308,961.02002,0.705637,0.771921,0.0,0.0,0.347375,80413.0,0.50118,0.910742,0.145438,0.382153,-0.074704,0.28162,10.061831,-0.0002,-0.1,-0.002,-0.05,-0.06,-0.2,0.488242,-0.003464,-0.016856,0.0,-0.001641,-0.251141,-0.484695,-0.077975,-0.016243,0.756992,-0.085503,-0.067815,-0.077884,-0.078147,1.108724,1.21827,-0.191925,-0.003175,-0.181008,0.227273,3.272727,0.027525,0.171255,0.11308
81,83.985481,961.530029,0.714516,0.767802,0.130435,0.0,0.345162,79620.0,0.542189,0.908937,0.150242,0.400564,-0.078308,0.283431,10.064721,-0.0002,-0.1,-0.002,-0.05,-0.06,-0.2,0.479921,-0.003388,-0.01828,0.0,-0.004944,-0.25058,-0.465517,-0.076346,-0.015741,0.763345,-0.086684,-0.065528,-0.075974,-0.078205,0.937813,1.161113,-0.186068,-0.002849,-0.139923,0.26087,2.652174,0.023991,0.202544,0.155559
82,85.351151,953.630005,0.728951,0.753584,0.125,0.0,0.34171,78367.0,0.499355,0.866611,0.145514,0.380768,-0.072096,0.28309,10.067604,-0.0002,-0.1,-0.002,-0.05,-0.06,-0.2,0.475907,-0.003346,-0.019098,0.0,-0.002972,-0.231499,-0.452727,-0.072175,-0.015435,0.739916,-0.079664,-0.064764,-0.071745,-0.072654,1.052002,1.235863,-0.181054,-0.003124,-0.149612,0.25,3.291667,0.025853,0.196764,0.133287
83,90.095512,989.599976,0.756955,0.761703,0.1,0.0,0.339346,85330.0,0.519373,0.896471,0.154218,0.391113,-0.076025,0.287462,10.059246,-0.0002,-0.1,-0.002,-0.05,-0.06,-0.2,0.492648,-0.003404,-0.018299,0.0,-0.001839,-0.246019,-0.464835,-0.074946,-0.016138,0.77294,-0.082598,-0.067895,-0.074508,-0.076135,1.081299,1.286612,-0.185418,-0.00328,-0.133279,0.2,24.15,0.024796,0.193233,0.124597
84,92.635788,996.280029,0.747426,0.772399,0.083333,0.0,0.336515,73566.0,0.528223,0.868453,0.152112,0.373071,-0.068807,0.269708,10.079325,-0.0002,-0.1,-0.002,-0.05,-0.06,-0.2,0.497555,-0.003487,-0.018366,0.0,-0.001111,-0.222987,-0.460359,-0.071627,-0.015535,0.747908,-0.079589,-0.065228,-0.068478,-0.070448,1.122399,1.36552,-0.183858,-0.002532,-0.110785,0.041667,7.5,0.023941,0.174619,0.128373
85,92.398582,996.710022,0.747078,0.784209,0.041667,0.0,0.33425,71391.0,0.531323,0.880408,0.154438,0.389772,-0.072959,0.280166,10.074173,-0.0002,-0.1,-0.002,-0.05,-0.06,-0.2,0.498698,-0.003485,-0.018931,0.0,-0.000429,-0.239668,-0.454335,-0.073527,-0.015972,0.769086,-0.079159,-0.066943,-0.069915,-0.075313,1.078361,1.368339,-0.182384,-0.002522,-0.149171,0.083333,9.916667,0.023952,0.190251,0.117655
86,91.141472,994.47998,0.752548,0.784028,0.083333,0.0,0.332168,78141.0,0.528979,0.86743,0.154537,0.393238,-0.073614,0.291388,10.126041,-0.0002,-0.1,-0.002,-0.05,-0.06,-0.2,0.497252,-0.00346,-0.018889,0.0,-0.000777,-0.235649,-0.443235,-0.073471,-0.015897,0.768645,-0.078564,-0.066985,-0.072501,-0.073744,1.080101,1.378023,-0.178336,-0.003025,-0.198881,0.041667,8.208334,0.02424,0.147986,0.124123
87,91.31028,973.48999,0.740331,0.773007,0.125,0.0,0.330031,78335.0,0.523546,0.846151,0.155029,0.381256,-0.07084,0.279243,10.087624,-0.0002,-0.1,-0.002,-0.05,-0.06,-0.2,0.491991,-0.003383,-0.018939,0.0,-0.000741,-0.224725,-0.43251,-0.069419,-0.015116,0.754618,-0.074425,-0.064034,-0.067035,-0.070756,1.082359,1.405127,-0.173996,-0.00266,-0.129464,0.041667,8.0,0.021237,0.16953,0.115252
88,93.608643,991.01001,0.74103,0.780969,0.125,0.0,0.32766,77875.0,0.519763,0.844679,0.157414,0.3851,-0.071668,0.285746,10.138355,-0.0002,-0.1,-0.002,-0.05,-0.06,-0.2,0.49171,-0.003348,-0.018225,0.0,-0.00086,-0.222781,-0.426851,-0.069266,-0.015175,0.762175,-0.074903,-0.066,-0.067946,-0.069924,1.077585,1.400912,-0.172083,-0.002589,-0.138165,0.166667,6.958333,0.024858,0.184448,0.123038
89,86.939865,905.130005,0.704266,0.73966,0.478261,0.0,0.325315,79518.0,0.492229,0.793908,0.147859,0.365919,-0.067613,0.274143,10.077106,-0.0002,-0.1,-0.002,-0.05,-0.06,-0.2,0.473369,-0.003255,-0.018389,0.0,-0.00296,-0.21286,-0.402985,-0.066431,-0.014353,0.723972,-0.071374,-0.063304,-0.062849,-0.067432,1.061881,1.378004,-0.162761,-0.002657,-0.139374,0.26087,5.521739,0.025694,0.198757,0.133156
90,92.957024,981.130005,0.744796,0.764305,0.166667,0.0,0.323233,75409.0,0.523634,0.826238,0.154579,0.38087,-0.072324,0.285329,10.113664,-0.0002,-0.1,-0.002,-0.05,-0.06,-0.2,0.490278,-0.00335,-0.020024,0.0,-0.001231,-0.22244,-0.411794,-0.068783,-0.01505,0.757262,-0.073447,-0.065428,-0.064969,-0.070113,1.065504,1.421127,-0.167053,-0.002335,-0.177603,0.083333,6.958333,0.024721,0.160942,0.127607
91,94.538841,982.619995,0.777225,0.762011,0.083333,0.0,0.320987,77262.0,0.518568,0.82984,0.169729,0.400335,-0.07509,0.307415,10.107552,-0.0002,-0.1,-0.002,-0.05,-0.06,-0.2,0.492618,-0.003282,-0.020428,0.0,-0.000648,-0.228715,-0.40788,-0.068235,-0.015071,0.775737,-0.073432,-0.066756,-0.065126,-0.072603,1.0805,1.438112,-0.16598,-0.002309,-0.157444,0.125,6.25,0.022137,0.17194,0.114358
92,93.845085,966.309998,0.757765,0.758039,0.166667,0.0,0.318398,77698.0,0.524916,0.798588,0.158502,0.387517,-0.07107,0.284944,10.091103,-0.0002,-0.1,-0.002,-0.05,-0.06,-0.2,0.485889,-0.003287,-0.019121,0.0,-0.001698,-0.2185,-0.393987,-0.066288,-0.014565,0.753388,-0.069056,-0.06335,-0.060904,-0.068821,1.046251,1.475628,-0.160825,-0.002473,-0.218485,0.166667,5.708333,0.02204,0.200228,0.130548
93,96.012138,964.47998,0.719898,0.761873,0.083333,0.0,0.315826,78203.0,0.495225,0.795759,0.157873,0.377596,-0.068874,0.285088,10.109296,-0.0002,-0.1,-0.002,-0.05,-0.06,-0.2,0.486796,-0.003347,-0.020036,0.0,-0.001226,-0.212277,-0.390442,-0.065677,-0.014256,0.746965,-0.067614,-0.062308,-0.060245,-0.066954,1.113152,1.488856,-0.159158,-0.002405,-0.107302,0.166667,5.625,0.026584,0.183174,0.101993
94,99.14122,981.080017,0.760047,0.762335,0.125,0.0,0.313774,76515.0,0.493422,0.779731,0.161265,0.385258,-0.070312,0.303938,10.104926,-0.0002,-0.1,-0.002,-0.05,-0.06,-0.2,0.490414,-0.003326,-0.020945,0.0,-0.001361,-0.216249,-0.385685,-0.066479,-0.014517,0.756991,-0.066415,-0.064103,-0.062457,-0.067992,1.134177,1.547875,-0.157482,-0.002252,-0.174002,0.083333,4.375,0.020962,0.187054,0.11268
