iteration,reward,episode_length,height_reward,upright_reward,tipped_over,collapsed,exploration,steps_per_second,speed_error,turn_error,stepping,leg_swing,dragging,ground_covered,landing_force,Curriculum/ease_in_effort/weight,Curriculum/ease_in_landing/weight,Curriculum/ease_in_shake/weight,Curriculum/ease_in_smoothness/weight,Curriculum/ease_in_steadiness/weight,Curriculum/ease_in_straightness/weight,Episode_Reward/alive,Episode_Reward/effort,Episode_Reward/end_stops,Episode_Reward/fell_over,Episode_Reward/hard_landing,Episode_Reward/jitter,Episode_Reward/joint_shock,Episode_Reward/landing_speed,Episode_Reward/posture,Episode_Reward/rocking,Episode_Reward/shaking,Episode_Reward/skidding,Episode_Reward/swing_height,Episode_Reward/track_speed,Episode_Reward/track_turn,Episode_Reward/twitching,Episode_Reward/veering,Episode_Reward/wandering,Episode_Termination/nose_dived,Episode_Termination/out_of_bounds,Episode_Termination/time_out,Metrics/posture/error_height,Metrics/posture/error_pitch,Metrics/posture/error_roll
1499,0.677395,12.7,0.009401,0.009481,0.26087,37.217392,0.048895,34874.0,0.002696,0.005886,0.000973,0.002756,-0.006592,0.005346,41.789227,-0.02,-0.8,-0.02,-0.25,-0.6,-2.0,0.005708,-0.002066,-5.1e-05,-0.009193,-0.051419,-0.000495,-0.001756,-0.000404,0.010623,-0.015916,-0.008337,-0.021461,-0.000976,0.014916,0.046833,-0.00172,-1.5e-05,-2e-05,37.304348,0.0,4.347826,0.165686,0.115779,0.195815
1500,5.894346,37.59,0.030878,0.029585,0.5,0.0,0.049278,10015.0,0.006451,0.014546,0.004701,0.011404,-0.001911,0.02178,10.145493,-0.02,-0.8,-0.02,-0.25,-0.6,-2.0,0.018196,-0.005838,-0.000324,-0.00406,-0.006649,-0.000879,-0.00085,-0.001241,0.032463,-0.018758,-0.014205,-0.001067,-0.00155,0.054221,0.152183,-0.003615,-0.000117,-7e-05,0.083333,0.0,4.125,0.020246,0.112289,0.169445
1501,8.625637,59.360001,0.048833,0.047079,1.0,0.043478,0.049525,795.0,0.011826,0.026117,0.008593,0.019337,-0.003402,0.035545,10.13833,-0.02,-0.8,-0.02,-0.25,-0.6,-2.0,0.029104,-0.009994,-0.00097,-0.009391,-0.012185,-0.001824,-0.001625,-0.00204,0.050205,-0.033905,-0.034544,-0.002234,-0.002214,0.091248,0.232897,-0.006835,-0.000398,-0.000118,0.304348,0.0,3.826087,0.022898,0.129481,0.265108
1502,13.919456,81.150002,0.069547,0.06421,0.541667,0.083333,0.050024,4945.0,0.012199,0.027066,0.010725,0.022094,-0.003588,0.044778,10.284683,-0.02,-0.8,-0.02,-0.25,-0.6,-2.0,0.040031,-0.013244,-0.000598,-0.00672,-0.010605,-0.001784,-0.00157,-0.002324,0.070768,-0.021861,-0.026007,-0.001799,-0.002384,0.136089,0.341173,-0.006739,-0.000263,-9.3e-05,0.375,0.0,4.541667,0.021106,0.125293,0.212426
1503,18.424118,102.720001,0.086604,0.084066,0.391304,0.0,0.050401,4890.0,0.016198,0.032204,0.015761,0.032053,-0.005329,0.064652,9.889002,-0.02,-0.8,-0.02,-0.25,-0.6,-2.0,0.050699,-0.015987,-0.000566,-0.005934,-0.013786,-0.002103,-0.001998,-0.003261,0.089027,-0.020994,-0.026706,-0.002403,-0.002878,0.171551,0.432821,-0.008697,-0.000773,-0.000321,0.304348,0.0,4.608696,0.020233,0.117646,0.20742
1504,23.468033,128.770004,0.103182,0.100467,0.25,0.0,0.050459,4783.0,0.021866,0.039887,0.020243,0.0413,-0.0063,0.079623,9.635456,-0.02,-0.8,-0.02,-0.25,-0.6,-2.0,0.061695,-0.019174,-0.001064,-0.006585,-0.018532,-0.002766,-0.002377,-0.003975,0.108333,-0.025843,-0.037508,-0.00274,-0.003454,0.203596,0.520473,-0.011002,-0.000202,-0.000264,0.416667,0.0,4.291667,0.028494,0.133628,0.233685
1505,29.674345,157.190002,0.130108,0.130874,0.083333,0.0,0.050929,4779.0,0.021647,0.044085,0.022517,0.047363,-0.007061,0.099361,9.652072,-0.02,-0.8,-0.02,-0.25,-0.6,-2.0,0.077916,-0.025141,-0.000595,-0.00121,-0.017094,-0.002677,-0.002342,-0.004631,0.135109,-0.014325,-0.022918,-0.002431,-0.003947,0.272567,0.678071,-0.011188,-0.000237,-0.000563,0.083333,0.0,4.666667,0.018343,0.075678,0.152243
1506,31.403955,173.910004,0.150564,0.143516,0.583333,0.0,0.051338,4826.0,0.028982,0.055754,0.028348,0.059211,-0.009579,0.120461,10.018638,-0.02,-0.8,-0.02,-0.25,-0.6,-2.0,0.087234,-0.028825,-0.000906,-0.008292,-0.023781,-0.003626,-0.003314,-0.005835,0.15164,-0.035765,-0.043978,-0.003972,-0.00509,0.296937,0.737477,-0.015176,-0.000348,-0.00294,0.708333,0.0,3.958333,0.024955,0.167717,0.209005
1507,35.175014,192.410004,0.162868,0.159971,0.875,0.125,0.051858,4801.0,0.027781,0.059351,0.027873,0.05815,-0.009474,0.12058,9.738901,-0.02,-0.8,-0.02,-0.25,-0.6,-2.0,0.09545,-0.03056,-0.001005,-0.010126,-0.023325,-0.003874,-0.003473,-0.006323,0.167476,-0.041013,-0.052547,-0.00451,-0.004796,0.336015,0.815709,-0.016045,-0.00026,-0.001791,0.583333,0.0,4.541667,0.033524,0.166874,0.244261
1508,40.957718,220.679993,0.188309,0.1805,0.708333,0.041667,0.052279,4818.0,0.03206,0.062746,0.035204,0.071203,-0.011458,0.150801,9.580542,-0.02,-0.8,-0.02,-0.25,-0.6,-2.0,0.110638,-0.034722,-0.000626,-0.010105,-0.024013,-0.004147,-0.003645,-0.007463,0.193041,-0.03149,-0.038869,-0.003219,-0.004926,0.391787,0.944339,-0.018095,-0.000189,-0.004599,0.666667,0.0,3.458333,0.035346,0.210204,0.230061
1509,43.694172,238.190002,0.195768,0.188186,1.291667,0.0,0.052613,4845.0,0.037312,0.068415,0.037288,0.07818,-0.012747,0.158654,9.77589,-0.02,-0.8,-0.02,-0.25,-0.6,-2.0,0.115517,-0.036854,-0.001549,-0.014689,-0.029376,-0.004714,-0.004383,-0.008548,0.199094,-0.037494,-0.04509,-0.004466,-0.005876,0.395041,0.966857,-0.02098,-0.00031,-0.005641,1.5,0.0,3.958333,0.046222,0.315175,0.270457
1510,46.110043,260.450012,0.214613,0.20972,1.75,0.125,0.053121,4856.0,0.042596,0.080548,0.040565,0.089665,-0.014846,0.178309,9.640388,-0.02,-0.8,-0.02,-0.25,-0.6,-2.0,0.125825,-0.040896,-0.001009,-0.018789,-0.034841,-0.005613,-0.005334,-0.010158,0.216829,-0.049105,-0.057936,-0.005031,-0.006812,0.427349,1.03723,-0.024577,-0.000844,-0.008019,3.125,0.0,4.416667,0.059628,0.358259,0.242724
1511,46.967281,265.869995,0.221791,0.214268,2.125,0.041667,0.053533,4839.0,0.045506,0.083572,0.044433,0.089698,-0.014961,0.184327,9.540215,-0.02,-0.8,-0.02,-0.25,-0.6,-2.0,0.132016,-0.04249,-0.002215,-0.021581,-0.032772,-0.005762,-0.005043,-0.009968,0.226596,-0.051293,-0.058993,-0.004776,-0.006956,0.448584,1.09121,-0.024917,-0.000914,-0.00935,3.25,0.0,3.875,0.061173,0.388964,0.300077
1512,53.079739,300.160004,0.249436,0.246275,1.826087,0.0,0.054036,4852.0,0.05062,0.096865,0.049217,0.100195,-0.016496,0.202678,9.603367,-0.02,-0.8,-0.02,-0.25,-0.6,-2.0,0.150097,-0.048125,-0.002964,-0.01999,-0.037494,-0.006401,-0.005715,-0.01111,0.256448,-0.053626,-0.065803,-0.005917,-0.008331,0.505739,1.235882,-0.027102,-0.00209,-0.014762,3.0,0.0,4.434783,0.057606,0.388245,0.264227
1513,57.069874,316.869995,0.26379,0.253672,1.666667,0.041667,0.054354,4847.0,0.051953,0.096479,0.048909,0.10204,-0.015639,0.21674,9.39076,-0.02,-0.8,-0.02,-0.25,-0.6,-2.0,0.154878,-0.049801,-0.003114,-0.017638,-0.038476,-0.006127,-0.005111,-0.010614,0.270238,-0.049145,-0.063482,-0.005657,-0.008342,0.524333,1.290961,-0.025125,-0.000793,-0.013076,2.083333,0.0,3.833333,0.055771,0.337302,0.277741
1514,62.684505,345.799988,0.287218,0.274575,1.458333,0.125,0.05462,4892.0,0.059228,0.106176,0.056807,0.113914,-0.017128,0.23838,9.183264,-0.02,-0.8,-0.02,-0.25,-0.6,-2.0,0.172042,-0.054257,-0.003423,-0.017584,-0.040502,-0.007134,-0.005764,-0.011651,0.297247,-0.059591,-0.080504,-0.005594,-0.008849,0.576633,1.434728,-0.02895,-0.000835,-0.024509,1.541667,0.0,3.541667,0.053781,0.327916,0.286656
1515,63.249989,349.549988,0.296984,0.275239,1.5,0.041667,0.05505,4882.0,0.055548,0.106301,0.05613,0.105087,-0.016552,0.225561,9.363139,-0.02,-0.8,-0.02,-0.25,-0.6,-2.0,0.169517,-0.053472,-0.003438,-0.01653,-0.03911,-0.006564,-0.004987,-0.010949,0.297887,-0.048972,-0.065292,-0.005755,-0.0094,0.578902,1.418926,-0.026019,-0.001133,-0.022013,1.583333,0.0,3.5,0.049089,0.310695,0.328605
1516,71.282845,396.149994,0.333087,0.311677,1.333333,0.041667,0.055357,4849.0,0.06177,0.120865,0.057845,0.106926,-0.017269,0.227379,9.010162,-0.02,-0.8,-0.02,-0.25,-0.6,-2.0,0.194511,-0.061183,-0.004009,-0.013827,-0.04198,-0.007322,-0.005549,-0.011653,0.335076,-0.05299,-0.073202,-0.006802,-0.009812,0.663259,1.634706,-0.027961,-0.001199,-0.024769,1.333333,0.0,3.958333,0.048924,0.281892,0.266748
1517,72.527527,408.98999,0.339201,0.321519,1.666667,0.083333,0.055663,4859.0,0.066326,0.126513,0.063835,0.123852,-0.018716,0.261765,9.221436,-0.02,-0.8,-0.02,-0.25,-0.6,-2.0,0.200821,-0.062295,-0.005179,-0.015837,-0.042457,-0.008187,-0.006189,-0.012265,0.344874,-0.059238,-0.089811,-0.007154,-0.010368,0.680936,1.670221,-0.030956,-0.001578,-0.024969,1.25,0.0,3.833333,0.051935,0.301871,0.292524
1518,69.991341,395.929993,0.335637,0.318069,1.333333,0.041667,0.056053,4857.0,0.066708,0.123458,0.06121,0.113139,-0.017532,0.24035,9.254772,-0.02,-0.8,-0.02,-0.25,-0.6,-2.0,0.199624,-0.059571,-0.005719,-0.016473,-0.042573,-0.007537,-0.005567,-0.012238,0.342501,-0.048106,-0.072888,-0.006164,-0.010473,0.672282,1.663248,-0.028205,-0.001285,-0.024079,1.333333,0.0,3.458333,0.0567,0.309425,0.308693
1519,80.778305,447.679993,0.365772,0.352029,1.291667,0.125,0.056433,4916.0,0.065099,0.13477,0.062897,0.11588,-0.017883,0.248997,9.192251,-0.02,-0.8,-0.02,-0.25,-0.6,-2.0,0.218403,-0.066149,-0.004686,-0.013828,-0.042498,-0.008181,-0.006003,-0.012237,0.371668,-0.050006,-0.078891,-0.006388,-0.010079,0.756848,1.84234,-0.029665,-0.00119,-0.02728,1.083333,0.0,3.75,0.045142,0.264556,0.269068
1520,76.785362,430.190002,0.367314,0.353175,1.625,0.083333,0.056843,4877.0,0.069282,0.132387,0.059636,0.119794,-0.018945,0.252614,9.358936,-0.02,-0.8,-0.02,-0.25,-0.6,-2.0,0.218678,-0.068905,-0.004894,-0.01649,-0.046346,-0.008329,-0.006152,-0.013288,0.374729,-0.060016,-0.07907,-0.007181,-0.010984,0.743188,1.844795,-0.031632,-0.001575,-0.037778,1.333333,0.0,3.375,0.052685,0.303637,0.297853
1521,79.47818,456.160004,0.373556,0.352054,1.541667,0.0,0.057361,4906.0,0.071762,0.14381,0.058673,0.115811,-0.018329,0.244768,9.319542,-0.02,-0.8,-0.02,-0.25,-0.6,-2.0,0.219039,-0.071256,-0.00826,-0.018894,-0.046657,-0.008403,-0.006397,-0.012791,0.371259,-0.074275,-0.091546,-0.008405,-0.011338,0.739036,1.827298,-0.030836,-0.001805,-0.027554,1.458333,0.0,3.166667,0.055957,0.314969,0.320424
1522,81.997665,460.820007,0.389892,0.379246,1.083333,0.0,0.057623,4856.0,0.077744,0.14067,0.066954,0.130299,-0.020057,0.282268,9.117487,-0.02,-0.8,-0.02,-0.25,-0.6,-2.0,0.235878,-0.074114,-0.009409,-0.014269,-0.048103,-0.008914,-0.00625,-0.013675,0.399707,-0.055672,-0.082891,-0.006941,-0.01151,0.786659,1.99613,-0.033711,-0.001153,-0.040398,1.541667,0.0,3.875,0.058287,0.326311,0.290013
1523,88.380867,509.109985,0.415948,0.384382,2.041667,0.0,0.057783,4876.0,0.08354,0.159668,0.068323,0.128213,-0.020495,0.272564,9.19816,-0.02,-0.8,-0.02,-0.25,-0.6,-2.0,0.244758,-0.07553,-0.012013,-0.017073,-0.049971,-0.010418,-0.007459,-0.014573,0.412775,-0.073415,-0.112211,-0.008079,-0.013286,0.805146,2.031173,-0.035951,-0.005799,-0.046642,1.625,0.0,3.708333,0.063925,0.344897,0.288444
1524,86.674286,483.070007,0.430613,0.407255,1.416667,0.125,0.058112,4899.0,0.082133,0.163848,0.074848,0.136988,-0.021423,0.295991,9.04332,-0.02,-0.8,-0.02,-0.25,-0.6,-2.0,0.253352,-0.076184,-0.011505,-0.01655,-0.051422,-0.009492,-0.006757,-0.015094,0.430872,-0.062325,-0.087694,-0.008266,-0.012247,0.85486,2.114331,-0.03522,-0.000976,-0.053583,1.708333,0.0,3.25,0.05643,0.321554,0.30714
1525,99.79744,557.169983,0.491352,0.447976,0.916667,0.0,0.0585,4839.0,0.086236,0.176653,0.077264,0.143773,-0.022474,0.312698,9.184994,-0.02,-0.8,-0.02,-0.25,-0.6,-2.0,0.281456,-0.088649,-0.010434,-0.014597,-0.053037,-0.010092,-0.006842,-0.015554,0.480602,-0.062599,-0.081572,-0.007748,-0.014001,0.960787,2.37238,-0.036502,-0.001554,-0.074477,1.375,0.0,3.375,0.051843,0.292922,0.257964
1526,104.56385,583.330017,0.505655,0.469591,1.458333,0.0,0.058674,4919.0,0.090353,0.166732,0.078819,0.14636,-0.022388,0.322673,8.770586,-0.02,-0.8,-0.02,-0.25,-0.6,-2.0,0.28951,-0.087165,-0.01246,-0.017672,-0.051996,-0.010066,-0.006598,-0.015784,0.493449,-0.058436,-0.076178,-0.006818,-0.013972,0.978228,2.468947,-0.036597,-0.001598,-0.117298,1.125,0.0,2.875,0.05843,0.327008,0.31936
1527,103.574898,583.890015,0.490249,0.43348,1.791667,0.0,0.058937,4896.0,0.092659,0.176779,0.077859,0.156395,-0.024173,0.32927,8.732074,-0.02,-0.8,-0.02,-0.25,-0.6,-2.0,0.287362,-0.086986,-0.017031,-0.019408,-0.054464,-0.011013,-0.0074,-0.016438,0.480773,-0.069086,-0.095083,-0.007993,-0.014283,0.964118,2.411409,-0.04047,-0.002282,-0.094655,1.75,0.0,3.333333,0.072987,0.401599,0.363396
1528,101.739983,568.849976,0.509665,0.455758,1.458333,0.0,0.059183,4886.0,0.100845,0.185526,0.080047,0.156188,-0.02285,0.331458,8.595522,-0.02,-0.8,-0.02,-0.25,-0.6,-2.0,0.297781,-0.093158,-0.014413,-0.015454,-0.054004,-0.010846,-0.007522,-0.016937,0.49941,-0.064619,-0.089189,-0.008226,-0.014507,0.983913,2.486038,-0.038521,-0.002395,-0.070939,1.166667,0.0,3.25,0.060542,0.339357,0.30586
1529,116.819733,650.890015,0.561159,0.511705,1.0,0.0,0.059509,4825.0,0.101789,0.184672,0.091285,0.16856,-0.02515,0.373089,8.77574,-0.02,-0.8,-0.02,-0.25,-0.6,-2.0,0.329747,-0.097409,-0.013443,-0.011827,-0.05849,-0.011333,-0.007272,-0.017451,0.554901,-0.054495,-0.087108,-0.00925,-0.016851,1.113857,2.827435,-0.040227,-0.001625,-0.121809,1.208333,0.0,3.583333,0.050389,0.282632,0.251394
1530,100.640999,591.77002,0.500196,0.453863,1.958333,0.0,0.059974,4877.0,0.112177,0.200513,0.077394,0.156408,-0.024149,0.330892,8.962111,-0.02,-0.8,-0.02,-0.25,-0.6,-2.0,0.299171,-0.094452,-0.022103,-0.019739,-0.060938,-0.011562,-0.007341,-0.01729,0.502348,-0.074688,-0.110318,-0.009508,-0.017735,0.947318,2.464366,-0.040535,-0.002091,-0.104311,1.625,0.0,2.916667,0.076533,0.368409,0.34213
1531,103.8666,598.559998,0.505332,0.477352,1.666667,0.0,0.060299,4801.0,0.099224,0.202516,0.077583,0.143524,-0.022751,0.313157,8.834603,-0.02,-0.8,-0.02,-0.25,-0.6,-2.0,0.303648,-0.096943,-0.013101,-0.018248,-0.054486,-0.011547,-0.00739,-0.016483,0.513306,-0.078868,-0.104447,-0.00852,-0.01471,1.008253,2.545466,-0.039625,-0.001217,-0.063429,1.791667,0.0,3.166667,0.051663,0.317408,0.292817
1532,108.347954,626.609985,0.541488,0.496479,1.75,0.083333,0.060621,4805.0,0.108862,0.203011,0.07967,0.164097,-0.024561,0.357651,8.692816,-0.02,-0.8,-0.02,-0.25,-0.6,-2.0,0.319491,-0.097053,-0.017229,-0.018521,-0.059079,-0.012101,-0.008169,-0.018096,0.527878,-0.074018,-0.099116,-0.008976,-0.016389,1.050029,2.667358,-0.041808,-0.002884,-0.143779,1.833333,0.0,3.333333,0.06376,0.382145,0.32404
1533,117.307045,685.320007,0.568051,0.49509,1.541667,0.0,0.06081,4869.0,0.116825,0.234797,0.083924,0.163632,-0.025233,0.343917,8.807177,-0.02,-0.8,-0.02,-0.25,-0.6,-2.0,0.332357,-0.103948,-0.024489,-0.017962,-0.063996,-0.012243,-0.007766,-0.017903,0.539979,-0.073243,-0.093746,-0.010118,-0.018011,1.074085,2.741547,-0.042801,-0.003887,-0.097354,1.25,0.0,3.208333,0.065839,0.364254,0.332787
1534,112.715057,644.849976,0.535302,0.495012,1.541667,0.166667,0.061147,4888.0,0.113041,0.209595,0.081022,0.166248,-0.026269,0.342448,8.706516,-0.02,-0.8,-0.02,-0.25,-0.6,-2.0,0.319095,-0.106365,-0.014216,-0.021822,-0.064909,-0.013028,-0.008636,-0.019222,0.526331,-0.081459,-0.112366,-0.010467,-0.017427,1.030524,2.630588,-0.045803,-0.001805,-0.093599,1.625,0.0,2.666667,0.073347,0.399088,0.320288
1535,116.015068,680.299988,0.567958,0.502757,1.75,0.125,0.06147,4817.0,0.124682,0.219217,0.086115,0.170122,-0.026273,0.341981,8.787704,-0.02,-0.8,-0.02,-0.25,-0.6,-2.0,0.33155,-0.104515,-0.019847,-0.019096,-0.068728,-0.012938,-0.008279,-0.019223,0.55378,-0.080206,-0.112297,-0.011116,-0.020283,1.0349,2.736722,-0.044223,-0.004574,-0.164556,1.458333,0.0,3.333333,0.074476,0.354655,0.348045
1536,123.13372,712.630005,0.622234,0.557332,1.5,0.083333,0.06179,4863.0,0.121495,0.240028,0.092999,0.170323,-0.027253,0.370904,8.83033,-0.02,-0.8,-0.02,-0.25,-0.6,-2.0,0.366718,-0.112238,-0.026734,-0.016547,-0.068374,-0.013814,-0.00864,-0.019736,0.59634,-0.080388,-0.11303,-0.009765,-0.019808,1.20568,3.060615,-0.046678,-0.003123,-0.104759,1.291667,0.0,3.083333,0.060184,0.328438,0.324476
1537,130.907181,750.01001,0.629775,0.59108,1.5,0.0,0.062021,4826.0,0.118121,0.240675,0.088271,0.178172,-0.026709,0.378263,8.675333,-0.02,-0.8,-0.02,-0.25,-0.6,-2.0,0.37374,-0.120591,-0.025615,-0.017252,-0.068193,-0.013332,-0.008019,-0.019587,0.626044,-0.082109,-0.099971,-0.010686,-0.020123,1.242316,3.127275,-0.045386,-0.003233,-0.123324,0.875,0.0,2.666667,0.070822,0.340294,0.322947
1538,134.643799,760.280029,0.643307,0.601227,1.291667,0.0,0.062213,4878.0,0.116048,0.248125,0.095658,0.164048,-0.025096,0.360034,8.793196,-0.02,-0.8,-0.02,-0.25,-0.6,-2.0,0.37849,-0.10805,-0.015941,-0.015922,-0.059584,-0.013092,-0.007375,-0.017842,0.637472,-0.073094,-0.10534,-0.008071,-0.01748,1.279624,3.18937,-0.04288,-0.001638,-0.079884,1.166667,0.0,3.0,0.058232,0.309639,0.326723
1539,122.941566,709.929993,0.597309,0.546378,1.583333,0.0,0.062462,4844.0,0.123779,0.237515,0.088636,0.162696,-0.025677,0.328653,8.623716,-0.02,-0.8,-0.02,-0.25,-0.6,-2.0,0.351432,-0.099261,-0.026261,-0.019187,-0.06142,-0.013124,-0.007723,-0.018506,0.578657,-0.073277,-0.101209,-0.008635,-0.018314,1.131592,2.90566,-0.043727,-0.002588,-0.083803,1.333333,0.0,2.458333,0.072385,0.38873,0.355131
1540,156.706863,906.809998,0.659169,0.599469,1.583333,0.0,0.062748,4784.0,0.128308,0.250149,0.086347,0.166126,-0.027001,0.344813,8.887099,-0.02,-0.8,-0.02,-0.25,-0.6,-2.0,0.392072,-0.125505,-0.030535,-0.015421,-0.066662,-0.014379,-0.008569,-0.019899,0.639586,-0.081366,-0.113561,-0.010951,-0.019186,1.29282,3.291495,-0.047724,-0.002753,-0.106713,1.75,0.0,22.583334,0.068179,0.348498,0.307411
1541,116.689476,689.940002,0.561021,0.519513,1.875,0.083333,0.063086,4733.0,0.118511,0.232652,0.076634,0.1498,-0.023472,0.319662,9.095081,-0.02,-0.8,-0.02,-0.25,-0.6,-2.0,0.343782,-0.104354,-0.033686,-0.019906,-0.06203,-0.01283,-0.007335,-0.017736,0.558525,-0.072996,-0.097211,-0.009212,-0.018783,1.104438,2.842922,-0.041744,-0.002219,-0.123963,2.0,0.0,2.916667,0.087708,0.391924,0.325875
1542,110.767365,649.030029,0.592582,0.531653,1.913043,0.0,0.063285,4751.0,0.122302,0.238449,0.080508,0.163865,-0.026806,0.342675,8.841018,-0.02,-0.8,-0.02,-0.25,-0.6,-2.0,0.347292,-0.110968,-0.02407,-0.018885,-0.066289,-0.013729,-0.008299,-0.019227,0.566593,-0.083331,-0.117908,-0.010748,-0.019231,1.117629,2.866746,-0.046449,-0.00386,-0.133238,1.608696,0.0,3.043478,0.077949,0.391901,0.340779
1543,135.399994,799.340027,0.681222,0.607038,1.083333,0.0,0.063546,4816.0,0.150014,0.259166,0.102143,0.18635,-0.028851,0.38993,8.836467,-0.02,-0.8,-0.02,-0.25,-0.6,-2.0,0.407048,-0.116009,-0.033125,-0.011663,-0.073859,-0.015392,-0.008629,-0.021281,0.663314,-0.083509,-0.122455,-0.011232,-0.023133,1.276263,3.399366,-0.049135,-0.003996,-0.136048,1.041667,0.0,3.625,0.072805,0.307086,0.271039
1544,138.662811,817.23999,0.657798,0.576017,1.041667,0.041667,0.063807,4815.0,0.13846,0.261753,0.096096,0.181679,-0.029216,0.385064,8.761726,-0.02,-0.8,-0.02,-0.25,-0.6,-2.0,0.391069,-0.116684,-0.031549,-0.015171,-0.071789,-0.015436,-0.00903,-0.021113,0.643181,-0.07954,-0.115777,-0.011053,-0.022513,1.244202,3.241488,-0.050007,-0.003389,-0.179128,1.208333,0.0,3.416667,0.066203,0.351201,0.300248
1545,132.151138,773.530029,0.635367,0.572192,1.125,0.0,0.064253,4821.0,0.129341,0.284144,0.093071,0.177199,-0.027465,0.371233,8.733685,-0.02,-0.8,-0.02,-0.25,-0.6,-2.0,0.377803,-0.116105,-0.02973,-0.016364,-0.067877,-0.014562,-0.008381,-0.020323,0.613748,-0.075316,-0.114244,-0.009915,-0.02046,1.21897,3.078012,-0.048098,-0.003008,-0.162175,1.333333,0.0,3.125,0.071956,0.371085,0.281681
1546,126.873611,739.340027,0.601824,0.540949,1.913043,0.043478,0.064276,4838.0,0.125348,0.2364,0.087101,0.163732,-0.025564,0.333007,8.676886,-0.02,-0.8,-0.02,-0.25,-0.6,-2.0,0.355353,-0.106733,-0.01819,-0.018757,-0.063303,-0.014242,-0.007901,-0.018606,0.577166,-0.085018,-0.124286,-0.010447,-0.01824,1.147645,2.952302,-0.045945,-0.003907,-0.098223,1.26087,0.0,3.434783,0.07314,0.375521,0.318277
1547,124.017403,747.659973,0.61927,0.579116,1.208333,0.0,0.064475,4833.0,0.145633,0.294845,0.092515,0.171937,-0.028011,0.348062,8.61436,-0.02,-0.8,-0.02,-0.25,-0.6,-2.0,0.377888,-0.119856,-0.032479,-0.017827,-0.07294,-0.015572,-0.009901,-0.020569,0.622193,-0.089581,-0.13972,-0.011777,-0.021172,1.177629,3.042699,-0.049674,-0.002849,-0.156306,1.458333,0.0,2.5,0.074277,0.365421,0.294286
1548,140.477921,805.690002,0.697824,0.618072,1.375,0.0,0.06481,4819.0,0.143595,0.271591,0.094644,0.189353,-0.028598,0.389475,8.521181,-0.02,-0.8,-0.02,-0.25,-0.6,-2.0,0.407929,-0.128286,-0.036668,-0.015445,-0.072069,-0.016136,-0.008974,-0.021348,0.660262,-0.082993,-0.118128,-0.011601,-0.021801,1.302218,3.374447,-0.05154,-0.002344,-0.167069,1.0,0.0,3.333333,0.068735,0.3167,0.307783
1549,126.856033,761.580017,0.6144,0.549937,1.333333,0.0,0.065054,4798.0,0.146821,0.253822,0.088568,0.176451,-0.027752,0.349925,8.63852,-0.02,-0.8,-0.02,-0.25,-0.6,-2.0,0.369531,-0.113347,-0.03576,-0.016429,-0.073218,-0.015165,-0.008648,-0.020604,0.589953,-0.081332,-0.112563,-0.011007,-0.021047,1.115779,3.024104,-0.048998,-0.002923,-0.166021,1.041667,0.0,3.0,0.083202,0.367208,0.388851
1550,136.461945,820.109985,0.657918,0.607293,1.625,0.0,0.065374,4750.0,0.135207,0.271478,0.091764,0.184265,-0.027588,0.374856,8.953277,-0.02,-0.8,-0.02,-0.25,-0.6,-2.0,0.400998,-0.124132,-0.033619,-0.013281,-0.073409,-0.015973,-0.009043,-0.022595,0.653282,-0.087734,-0.122999,-0.011262,-0.021904,1.304913,3.304207,-0.052096,-0.003028,-0.164832,0.75,0.0,3.916667,0.070869,0.324979,0.306292
1551,131.405502,785.700012,0.632679,0.577824,1.708333,0.0,0.065531,4760.0,0.153402,0.271649,0.099609,0.180207,-0.02773,0.360468,8.708101,-0.02,-0.8,-0.02,-0.25,-0.6,-2.0,0.392847,-0.114472,-0.047755,-0.015057,-0.071271,-0.015412,-0.008223,-0.021113,0.638672,-0.0743,-0.110957,-0.009989,-0.022381,1.193541,3.225158,-0.049063,-0.004827,-0.148972,1.0,0.0,3.75,0.081819,0.370312,0.318365
1552,138.251755,824.780029,0.681889,0.618061,1.833333,0.0,0.065766,4806.0,0.161062,0.284051,0.100078,0.186469,-0.028637,0.378788,9.066008,-0.02,-0.8,-0.02,-0.25,-0.6,-2.0,0.416009,-0.121073,-0.041564,-0.01201,-0.073642,-0.016655,-0.008607,-0.021819,0.666482,-0.078273,-0.121867,-0.010734,-0.022978,1.270148,3.427447,-0.051802,-0.004169,-0.131501,1.666667,0.0,6.208333,0.067439,0.315142,0.284317
1553,141.392502,853.690002,0.696555,0.602966,1.416667,0.125,0.065943,4836.0,0.155553,0.295907,0.091502,0.175521,-0.027282,0.357438,8.694437,-0.02,-0.8,-0.02,-0.25,-0.6,-2.0,0.419905,-0.12391,-0.042158,-0.011787,-0.071,-0.016515,-0.008717,-0.021178,0.650566,-0.078707,-0.116555,-0.009881,-0.023131,1.302136,3.455075,-0.051102,-0.003608,-0.140751,1.375,0.0,4.833333,0.065354,0.307474,0.277022
1554,133.006744,804.01001,0.643406,0.587566,1.5,0.0,0.066298,4862.0,0.148017,0.273188,0.094946,0.176554,-0.027526,0.357652,8.725487,-0.02,-0.8,-0.02,-0.25,-0.6,-2.0,0.398161,-0.120907,-0.038647,-0.013794,-0.068177,-0.016359,-0.008815,-0.020825,0.640924,-0.084777,-0.132611,-0.010973,-0.021772,1.242513,3.272462,-0.050314,-0.004169,-0.140392,1.0,0.0,4.791667,0.075037,0.319221,0.288113
1555,126.280914,749.820007,0.63155,0.56869,1.916667,0.0,0.066456,4842.0,0.149361,0.25785,0.092933,0.184334,-0.02816,0.370488,8.912132,-0.02,-0.8,-0.02,-0.25,-0.6,-2.0,0.38533,-0.123455,-0.038808,-0.014831,-0.071209,-0.016014,-0.008668,-0.021123,0.615788,-0.086106,-0.116566,-0.010803,-0.021794,1.175597,3.18524,-0.05191,-0.003949,-0.149471,1.208333,0.0,4.333333,0.07013,0.332248,0.335101
1556,121.690773,743.0,0.63214,0.555059,1.583333,0.083333,0.066695,4832.0,0.140049,0.270603,0.089918,0.174167,-0.02787,0.360875,8.626963,-0.02,-0.8,-0.02,-0.25,-0.6,-2.0,0.375289,-0.114005,-0.036366,-0.015628,-0.071385,-0.016556,-0.009072,-0.020726,0.602269,-0.088748,-0.126849,-0.012134,-0.020773,1.180867,3.047882,-0.051451,-0.004083,-0.120878,1.625,0.0,4.291667,0.075058,0.358582,0.326021
1557,124.109222,752.539978,0.606991,0.542442,1.666667,0.041667,0.06699,4842.0,0.13796,0.241795,0.084771,0.166283,-0.026539,0.336625,8.664944,-0.02,-0.8,-0.02,-0.25,-0.6,-2.0,0.3623,-0.110356,-0.03296,-0.020589,-0.067209,-0.015378,-0.008307,-0.01984,0.5861,-0.082015,-0.10991,-0.01002,-0.020937,1.123341,2.981929,-0.049022,-0.003139,-0.169498,1.125,0.0,3.166667,0.077295,0.424162,0.370341
1558,136.744476,807.530029,0.701557,0.620173,1.166667,0.041667,0.067276,4876.0,0.153953,0.298628,0.103815,0.203174,-0.03088,0.422087,8.650572,-0.02,-0.8,-0.02,-0.25,-0.6,-2.0,0.418964,-0.12739,-0.033062,-0.012798,-0.076777,-0.017242,-0.009107,-0.022389,0.691283,-0.083694,-0.122458,-0.011292,-0.02437,1.309791,3.424664,-0.054979,-0.003075,-0.181723,0.875,0.0,3.541667,0.059533,0.331575,0.279613
1559,122.251877,745.780029,0.640244,0.552,1.541667,0.041667,0.067615,4882.0,0.149436,0.265568,0.088364,0.177572,-0.026634,0.353335,8.665171,-0.02,-0.8,-0.02,-0.25,-0.6,-2.0,0.378119,-0.112771,-0.043326,-0.015787,-0.069737,-0.01612,-0.008438,-0.020653,0.595128,-0.080959,-0.123841,-0.010913,-0.02191,1.145685,3.078665,-0.049026,-0.004205,-0.158494,1.208333,0.0,3.833333,0.094285,0.349974,0.342343
1560,128.0215,761.320007,0.641632,0.587334,1.166667,0.0,0.067902,4796.0,0.138144,0.268134,0.091045,0.168053,-0.026319,0.348518,8.611613,-0.02,-0.8,-0.02,-0.25,-0.6,-2.0,0.389046,-0.119792,-0.04016,-0.01396,-0.069867,-0.015868,-0.008012,-0.019739,0.632431,-0.086295,-0.12305,-0.01065,-0.02173,1.245011,3.206843,-0.048441,-0.002708,-0.180076,0.791667,0.0,3.166667,0.069356,0.289786,0.322852
1561,127.932884,772.539978,0.651281,0.570039,1.875,0.041667,0.068011,4800.0,0.150065,0.283561,0.093816,0.178776,-0.027922,0.368857,8.866966,-0.02,-0.8,-0.02,-0.25,-0.6,-2.0,0.383413,-0.113296,-0.040925,-0.014933,-0.072234,-0.016673,-0.008672,-0.020564,0.628135,-0.083978,-0.122442,-0.010568,-0.02235,1.183277,3.108181,-0.051197,-0.00303,-0.193372,1.75,0.0,3.833333,0.076549,0.386816,0.335318
1562,134.900238,802.119995,0.682135,0.58895,1.416667,0.0,0.068324,4879.0,0.150101,0.273897,0.097386,0.196471,-0.02931,0.388637,8.760113,-0.02,-0.8,-0.02,-0.25,-0.6,-2.0,0.398656,-0.118649,-0.037312,-0.014653,-0.074306,-0.017564,-0.009313,-0.021747,0.639011,-0.089753,-0.128885,-0.012017,-0.021935,1.227716,3.271235,-0.055278,-0.006464,-0.199625,1.125,0.0,3.791667,0.072262,0.322302,0.311331
1563,131.518677,792.650024,0.657342,0.576949,1.208333,0.0,0.06856,4836.0,0.1455,0.256693,0.095401,0.18977,-0.028453,0.386697,8.535635,-0.02,-0.8,-0.02,-0.25,-0.6,-2.0,0.390069,-0.119527,-0.041601,-0.015296,-0.073398,-0.016882,-0.008995,-0.021769,0.631063,-0.081637,-0.115022,-0.01101,-0.022437,1.224387,3.21568,-0.053191,-0.00315,-0.189731,1.375,0.0,3.5,0.073324,0.364867,0.307454
1564,129.421417,770.02002,0.666754,0.605294,1.375,0.041667,0.06882,4829.0,0.151811,0.284786,0.091026,0.170405,-0.027515,0.340719,8.809062,-0.02,-0.8,-0.02,-0.25,-0.6,-2.0,0.395862,-0.124594,-0.027643,-0.014435,-0.069812,-0.01718,-0.008566,-0.020527,0.639513,-0.084091,-0.124258,-0.010365,-0.020309,1.235482,3.239113,-0.051965,-0.003957,-0.137774,1.375,0.0,4.166667,0.063514,0.343708,0.309687
1565,134.228806,814.22998,0.663451,0.572952,1.333333,0.083333,0.06902,4829.0,0.146434,0.310333,0.099045,0.176258,-0.028089,0.35535,8.938449,-0.02,-0.8,-0.02,-0.25,-0.6,-2.0,0.401849,-0.118245,-0.042265,-0.012828,-0.072314,-0.017512,-0.008643,-0.021008,0.640352,-0.083856,-0.128564,-0.010208,-0.022966,1.269319,3.238715,-0.052364,-0.005858,-0.115158,1.208333,0.0,4.416667,0.074694,0.311124,0.308871
1566,132.028564,810.320007,0.684277,0.618326,1.708333,0.083333,0.069305,4821.0,0.157475,0.304168,0.101643,0.19185,-0.028971,0.383174,8.691375,-0.02,-0.8,-0.02,-0.25,-0.6,-2.0,0.408043,-0.12824,-0.039184,-0.0138,-0.076936,-0.018202,-0.009158,-0.021778,0.648546,-0.093354,-0.136144,-0.011368,-0.024056,1.256995,3.282631,-0.054386,-0.004161,-0.179223,1.0,0.0,4.0,0.070983,0.335176,0.306064
1567,124.437363,765.599976,0.642984,0.570231,1.541667,0.125,0.069527,4868.0,0.138859,0.277762,0.08975,0.174561,-0.027432,0.350446,8.449367,-0.02,-0.8,-0.02,-0.25,-0.6,-2.0,0.38321,-0.1181,-0.036567,-0.015736,-0.068023,-0.017576,-0.009198,-0.021012,0.610891,-0.090408,-0.132464,-0.011064,-0.021816,1.208316,3.097774,-0.052474,-0.004175,-0.11303,1.166667,0.0,3.375,0.077722,0.34632,0.291067
1568,130.026535,786.76001,0.633402,0.573715,1.083333,0.0,0.069765,4826.0,0.144115,0.28161,0.096519,0.173253,-0.027469,0.350544,8.565336,-0.02,-0.8,-0.02,-0.25,-0.6,-2.0,0.398079,-0.113834,-0.042135,-0.014434,-0.066968,-0.017216,-0.008124,-0.019619,0.615332,-0.079335,-0.120443,-0.009058,-0.021759,1.255688,3.26359,-0.051448,-0.004964,-0.223766,1.125,0.0,3.583333,0.067038,0.318966,0.295289
1569,118.824844,716.200012,0.609058,0.553191,1.666667,0.041667,0.069925,4839.0,0.146659,0.261009,0.092017,0.170479,-0.026595,0.338426,8.555708,-0.02,-0.8,-0.02,-0.25,-0.6,-2.0,0.377567,-0.113355,-0.04264,-0.015226,-0.070985,-0.017193,-0.008697,-0.020153,0.595024,-0.083563,-0.128051,-0.009989,-0.021323,1.160249,3.094542,-0.051192,-0.008342,-0.128934,1.208333,0.0,3.916667,0.081655,0.346077,0.28634
1570,142.806839,845.830017,0.695939,0.626036,0.916667,0.0,0.070117,4816.0,0.150309,0.286124,0.107684,0.197624,-0.030493,0.41585,8.606302,-0.02,-0.8,-0.02,-0.25,-0.6,-2.0,0.423188,-0.121081,-0.037286,-0.01178,-0.073135,-0.018728,-0.009263,-0.022142,0.674116,-0.085182,-0.130546,-0.009789,-0.023325,1.348568,3.485698,-0.055964,-0.006936,-0.147873,0.708333,0.0,3.333333,0.070291,0.32689,0.299094
1571,143.418884,862.710022,0.696064,0.631489,0.833333,0.0,0.070235,4879.0,0.156986,0.295719,0.112776,0.195752,-0.030548,0.391108,8.532164,-0.02,-0.8,-0.02,-0.25,-0.6,-2.0,0.425588,-0.122122,-0.030945,-0.010992,-0.077453,-0.019179,-0.009589,-0.022607,0.689859,-0.087162,-0.134333,-0.011126,-0.022917,1.348112,3.474238,-0.057175,-0.003221,-0.162679,0.708333,0.0,3.625,0.061323,0.309221,0.278284
1572,134.435822,798.320007,0.668108,0.592504,1.666667,0.083333,0.070486,4822.0,0.143154,0.314206,0.093493,0.182694,-0.027541,0.371162,8.694976,-0.02,-0.8,-0.02,-0.25,-0.6,-2.0,0.398931,-0.122995,-0.043182,-0.014505,-0.070973,-0.017757,-0.008424,-0.020788,0.6452,-0.083052,-0.118916,-0.010773,-0.022185,1.265076,3.199034,-0.052649,-0.00243,-0.194722,1.083333,0.0,4.041667,0.079475,0.32641,0.308462
1573,137.781082,845.409973,0.68205,0.601796,1.333333,0.0,0.070649,4793.0,0.172861,0.301035,0.099003,0.18738,-0.028963,0.374015,8.604343,-0.02,-0.8,-0.02,-0.25,-0.6,-2.0,0.419191,-0.128339,-0.051251,-0.012707,-0.078794,-0.018749,-0.008738,-0.021854,0.670531,-0.0855,-0.119363,-0.011616,-0.026136,1.232175,3.406927,-0.054554,-0.005374,-0.179966,0.875,0.0,3.541667,0.076701,0.322066,0.320773
1574,141.617035,852.880005,0.706333,0.637215,1.083333,0.0,0.070801,4759.0,0.145701,0.322735,0.104248,0.186191,-0.030272,0.383224,8.507735,-0.02,-0.8,-0.02,-0.25,-0.6,-2.0,0.421929,-0.124983,-0.042659,-0.011135,-0.073936,-0.019062,-0.00912,-0.022755,0.678176,-0.079063,-0.120985,-0.010756,-0.02303,1.36333,3.392652,-0.056071,-0.002403,-0.116287,0.75,0.0,4.0,0.068946,0.317123,0.243927
1575,127.787598,767.880005,0.640933,0.568009,1.458333,0.0,0.071222,4862.0,0.14861,0.30356,0.095233,0.178638,-0.028776,0.34549,8.403497,-0.02,-0.8,-0.02,-0.25,-0.6,-2.0,0.385912,-0.114426,-0.042886,-0.015974,-0.071281,-0.018022,-0.009264,-0.020818,0.604173,-0.090927,-0.123428,-0.010935,-0.021581,1.198386,3.071896,-0.054532,-0.004599,-0.15366,1.125,0.0,3.375,0.07501,0.330569,0.319482
1576,140.931519,833.900024,0.681379,0.617965,1.5,0.083333,0.071517,4868.0,0.158531,0.293535,0.108336,0.195421,-0.029014,0.381152,8.632354,-0.02,-0.8,-0.02,-0.25,-0.6,-2.0,0.41796,-0.120395,-0.040792,-0.01417,-0.07158,-0.0192,-0.008986,-0.022171,0.655924,-0.092586,-0.137742,-0.01048,-0.022809,1.294863,3.378689,-0.056184,-0.003667,-0.159514,0.75,0.0,3.875,0.076794,0.297564,0.344355
1577,134.790161,830.849976,0.621577,0.571187,1.291667,0.041667,0.071743,4785.0,0.148731,0.282638,0.092451,0.178724,-0.027705,0.35453,8.593899,-0.02,-0.8,-0.02,-0.25,-0.6,-2.0,0.388135,-0.114631,-0.042289,-0.014226,-0.073618,-0.01811,-0.008821,-0.021227,0.620175,-0.083807,-0.122931,-0.010983,-0.023522,1.187983,3.145695,-0.053557,-0.005068,-0.157986,1.083333,0.0,3.875,0.072913,0.358752,0.298884
1578,129.563919,787.929993,0.650544,0.579097,1.416667,0.0,0.071879,4772.0,0.149328,0.299285,0.097792,0.181595,-0.030304,0.360122,8.55818,-0.02,-0.8,-0.02,-0.25,-0.6,-2.0,0.392031,-0.121162,-0.035079,-0.014741,-0.0788,-0.018944,-0.009301,-0.022854,0.642984,-0.094451,-0.129611,-0.011588,-0.025227,1.231701,3.125436,-0.056467,-0.004397,-0.166854,0.875,0.0,3.583333,0.079295,0.331001,0.326987
1579,133.114929,793.169983,0.660658,0.633915,1.416667,0.083333,0.072214,4768.0,0.130245,0.285471,0.091195,0.159328,-0.026117,0.319006,8.492441,-0.02,-0.8,-0.02,-0.25,-0.6,-2.0,0.411388,-0.129873,-0.028192,-0.011643,-0.063742,-0.018086,-0.008143,-0.020491,0.670612,-0.078653,-0.114232,-0.009637,-0.019171,1.365652,3.388299,-0.053086,-0.003194,-0.122117,0.416667,0.0,2.916667,0.058746,0.2736,0.248966
1580,126.77462,767.700012,0.643883,0.57654,1.625,0.0,0.072454,4765.0,0.154594,0.292343,0.09349,0.188037,-0.029496,0.38142,8.53647,-0.02,-0.8,-0.02,-0.25,-0.6,-2.0,0.390338,-0.118238,-0.033556,-0.015162,-0.079972,-0.018735,-0.009165,-0.022307,0.629414,-0.088496,-0.123266,-0.011347,-0.02471,1.194205,3.134951,-0.056417,-0.005078,-0.13657,1.0,0.0,3.208333,0.070249,0.314187,0.348083
1581,130.426392,793.179993,0.682718,0.588739,1.25,0.041667,0.072586,4831.0,0.159094,0.296792,0.094085,0.186829,-0.028965,0.366786,8.515146,-0.02,-0.8,-0.02,-0.25,-0.6,-2.0,0.407061,-0.119884,-0.059506,-0.013421,-0.076107,-0.019579,-0.009027,-0.022528,0.647071,-0.088766,-0.127218,-0.011414,-0.023968,1.250446,3.278801,-0.056991,-0.003366,-0.163354,0.875,0.0,3.0,0.090642,0.320348,0.323081
1582,150.088425,900.710022,0.746927,0.666504,0.916667,0.041667,0.072818,4802.0,0.170406,0.32809,0.106726,0.202158,-0.030429,0.401458,8.878937,-0.02,-0.8,-0.02,-0.25,-0.6,-2.0,0.447543,-0.139179,-0.054248,-0.008956,-0.080451,-0.020651,-0.009082,-0.023905,0.727131,-0.08773,-0.127091,-0.012268,-0.026866,1.37525,3.6147,-0.059929,-0.003315,-0.162532,0.5,0.0,18.375,0.074694,0.295556,0.260236
1583,138.180679,843.039978,0.683522,0.614885,0.75,0.125,0.07309,4833.0,0.171517,0.299779,0.099965,0.181919,-0.028763,0.359552,8.570099,-0.02,-0.8,-0.02,-0.25,-0.6,-2.0,0.422201,-0.125736,-0.049428,-0.011548,-0.076993,-0.020035,-0.008775,-0.022503,0.671531,-0.086287,-0.128353,-0.01016,-0.02608,1.257105,3.417648,-0.056584,-0.008807,-0.149854,0.791667,0.0,3.333333,0.077277,0.326134,0.269887
1584,127.936081,769.580017,0.658014,0.578627,1.416667,0.083333,0.073161,4815.0,0.156742,0.267009,0.099329,0.185658,-0.028022,0.377382,8.87947,-0.02,-0.8,-0.02,-0.25,-0.6,-2.0,0.393509,-0.112126,-0.043448,-0.014266,-0.074853,-0.019046,-0.008641,-0.021527,0.639512,-0.084447,-0.123793,-0.010979,-0.023203,1.200333,3.206183,-0.054897,-0.004815,-0.246097,0.625,0.0,3.541667,0.07701,0.323205,0.322166
1585,132.906921,813.820007,0.65017,0.58218,1.041667,0.0,0.073325,4840.0,0.163862,0.311896,0.091636,0.174429,-0.027829,0.329675,8.700815,-0.02,-0.8,-0.02,-0.25,-0.6,-2.0,0.40265,-0.125928,-0.05498,-0.011884,-0.072628,-0.02003,-0.009261,-0.021795,0.624995,-0.082359,-0.124767,-0.011199,-0.023524,1.196022,3.202742,-0.056524,-0.003286,-0.094044,0.833333,0.0,3.375,0.076154,0.301163,0.254073
1586,126.720177,778.150024,0.635166,0.581274,1.458333,0.041667,0.073455,4792.0,0.156083,0.273181,0.090155,0.179258,-0.027956,0.352834,8.526951,-0.02,-0.8,-0.02,-0.25,-0.6,-2.0,0.395689,-0.123314,-0.042504,-0.012837,-0.072953,-0.018975,-0.008505,-0.021406,0.625932,-0.084921,-0.112293,-0.010307,-0.023715,1.189294,3.229417,-0.056273,-0.003896,-0.167338,0.833333,0.0,3.708333,0.072018,0.298971,0.313262
1587,133.507706,806.400024,0.662861,0.600969,1.25,0.0,0.073748,4819.0,0.155912,0.303794,0.1043,0.198707,-0.029378,0.390057,8.704828,-0.02,-0.8,-0.02,-0.25,-0.6,-2.0,0.405609,-0.120654,-0.043713,-0.012691,-0.075465,-0.020408,-0.009649,-0.021911,0.657606,-0.090752,-0.138838,-0.011539,-0.023189,1.239842,3.261301,-0.059266,-0.004786,-0.136188,0.875,0.0,3.5,0.074946,0.328784,0.260924
1588,134.573792,816.369995,0.671249,0.606635,1.416667,0.083333,0.07392,4723.0,0.140193,0.288814,0.093185,0.178032,-0.027882,0.372188,8.71339,-0.02,-0.8,-0.02,-0.25,-0.6,-2.0,0.400773,-0.121024,-0.037846,-0.013693,-0.072088,-0.019852,-0.009032,-0.021881,0.647943,-0.09273,-0.133257,-0.011061,-0.023806,1.292322,3.240324,-0.056342,-0.003009,-0.170644,0.583333,0.0,3.5,0.073847,0.301244,0.319438
1589,144.179688,880.030029,0.742053,0.647914,0.958333,0.0,0.07398,4769.0,0.161629,0.325471,0.108469,0.201721,-0.031076,0.411473,8.507777,-0.02,-0.8,-0.02,-0.25,-0.6,-2.0,0.449742,-0.13006,-0.040802,-0.010341,-0.078038,-0.021989,-0.009593,-0.023279,0.714383,-0.09156,-0.129981,-0.010461,-0.02465,1.430552,3.626039,-0.062644,-0.00537,-0.253638,0.5,0.0,3.541667,0.067201,0.289594,0.283726
1590,139.386459,840.299988,0.725143,0.650252,1.391304,0.043478,0.074034,4773.0,0.155245,0.340047,0.105405,0.203219,-0.030914,0.410752,8.564974,-0.02,-0.8,-0.02,-0.25,-0.6,-2.0,0.434126,-0.136139,-0.039668,-0.011395,-0.077795,-0.020894,-0.009346,-0.023262,0.70069,-0.085699,-0.119053,-0.011802,-0.02493,1.373931,3.4575,-0.060528,-0.002109,-0.241403,0.608696,0.0,3.608696,0.072897,0.311528,0.283644
1591,127.839058,770.570007,0.613248,0.551427,1.166667,0.0,0.074236,4809.0,0.138684,0.283189,0.086846,0.176041,-0.027792,0.350943,8.703174,-0.02,-0.8,-0.02,-0.25,-0.6,-2.0,0.372105,-0.114358,-0.036514,-0.01623,-0.072905,-0.018396,-0.008551,-0.020722,0.594423,-0.086928,-0.114009,-0.010513,-0.024197,1.15687,2.971544,-0.054131,-0.003189,-0.13489,1.291667,0.0,3.291667,0.072525,0.356606,0.294415
1592,136.773407,833.51001,0.644284,0.58817,1.666667,0.0,0.074354,4737.0,0.148193,0.307505,0.094781,0.174524,-0.027991,0.344575,8.710632,-0.02,-0.8,-0.02,-0.25,-0.6,-2.0,0.395102,-0.116887,-0.042104,-0.013514,-0.070876,-0.019965,-0.008917,-0.021691,0.623371,-0.088594,-0.12524,-0.010474,-0.022014,1.221693,3.138536,-0.057088,-0.004809,-0.153093,0.958333,0.0,4.541667,0.071001,0.296856,0.311055
1593,142.623901,882.690002,0.672744,0.58619,1.25,0.0,0.074478,4767.0,0.175696,0.31678,0.094211,0.188951,-0.028867,0.359268,8.697035,-0.02,-0.8,-0.02,-0.25,-0.6,-2.0,0.424663,-0.133613,-0.064242,-0.010411,-0.079975,-0.020944,-0.009114,-0.023421,0.659898,-0.09026,-0.11917,-0.011929,-0.02631,1.240022,3.406143,-0.058877,-0.004872,-0.12853,0.708333,0.0,4.416667,0.079678,0.306348,0.254807
1594,143.374893,885.26001,0.719701,0.653867,1.041667,0.0,0.074688,4783.0,0.16645,0.333531,0.098152,0.196691,-0.029999,0.383397,8.689271,-0.02,-0.8,-0.02,-0.25,-0.6,-2.0,0.441281,-0.140794,-0.052734,-0.009883,-0.083625,-0.022321,-0.009791,-0.024326,0.69501,-0.093992,-0.136738,-0.012587,-0.027062,1.358786,3.522815,-0.061705,-0.004148,-0.169923,0.958333,0.0,5.416667,0.074402,0.299686,0.243752
1595,145.141357,882.909973,0.683414,0.611831,0.875,0.0,0.074809,4826.0,0.168717,0.341539,0.100404,0.189102,-0.028802,0.364389,8.684196,-0.02,-0.8,-0.02,-0.25,-0.6,-2.0,0.424974,-0.124901,-0.051278,-0.008566,-0.076018,-0.020985,-0.009073,-0.0223,0.665012,-0.090346,-0.13282,-0.010458,-0.02457,1.283415,3.361499,-0.059275,-0.002455,-0.108054,0.625,0.0,4.916667,0.072478,0.278322,0.297564
1596,138.769455,851.460022,0.688667,0.616171,0.958333,0.0,0.074943,4771.0,0.168887,0.329114,0.095437,0.184225,-0.028685,0.357052,8.728361,-0.02,-0.8,-0.02,-0.25,-0.6,-2.0,0.423951,-0.128267,-0.047637,-0.010237,-0.074004,-0.021984,-0.009512,-0.021719,0.670956,-0.092198,-0.142424,-0.011622,-0.024487,1.276035,3.371634,-0.060805,-0.00455,-0.168183,0.958333,0.0,4.833333,0.071789,0.313414,0.26768
1597,138.245209,856.429993,0.70898,0.621355,1.083333,0.0,0.075,4749.0,0.171689,0.352525,0.106455,0.211885,-0.031964,0.40183,8.634873,-0.02,-0.8,-0.02,-0.25,-0.6,-2.0,0.427748,-0.125973,-0.063442,-0.010735,-0.087525,-0.022489,-0.010538,-0.025084,0.668252,-0.094507,-0.14577,-0.012482,-0.026263,1.295266,3.335035,-0.064912,-0.005074,-0.198412,0.875,0.0,4.541667,0.082096,0.332523,0.266039
1598,129.720596,801.98999,0.659339,0.577493,1.416667,0.083333,0.075069,4779.0,0.160991,0.285946,0.090864,0.186031,-0.028511,0.355289,8.89518,-0.02,-0.8,-0.02,-0.25,-0.6,-2.0,0.405242,-0.129904,-0.04431,-0.013103,-0.078521,-0.020941,-0.00948,-0.022367,0.641882,-0.09401,-0.12973,-0.011633,-0.025937,1.221074,3.262878,-0.058896,-0.003982,-0.161308,0.666667,0.0,4.166667,0.071622,0.308582,0.310533
1599,139.083176,851.02002,0.658168,0.602203,1.666667,0.0,0.075365,4706.0,0.15296,0.294657,0.095585,0.175394,-0.028744,0.338598,8.890118,-0.02,-0.8,-0.02,-0.25,-0.6,-2.0,0.404907,-0.123196,-0.047065,-0.013964,-0.07691,-0.020871,-0.009123,-0.022827,0.643175,-0.089816,-0.119217,-0.012281,-0.024734,1.259429,3.252896,-0.058483,-0.004595,-0.16062,0.75,0.0,3.791667,0.077856,0.313083,0.316502
1600,144.667099,877.429993,0.700186,0.621154,1.041667,0.041667,0.075567,4712.0,0.162166,0.307645,0.099255,0.189226,-0.029251,0.377182,8.778208,-0.02,-0.8,-0.02,-0.25,-0.6,-2.0,0.423739,-0.130874,-0.051214,-0.009704,-0.074851,-0.022345,-0.00986,-0.022835,0.662371,-0.094552,-0.1408,-0.01137,-0.023827,1.304436,3.395766,-0.061374,-0.004713,-0.184961,0.416667,0.0,4.166667,0.065231,0.265054,0.246458
1601,134.383087,809.799988,0.680929,0.609673,0.916667,0.083333,0.075796,4387.0,0.139847,0.294903,0.098173,0.169966,-0.027363,0.339678,8.762121,-0.02,-0.8,-0.02,-0.25,-0.6,-2.0,0.406826,-0.120096,-0.036295,-0.012207,-0.06962,-0.020699,-0.008403,-0.021146,0.65434,-0.081008,-0.12358,-0.0099,-0.023448,1.305444,3.26188,-0.056969,-0.002849,-0.101525,1.041667,0.0,3.5,0.077445,0.308137,0.25433
1602,135.964386,810.700012,0.651531,0.58465,1.208333,0.0,0.075792,4557.0,0.145563,0.291759,0.09244,0.169113,-0.026844,0.347385,8.749735,-0.02,-0.8,-0.02,-0.25,-0.6,-2.0,0.389713,-0.117931,-0.027604,-0.01294,-0.069609,-0.020149,-0.008247,-0.020003,0.637385,-0.0859,-0.123026,-0.009944,-0.023491,1.219174,3.129996,-0.055792,-0.00312,-0.111471,0.833333,0.0,3.541667,0.070008,0.280915,0.29226
1603,144.261414,888.039978,0.71609,0.647262,0.916667,0.041667,0.076053,4549.0,0.181444,0.33195,0.107411,0.197817,-0.030425,0.376396,8.664618,-0.02,-0.8,-0.02,-0.25,-0.6,-2.0,0.439131,-0.128775,-0.04647,-0.007682,-0.080612,-0.02297,-0.009532,-0.023643,0.704901,-0.093214,-0.140716,-0.011224,-0.027155,1.291516,3.506103,-0.063585,-0.004521,-0.151444,0.583333,0.0,4.791667,0.069105,0.234654,0.25466
1604,136.707443,831.48999,0.689436,0.617205,1.166667,0.0,0.076185,4419.0,0.148366,0.311885,0.111796,0.20346,-0.0309,0.414807,8.488246,-0.02,-0.8,-0.02,-0.25,-0.6,-2.0,0.412979,-0.122122,-0.038249,-0.011828,-0.078443,-0.022092,-0.009974,-0.023052,0.65744,-0.088852,-0.135198,-0.011305,-0.024296,1.319235,3.285086,-0.061776,-0.003471,-0.140562,0.625,0.0,4.0,0.062124,0.293773,0.306083
1605,146.557602,875.359985,0.733649,0.667638,1.125,0.0,0.076337,4413.0,0.155729,0.313547,0.103794,0.192402,-0.031384,0.388464,8.720083,-0.02,-0.8,-0.02,-0.25,-0.6,-2.0,0.436331,-0.136034,-0.030228,-0.010414,-0.080741,-0.022727,-0.009843,-0.024211,0.70123,-0.093574,-0.140981,-0.012702,-0.025391,1.402584,3.515095,-0.063562,-0.00289,-0.159282,0.708333,0.0,3.958333,0.064019,0.256556,0.288764
1606,138.617554,843.630005,0.690565,0.608358,1.125,0.0,0.076557,4599.0,0.165384,0.304735,0.095503,0.185656,-0.028853,0.348159,8.925044,-0.02,-0.8,-0.02,-0.25,-0.6,-2.0,0.417311,-0.131874,-0.052848,-0.009692,-0.082304,-0.022268,-0.009785,-0.023927,0.653852,-0.096109,-0.129495,-0.013175,-0.025803,1.254568,3.316339,-0.061851,-0.004132,-0.138219,0.791667,0.0,5.0,0.084026,0.280447,0.291772
1607,129.2043,806.309998,0.669598,0.61099,1.041667,0.166667,0.076662,4400.0,0.164961,0.323997,0.101234,0.196361,-0.029977,0.367736,8.606373,-0.02,-0.8,-0.02,-0.25,-0.6,-2.0,0.410123,-0.12516,-0.050594,-0.01099,-0.083245,-0.022576,-0.01016,-0.02335,0.653923,-0.095285,-0.15497,-0.011526,-0.025674,1.230227,3.228347,-0.063107,-0.019994,-0.15127,0.583333,0.0,4.25,0.072921,0.274187,0.320038
1608,129.728699,809.23999,0.698312,0.606152,1.416667,0.041667,0.076863,4532.0,0.158539,0.311485,0.097649,0.182055,-0.028315,0.356241,8.644359,-0.02,-0.8,-0.02,-0.25,-0.6,-2.0,0.417774,-0.123335,-0.05484,-0.011845,-0.072719,-0.021917,-0.008839,-0.022545,0.650328,-0.088759,-0.127213,-0.011009,-0.024406,1.291318,3.339708,-0.059743,-0.005048,-0.167263,0.5,0.0,4.291667,0.074322,0.280527,0.310268
1609,143.200882,877.469971,0.741637,0.653858,0.75,0.041667,0.076936,4373.0,0.16905,0.334742,0.110213,0.207472,-0.03069,0.41253,8.518493,-0.02,-0.8,-0.02,-0.25,-0.6,-2.0,0.443954,-0.130296,-0.04736,-0.008187,-0.079256,-0.023388,-0.009102,-0.023198,0.70783,-0.089337,-0.13198,-0.010618,-0.026876,1.377193,3.531341,-0.064211,-0.006193,-0.166865,0.416667,0.0,3.791667,0.072345,0.285014,0.276277
1610,133.118546,830.72998,0.691411,0.603711,1.375,0.0,0.077122,4590.0,0.164417,0.316121,0.095843,0.189273,-0.029676,0.361417,8.68796,-0.02,-0.8,-0.02,-0.25,-0.6,-2.0,0.414738,-0.12992,-0.048692,-0.011833,-0.078529,-0.022961,-0.009988,-0.023333,0.644206,-0.103868,-0.144447,-0.012354,-0.025478,1.261838,3.276751,-0.063446,-0.004157,-0.182585,0.666667,0.0,4.416667,0.077157,0.321256,0.305054
1611,136.054092,834.309998,0.714633,0.642635,0.583333,0.25,0.077515,4686.0,0.1685,0.340606,0.107602,0.195059,-0.03112,0.380484,8.478613,-0.02,-0.8,-0.02,-0.25,-0.6,-2.0,0.42901,-0.130327,-0.047109,-0.009906,-0.081139,-0.02357,-0.010323,-0.023682,0.684756,-0.100673,-0.157356,-0.012176,-0.024401,1.316521,3.368325,-0.065361,-0.002508,-0.157873,0.666667,0.0,3.833333,0.072511,0.284188,0.264742
1612,142.033615,876.799988,0.737707,0.629351,0.916667,0.0,0.0778,4569.0,0.176365,0.369387,0.1124,0.207377,-0.031438,0.405219,8.57373,-0.02,-0.8,-0.02,-0.25,-0.6,-2.0,0.444198,-0.130482,-0.057503,-0.009583,-0.081034,-0.023392,-0.009258,-0.024311,0.70796,-0.095132,-0.143245,-0.011724,-0.027325,1.342337,3.462783,-0.063815,-0.003694,-0.229907,0.5,0.0,3.666667,0.076174,0.306777,0.261927
1613,136.019882,846.630005,0.708535,0.608155,0.826087,0.043478,0.078102,4225.0,0.16502,0.359613,0.094094,0.177183,-0.028291,0.334447,8.660821,-0.02,-0.8,-0.02,-0.25,-0.6,-2.0,0.4341,-0.13202,-0.064228,-0.009602,-0.08072,-0.023708,-0.009552,-0.023985,0.676086,-0.091188,-0.144861,-0.010948,-0.027112,1.333174,3.390056,-0.063438,-0.007421,-0.127332,0.73913,0.0,4.217391,0.075009,0.291724,0.25009
1614,141.835312,856.98999,0.732947,0.643094,1.083333,0.0,0.07822,4660.0,0.166821,0.322405,0.100343,0.193808,-0.029129,0.374626,8.546859,-0.02,-0.8,-0.02,-0.25,-0.6,-2.0,0.438938,-0.14109,-0.056152,-0.009601,-0.083672,-0.023283,-0.009059,-0.024275,0.697951,-0.090217,-0.1277,-0.011251,-0.027603,1.347506,3.503278,-0.062707,-0.006203,-0.147649,0.666667,0.0,4.416667,0.071776,0.285172,0.255327
1615,147.775772,925.179993,0.753832,0.6626,0.666667,0.0,0.078578,4579.0,0.184224,0.370257,0.111916,0.208853,-0.034424,0.420203,8.441051,-0.02,-0.8,-0.02,-0.25,-0.6,-2.0,0.465405,-0.145095,-0.045102,-0.006811,-0.089624,-0.026795,-0.011064,-0.026587,0.749895,-0.100841,-0.159818,-0.012847,-0.030657,1.418264,3.63832,-0.071202,-0.008197,-0.230284,0.416667,0.0,3.875,0.079324,0.293908,0.241628
1616,139.672226,844.590027,0.728169,0.645458,1.083333,0.0,0.078874,4548.0,0.165617,0.322044,0.110103,0.206745,-0.031453,0.408831,8.493399,-0.02,-0.8,-0.02,-0.25,-0.6,-2.0,0.437605,-0.131617,-0.038551,-0.009019,-0.08416,-0.024118,-0.00975,-0.024927,0.707977,-0.094481,-0.138455,-0.011971,-0.02738,1.364512,3.463905,-0.06619,-0.004834,-0.150317,0.458333,0.0,3.708333,0.075837,0.257332,0.239947
1617,137.424515,844.809998,0.695819,0.644413,1.166667,0.125,0.079029,4324.0,0.162273,0.321487,0.111137,0.202767,-0.030645,0.394204,8.514259,-0.02,-0.8,-0.02,-0.25,-0.6,-2.0,0.426005,-0.128971,-0.036363,-0.010109,-0.080559,-0.023305,-0.009781,-0.023246,0.698586,-0.098127,-0.140535,-0.01081,-0.025226,1.32274,3.374017,-0.064827,-0.006613,-0.211488,0.5,0.0,3.916667,0.067962,0.267965,0.28663
1618,146.606934,884.890015,0.74623,0.677828,0.791667,0.0,0.079303,4564.0,0.171205,0.333262,0.11024,0.2007,-0.031459,0.392863,8.479602,-0.02,-0.8,-0.02,-0.25,-0.6,-2.0,0.441027,-0.127147,-0.040411,-0.009139,-0.08396,-0.024539,-0.00992,-0.025472,0.719147,-0.097565,-0.139083,-0.011659,-0.028948,1.358983,3.488437,-0.065791,-0.004904,-0.153447,0.625,0.0,4.208333,0.078244,0.283864,0.2815
1619,141.258179,864.179993,0.709997,0.639889,1.041667,0.0,0.079196,4438.0,0.168932,0.334713,0.106308,0.196958,-0.031721,0.373765,8.446162,-0.02,-0.8,-0.02,-0.25,-0.6,-2.0,0.4313,-0.131574,-0.039405,-0.011903,-0.086255,-0.023637,-0.010031,-0.024202,0.700917,-0.09692,-0.152214,-0.011953,-0.027626,1.328949,3.403848,-0.065816,-0.006488,-0.193871,0.875,0.0,4.291667,0.068847,0.297215,0.291597
1620,136.428589,844.289978,0.671865,0.597994,1.291667,0.125,0.07926,4591.0,0.158558,0.341758,0.092046,0.174166,-0.028112,0.340339,8.474315,-0.02,-0.8,-0.02,-0.25,-0.6,-2.0,0.412729,-0.129376,-0.049488,-0.01291,-0.077598,-0.022342,-0.008995,-0.022443,0.657046,-0.087642,-0.123589,-0.011098,-0.025981,1.270172,3.219366,-0.059963,-0.003662,-0.155411,0.666667,0.0,3.833333,0.076833,0.323566,0.289649
1621,146.15062,898.47998,0.723482,0.638076,0.875,0.0,0.079499,4244.0,0.18106,0.346185,0.1044,0.187139,-0.029654,0.351036,8.426888,-0.02,-0.8,-0.02,-0.25,-0.6,-2.0,0.43338,-0.12686,-0.048107,-0.010704,-0.080593,-0.023863,-0.009115,-0.023633,0.698948,-0.095199,-0.139308,-0.011416,-0.026727,1.279889,3.408213,-0.063533,-0.003059,-0.145959,0.375,0.0,3.416667,0.074731,0.284516,0.28573
1622,144.639526,885.559998,0.738597,0.647015,0.608696,0.0,0.079646,4332.0,0.167787,0.33935,0.116701,0.209504,-0.032556,0.424748,8.4245,-0.02,-0.8,-0.02,-0.25,-0.6,-2.0,0.448105,-0.13497,-0.046119,-0.007302,-0.082593,-0.024689,-0.009739,-0.024513,0.721371,-0.090835,-0.140216,-0.011858,-0.026326,1.400285,3.562244,-0.067326,-0.006072,-0.177665,0.478261,0.0,3.565217,0.070826,0.268889,0.234323
1623,134.976593,863.030029,0.703038,0.620904,0.708333,0.0,0.079586,4543.0,0.172998,0.330995,0.09433,0.191656,-0.029517,0.371117,8.296906,-0.02,-0.8,-0.02,-0.25,-0.6,-2.0,0.42309,-0.13815,-0.054405,-0.010071,-0.084786,-0.02388,-0.009745,-0.023877,0.664279,-0.090021,-0.137857,-0.012431,-0.026668,1.260417,3.331372,-0.064552,-0.004151,-0.174799,0.666667,0.0,3.708333,0.075175,0.275509,0.268894
1624,126.087952,779.130005,0.667526,0.61814,1.25,0.041667,0.079869,3371.0,0.159868,0.308167,0.093344,0.18147,-0.028892,0.359567,8.727934,-0.02,-0.8,-0.02,-0.25,-0.6,-2.0,0.405373,-0.131346,-0.038209,-0.011925,-0.077781,-0.022288,-0.008994,-0.022336,0.648483,-0.088227,-0.124917,-0.011137,-0.025009,1.236693,3.230488,-0.06111,-0.004564,-0.15498,0.666667,0.0,15.333334,0.083865,0.295277,0.264393
1625,142.468124,867.23999,0.746476,0.648251,0.916667,0.041667,0.080093,3060.0,0.168368,0.338539,0.103478,0.19293,-0.030926,0.379715,8.356299,-0.02,-0.8,-0.02,-0.25,-0.6,-2.0,0.437927,-0.139927,-0.035886,-0.008962,-0.0806,-0.024522,-0.009868,-0.023615,0.71033,-0.091834,-0.135146,-0.01192,-0.025896,1.357412,3.448423,-0.066336,-0.003306,-0.153296,0.416667,0.0,3.666667,0.063093,0.267951,0.257927
1626,142.174423,882.859985,0.72739,0.630324,1.0,0.083333,0.080281,3207.0,0.174712,0.330795,0.102697,0.19952,-0.030897,0.374487,8.583235,-0.02,-0.8,-0.02,-0.25,-0.6,-2.0,0.435939,-0.133069,-0.050148,-0.009519,-0.083734,-0.024733,-0.009877,-0.0241,0.679181,-0.097057,-0.136174,-0.01176,-0.028663,1.312378,3.431575,-0.066637,-0.006016,-0.18596,0.291667,0.0,4.083333,0.074848,0.296861,0.277144
1627,136.074677,837.289978,0.703802,0.638881,1.333333,0.041667,0.080479,3240.0,0.162943,0.306962,0.10831,0.185704,-0.030622,0.365808,8.548818,-0.02,-0.8,-0.02,-0.25,-0.6,-2.0,0.421042,-0.131083,-0.041271,-0.012605,-0.084586,-0.023936,-0.010007,-0.023666,0.67584,-0.104793,-0.163796,-0.011821,-0.026784,1.3087,3.342212,-0.06433,-0.010618,-0.156555,0.666667,0.0,3.541667,0.074484,0.266563,0.304763
1628,140.58815,863.469971,0.704324,0.629591,1.0,0.041667,0.080768,3113.0,0.170854,0.340645,0.090722,0.185239,-0.02902,0.352861,8.528071,-0.02,-0.8,-0.02,-0.25,-0.6,-2.0,0.43029,-0.148087,-0.053058,-0.009509,-0.083932,-0.02451,-0.009932,-0.024319,0.680774,-0.100729,-0.148419,-0.012584,-0.026359,1.301839,3.373578,-0.06501,-0.005953,-0.182724,0.291667,0.0,3.833333,0.073103,0.244683,0.286222
1629,135.090759,840.049988,0.704307,0.626183,1.208333,0.0,0.080926,2994.0,0.178574,0.361162,0.108532,0.203732,-0.031863,0.402569,8.34411,-0.02,-0.8,-0.02,-0.25,-0.6,-2.0,0.431839,-0.128852,-0.055252,-0.009562,-0.084372,-0.024859,-0.00972,-0.025024,0.69879,-0.098781,-0.141633,-0.011495,-0.027334,1.287801,3.325832,-0.067159,-0.003685,-0.163955,0.333333,0.0,4.208333,0.069668,0.284727,0.295862
1630,141.141434,882.440002,0.685739,0.612761,1.0,0.0,0.081224,3326.0,0.168639,0.328815,0.099504,0.190216,-0.029645,0.365442,8.353104,-0.02,-0.8,-0.02,-0.25,-0.6,-2.0,0.421654,-0.129638,-0.056058,-0.011821,-0.078709,-0.023688,-0.009339,-0.022775,0.673915,-0.095479,-0.139013,-0.010886,-0.025717,1.274041,3.328868,-0.06432,-0.004881,-0.179189,0.208333,0.0,3.5,0.072985,0.281508,0.307351
1631,135.669357,867.280029,0.696029,0.619097,0.956522,0.0,0.081249,3088.0,0.167501,0.338516,0.101154,0.196566,-0.030201,0.377361,8.467649,-0.02,-0.8,-0.02,-0.25,-0.6,-2.0,0.427268,-0.132163,-0.054762,-0.010333,-0.086365,-0.024434,-0.009872,-0.023694,0.671508,-0.10221,-0.151106,-0.013023,-0.02684,1.301093,3.350832,-0.065963,-0.004003,-0.20136,0.521739,0.0,3.565217,0.072856,0.286588,0.301015
1632,149.292252,909.390015,0.747244,0.685413,0.875,0.041667,0.081271,3139.0,0.171093,0.340767,0.113196,0.204402,-0.033173,0.387693,8.410648,-0.02,-0.8,-0.02,-0.25,-0.6,-2.0,0.451321,-0.138716,-0.038463,-0.008435,-0.085606,-0.026078,-0.01062,-0.02513,0.741418,-0.098328,-0.151313,-0.012676,-0.028383,1.4004,3.562917,-0.070815,-0.003238,-0.167102,0.208333,0.0,3.833333,0.061213,0.236814,0.249345
1633,142.436859,886.440002,0.703453,0.639664,0.956522,0.0,0.0814,3246.0,0.168995,0.337006,0.106421,0.193879,-0.03057,0.366566,8.328259,-0.02,-0.8,-0.02,-0.25,-0.6,-2.0,0.428659,-0.125073,-0.043899,-0.010174,-0.078886,-0.024992,-0.009488,-0.023591,0.677456,-0.10154,-0.146523,-0.011176,-0.025857,1.309912,3.354702,-0.066232,-0.002597,-0.150158,0.565217,0.0,4.304348,0.080777,0.290179,0.27238
1634,144.620316,888.049988,0.727271,0.639205,0.826087,0.043478,0.08153,3222.0,0.169032,0.329977,0.09951,0.199623,-0.030453,0.391941,8.375422,-0.02,-0.8,-0.02,-0.25,-0.6,-2.0,0.432024,-0.14024,-0.040323,-0.008269,-0.086595,-0.024852,-0.009461,-0.024041,0.695656,-0.094563,-0.143304,-0.013013,-0.027476,1.317303,3.403412,-0.066668,-0.003664,-0.15531,0.304348,0.0,4.652174,0.066133,0.252473,0.268444
1635,145.988098,926.299988,0.755647,0.662173,0.916667,0.0,0.08177,3117.0,0.188416,0.384874,0.104167,0.200013,-0.031373,0.37907,8.774779,-0.02,-0.8,-0.02,-0.25,-0.6,-2.0,0.459912,-0.146292,-0.056824,-0.005634,-0.083549,-0.02589,-0.009607,-0.02461,0.730946,-0.093577,-0.133638,-0.012522,-0.028461,1.36015,3.572804,-0.068469,-0.004001,-0.195574,0.333333,0.0,5.75,0.071257,0.248495,0.259073
1636,140.48732,870.679993,0.717184,0.649347,0.916667,0.041667,0.081954,3298.0,0.169536,0.349713,0.101108,0.193015,-0.029485,0.370261,8.402639,-0.02,-0.8,-0.02,-0.25,-0.6,-2.0,0.441275,-0.138281,-0.053606,-0.008389,-0.080691,-0.025592,-0.009489,-0.024256,0.692644,-0.0957,-0.142376,-0.01175,-0.027194,1.35014,3.460294,-0.067293,-0.004976,-0.157833,0.75,0.0,4.875,0.071305,0.269971,0.238046
1637,151.804489,928.849976,0.769443,0.672355,0.541667,0.0,0.081941,4169.0,0.178928,0.354522,0.112897,0.210652,-0.033622,0.4125,8.367815,-0.02,-0.8,-0.02,-0.25,-0.6,-2.0,0.45705,-0.136287,-0.038654,-0.007089,-0.086852,-0.026711,-0.010173,-0.024991,0.734504,-0.092009,-0.140332,-0.011291,-0.028908,1.394359,3.592405,-0.071377,-0.00308,-0.186065,0.5,0.0,4.958333,0.062783,0.248565,0.244894
1638,131.845825,836.97998,0.703064,0.621677,1.208333,0.083333,0.081973,4397.0,0.18576,0.328031,0.104185,0.193336,-0.03013,0.370995,8.473311,-0.02,-0.8,-0.02,-0.25,-0.6,-2.0,0.431113,-0.130155,-0.055216,-0.009114,-0.082299,-0.025976,-0.009861,-0.024301,0.679459,-0.102353,-0.15001,-0.011775,-0.028123,1.250987,3.379247,-0.067617,-0.005911,-0.161637,0.5,0.0,4.75,0.072727,0.225048,0.27941
1639,134.849075,864.960022,0.711704,0.615201,0.875,0.0,0.082304,4490.0,0.18478,0.341705,0.103258,0.186,-0.029441,0.348448,8.557215,-0.02,-0.8,-0.02,-0.25,-0.6,-2.0,0.432963,-0.128211,-0.069273,-0.008465,-0.082715,-0.02534,-0.009174,-0.02419,0.688679,-0.096207,-0.145896,-0.011374,-0.028569,1.255271,3.388099,-0.065671,-0.007067,-0.190397,0.625,0.0,4.958333,0.0799,0.298913,0.253275
1640,131.724854,833.809998,0.701524,0.612869,1.041667,0.041667,0.082417,4684.0,0.183399,0.360356,0.100313,0.191743,-0.030483,0.35204,8.36348,-0.02,-0.8,-0.02,-0.25,-0.6,-2.0,0.421169,-0.130268,-0.05197,-0.009629,-0.084429,-0.025153,-0.009911,-0.023459,0.663649,-0.100587,-0.140288,-0.012085,-0.029227,1.205705,3.22141,-0.066891,-0.004009,-0.123666,0.375,0.0,4.416667,0.069575,0.257508,0.306933
1641,139.104309,866.109985,0.71357,0.614807,1.083333,0.0,0.082549,4677.0,0.185289,0.343269,0.105623,0.188144,-0.030166,0.356538,8.346783,-0.02,-0.8,-0.02,-0.25,-0.6,-2.0,0.430914,-0.129942,-0.059312,-0.009407,-0.078177,-0.025798,-0.009888,-0.023524,0.67831,-0.095198,-0.152064,-0.011,-0.026346,1.256742,3.358684,-0.066649,-0.004797,-0.120902,0.458333,0.0,4.25,0.070623,0.284269,0.263854
1642,145.628235,910.880005,0.759933,0.657586,0.708333,0.0,0.082767,4345.0,0.186297,0.344781,0.108895,0.195565,-0.030673,0.36617,8.492353,-0.02,-0.8,-0.02,-0.25,-0.6,-2.0,0.452641,-0.142986,-0.062071,-0.005803,-0.083481,-0.026468,-0.009887,-0.025501,0.726556,-0.095368,-0.139182,-0.012407,-0.028001,1.339698,3.563404,-0.068778,-0.003442,-0.170954,0.208333,0.0,4.291667,0.072855,0.20927,0.252166
1643,137.51091,853.23999,0.673605,0.608646,1.041667,0.0,0.082954,4656.0,0.159918,0.325228,0.100659,0.188279,-0.029926,0.363417,8.529254,-0.02,-0.8,-0.02,-0.25,-0.6,-2.0,0.40311,-0.124572,-0.037875,-0.0113,-0.081262,-0.025009,-0.010157,-0.023598,0.65216,-0.107547,-0.152397,-0.012484,-0.026303,1.23271,3.120674,-0.066628,-0.003595,-0.173211,0.375,0.0,3.916667,0.076493,0.260923,0.293364
1644,145.967316,894.440002,0.717818,0.64354,1.083333,0.0,0.082827,4620.0,0.15627,0.333131,0.097061,0.187851,-0.029153,0.368692,8.502758,-0.02,-0.8,-0.02,-0.25,-0.6,-2.0,0.435121,-0.144656,-0.034413,-0.008688,-0.079314,-0.025141,-0.009547,-0.023615,0.684829,-0.093794,-0.137094,-0.012328,-0.024161,1.389909,3.432537,-0.066851,-0.002151,-0.114524,0.291667,0.0,4.583333,0.063414,0.26707,0.295198
1645,140.754425,879.340027,0.735178,0.659535,0.875,0.041667,0.082981,4460.0,0.172737,0.346563,0.107635,0.19259,-0.030441,0.370476,8.333353,-0.02,-0.8,-0.02,-0.25,-0.6,-2.0,0.445041,-0.140617,-0.051389,-0.007432,-0.079098,-0.026703,-0.009486,-0.024267,0.704435,-0.101048,-0.145562,-0.01149,-0.027259,1.361727,3.489762,-0.068405,-0.003577,-0.19527,0.166667,0.0,4.25,0.066892,0.251508,0.273452
1646,148.849976,915.039978,0.745933,0.670301,0.583333,0.0,0.083038,4646.0,0.170803,0.345624,0.11659,0.197876,-0.031151,0.384572,8.353296,-0.02,-0.8,-0.02,-0.25,-0.6,-2.0,0.452584,-0.131718,-0.046948,-0.005482,-0.081494,-0.026563,-0.009421,-0.024005,0.718753,-0.096994,-0.147643,-0.010706,-0.026428,1.4143,3.562584,-0.069266,-0.003014,-0.123454,0.208333,0.0,4.791667,0.057845,0.211554,0.230025
1647,149.846298,916.710022,0.775639,0.669911,0.666667,0.0,0.082879,4252.0,0.178149,0.355543,0.113921,0.20761,-0.031224,0.409405,8.562133,-0.02,-0.8,-0.02,-0.25,-0.6,-2.0,0.459524,-0.144923,-0.058253,-0.007971,-0.084477,-0.026355,-0.009265,-0.024336,0.74613,-0.09897,-0.137726,-0.011107,-0.029865,1.403399,3.609016,-0.068447,-0.004037,-0.178022,0.291667,0.0,3.916667,0.066533,0.238345,0.264477
1648,141.909531,885.369995,0.733036,0.657108,0.833333,0.0,0.082928,4452.0,0.186246,0.357853,0.11074,0.194709,-0.03024,0.372371,8.436815,-0.02,-0.8,-0.02,-0.25,-0.6,-2.0,0.451204,-0.129138,-0.054302,-0.00616,-0.083672,-0.026938,-0.009353,-0.02443,0.710294,-0.095052,-0.140571,-0.010763,-0.029876,1.324759,3.517609,-0.0678,-0.005408,-0.168108,0.375,0.0,5.291667,0.06601,0.210244,0.260729
1649,148.324844,919.419983,0.727958,0.65679,0.666667,0.0,0.082991,4598.0,0.171852,0.342793,0.107169,0.191156,-0.031211,0.375158,8.376137,-0.02,-0.8,-0.02,-0.25,-0.6,-2.0,0.441241,-0.140968,-0.04749,-0.006543,-0.078463,-0.026062,-0.00953,-0.024256,0.711013,-0.08841,-0.136889,-0.011188,-0.026639,1.344639,3.452172,-0.067976,-0.004934,-0.139835,0.25,0.0,4.75,0.062338,0.225742,0.226645
1650,142.488159,883.299988,0.738633,0.674183,0.875,0.0,0.083083,4663.0,0.166187,0.341276,0.101828,0.195184,-0.030718,0.372565,8.487746,-0.02,-0.8,-0.02,-0.25,-0.6,-2.0,0.444066,-0.140758,-0.034033,-0.007717,-0.086528,-0.026854,-0.010048,-0.024393,0.718559,-0.102713,-0.16187,-0.012434,-0.027228,1.392288,3.483013,-0.070557,-0.003359,-0.167404,0.291667,0.0,4.625,0.055341,0.215826,0.247758
1651,138.083603,863.049988,0.723397,0.641727,0.652174,0.0,0.083283,4466.0,0.17161,0.35825,0.102534,0.187694,-0.03007,0.361939,8.605009,-0.02,-0.8,-0.02,-0.25,-0.6,-2.0,0.435113,-0.132317,-0.049858,-0.006872,-0.079913,-0.026696,-0.009908,-0.024918,0.682267,-0.093614,-0.141316,-0.011801,-0.028129,1.330291,3.359812,-0.06838,-0.003805,-0.144847,0.391304,0.0,4.173913,0.070678,0.243654,0.275372
1652,142.189346,894.059998,0.737154,0.653783,0.75,0.0,0.083443,4393.0,0.176009,0.36574,0.097648,0.190405,-0.030411,0.356307,8.347839,-0.02,-0.8,-0.02,-0.25,-0.6,-2.0,0.44097,-0.141122,-0.050825,-0.00781,-0.085985,-0.027064,-0.010212,-0.025236,0.695764,-0.104351,-0.148777,-0.012715,-0.028175,1.341749,3.406829,-0.070651,-0.002377,-0.16621,0.291667,0.0,4.583333,0.072498,0.24993,0.257172
1653,138.255066,871.099976,0.713055,0.65537,0.791667,0.0,0.08366,4451.0,0.186918,0.365776,0.109726,0.204671,-0.032137,0.373372,8.308165,-0.02,-0.8,-0.02,-0.25,-0.6,-2.0,0.444348,-0.139739,-0.051688,-0.007109,-0.089793,-0.027017,-0.010116,-0.025427,0.711354,-0.098955,-0.147783,-0.01286,-0.029691,1.309345,3.428232,-0.071323,-0.003624,-0.154667,0.375,0.0,3.958333,0.069339,0.222673,0.275264
1654,139.093674,869.76001,0.718838,0.650849,0.916667,0.0,0.08378,4601.0,0.1694,0.337808,0.111749,0.197324,-0.031127,0.3751,8.434664,-0.02,-0.8,-0.02,-0.25,-0.6,-2.0,0.433888,-0.12993,-0.037979,-0.009497,-0.079574,-0.026534,-0.010131,-0.023806,0.701316,-0.107244,-0.150794,-0.011836,-0.025384,1.338985,3.373065,-0.069539,-0.003483,-0.184441,0.625,0.0,3.833333,0.066092,0.251496,0.262287
1655,137.076782,860.090027,0.666564,0.596633,0.916667,0.125,0.083798,4434.0,0.171931,0.33729,0.098928,0.188301,-0.029487,0.359258,8.532179,-0.02,-0.8,-0.02,-0.25,-0.6,-2.0,0.409412,-0.124122,-0.047729,-0.01003,-0.081103,-0.025226,-0.009799,-0.023782,0.646993,-0.095684,-0.143128,-0.011869,-0.026641,1.210747,3.145231,-0.065344,-0.002583,-0.158614,0.458333,0.0,4.708333,0.077037,0.297255,0.274044
1656,149.356125,923.840027,0.772496,0.689343,0.73913,0.0,0.083721,4716.0,0.176469,0.37252,0.119714,0.211897,-0.033609,0.397564,8.279778,-0.02,-0.8,-0.02,-0.25,-0.6,-2.0,0.467724,-0.141078,-0.049662,-0.00524,-0.085685,-0.028345,-0.010484,-0.0257,0.759616,-0.102287,-0.151624,-0.012314,-0.028547,1.455939,3.623572,-0.073878,-0.003417,-0.207846,0.130435,0.0,4.304348,0.058543,0.217771,0.272431
1657,137.275146,854.349976,0.713619,0.624106,0.791667,0.0,0.083831,4494.0,0.178256,0.322682,0.099533,0.189997,-0.031005,0.358618,8.246192,-0.02,-0.8,-0.02,-0.25,-0.6,-2.0,0.427151,-0.13765,-0.054795,-0.009356,-0.085724,-0.026903,-0.010219,-0.02475,0.694118,-0.101833,-0.143071,-0.012896,-0.027727,1.265015,3.337236,-0.069564,-0.002263,-0.149825,0.416667,0.0,3.958333,0.078608,0.27889,0.265415
1658,142.866638,898.179993,0.749485,0.683756,0.458333,0.041667,0.084004,4605.0,0.201583,0.387315,0.121328,0.223013,-0.034907,0.412714,8.290598,-0.02,-0.8,-0.02,-0.25,-0.6,-2.0,0.460193,-0.138279,-0.041085,-0.004504,-0.095016,-0.029373,-0.011038,-0.0261,0.751929,-0.113963,-0.183743,-0.013314,-0.03169,1.33357,3.531348,-0.077653,-0.004419,-0.1641,0.166667,0.0,4.25,0.056634,0.22018,0.235109
1659,153.308838,962.590027,0.815565,0.702234,0.208333,0.0,0.083957,4284.0,0.199176,0.377021,0.121602,0.225941,-0.034389,0.437728,8.275808,-0.02,-0.8,-0.02,-0.25,-0.6,-2.0,0.485914,-0.146226,-0.056456,-0.001794,-0.09372,-0.029739,-0.010448,-0.02683,0.794533,-0.106004,-0.153883,-0.013126,-0.031376,1.450444,3.785186,-0.077309,-0.003197,-0.239481,0.125,0.0,4.666667,0.067014,0.202335,0.220633
1660,140.745407,885.47998,0.758123,0.658683,0.541667,0.0,0.084125,4625.0,0.188082,0.394458,0.106365,0.194154,-0.030043,0.374279,8.129041,-0.02,-0.8,-0.02,-0.25,-0.6,-2.0,0.459128,-0.136519,-0.06309,-0.004564,-0.085213,-0.027653,-0.009143,-0.025555,0.732787,-0.094331,-0.139551,-0.011471,-0.02981,1.354989,3.520695,-0.069234,-0.004316,-0.215433,0.166667,0.0,4.166667,0.072364,0.20373,0.253967
1661,150.364548,934.640015,0.735416,0.65431,0.791667,0.041667,0.084277,4666.0,0.181479,0.361727,0.107621,0.198793,-0.031001,0.37744,8.348915,-0.02,-0.8,-0.02,-0.25,-0.6,-2.0,0.439917,-0.140497,-0.044719,-0.008835,-0.084095,-0.026789,-0.009607,-0.024527,0.714229,-0.096955,-0.138382,-0.011273,-0.027121,1.312299,3.391744,-0.070236,-0.003448,-0.121307,0.333333,0.0,4.833333,0.067831,0.253098,0.258873
1662,143.541687,892.97998,0.741609,0.679087,0.666667,0.041667,0.084312,4588.0,0.176136,0.372929,0.110249,0.205946,-0.030884,0.407524,8.230093,-0.02,-0.8,-0.02,-0.25,-0.6,-2.0,0.45231,-0.137399,-0.04675,-0.007135,-0.081788,-0.027774,-0.009719,-0.025274,0.728171,-0.099235,-0.148022,-0.011772,-0.027449,1.399472,3.487074,-0.071107,-0.002792,-0.155893,0.375,0.0,3.375,0.062036,0.222156,0.221751
1663,140.799606,888.859985,0.751935,0.671301,0.833333,0.0,0.084508,4669.0,0.194215,0.349261,0.102978,0.207173,-0.031465,0.385847,8.185252,-0.02,-0.8,-0.02,-0.25,-0.6,-2.0,0.456937,-0.142876,-0.055648,-0.006337,-0.087294,-0.027854,-0.00989,-0.024741,0.731834,-0.097783,-0.135838,-0.012492,-0.029132,1.329737,3.569863,-0.072095,-0.004013,-0.187,0.333333,0.0,3.708333,0.068343,0.250393,0.253435
1664,136.172455,850.039978,0.686178,0.598554,0.956522,0.0,0.084582,4504.0,0.175438,0.348539,0.092618,0.19234,-0.029592,0.355797,8.124447,-0.02,-0.8,-0.02,-0.25,-0.6,-2.0,0.422199,-0.132389,-0.056701,-0.010158,-0.076553,-0.025951,-0.00922,-0.022804,0.654359,-0.091167,-0.133225,-0.011089,-0.025505,1.243405,3.245456,-0.067782,-0.003566,-0.161396,0.434783,0.0,3.695652,0.077144,0.279133,0.295505
1665,153.640671,955.530029,0.739089,0.645422,0.75,0.0,0.084556,4664.0,0.184419,0.372313,0.103813,0.193207,-0.030911,0.359233,8.455388,-0.02,-0.8,-0.02,-0.25,-0.6,-2.0,0.448822,-0.143397,-0.050294,-0.006897,-0.087698,-0.027665,-0.009842,-0.025031,0.721673,-0.097915,-0.145502,-0.012861,-0.029749,1.336979,3.450599,-0.070415,-0.003277,-0.170631,0.458333,0.0,13.583334,0.06684,0.225604,0.287026
1666,148.310883,918.73999,0.784923,0.692189,0.666667,0.041667,0.084729,4531.0,0.18111,0.393372,0.115643,0.216946,-0.033513,0.414188,8.369412,-0.02,-0.8,-0.02,-0.25,-0.6,-2.0,0.463062,-0.140976,-0.042159,-0.00568,-0.09047,-0.02886,-0.010405,-0.025838,0.743891,-0.093673,-0.14832,-0.012315,-0.030457,1.417479,3.543747,-0.074732,-0.003206,-0.164873,0.125,0.0,4.708333,0.061702,0.234988,0.232054
1667,137.553421,882.76001,0.753665,0.672994,0.666667,0.0,0.08486,4705.0,0.185551,0.356247,0.111345,0.209583,-0.032237,0.391146,8.325912,-0.02,-0.8,-0.02,-0.25,-0.6,-2.0,0.449195,-0.138319,-0.048603,-0.005732,-0.087888,-0.028721,-0.01058,-0.0251,0.708989,-0.10302,-0.161824,-0.012888,-0.02855,1.332901,3.476484,-0.074034,-0.003976,-0.215524,0.25,0.0,4.375,0.061917,0.211925,0.237215
1668,138.625717,881.539978,0.723806,0.674616,0.75,0.0,0.084667,4481.0,0.17938,0.375658,0.094948,0.184695,-0.029393,0.345057,8.350342,-0.02,-0.8,-0.02,-0.25,-0.6,-2.0,0.453085,-0.149919,-0.046288,-0.006609,-0.085106,-0.027816,-0.009522,-0.024117,0.702351,-0.098486,-0.142965,-0.011679,-0.028928,1.372321,3.498222,-0.070712,-0.00371,-0.192243,0.291667,0.0,4.333333,0.065334,0.227988,0.248597
1669,142.882095,915.75,0.761676,0.651513,0.458333,0.0,0.084721,4505.0,0.19565,0.377917,0.104309,0.203172,-0.031718,0.369543,8.195047,-0.02,-0.8,-0.02,-0.25,-0.6,-2.0,0.456333,-0.139044,-0.055321,-0.004808,-0.088382,-0.028091,-0.009783,-0.025781,0.720152,-0.093113,-0.13594,-0.012547,-0.030931,1.323251,3.494238,-0.071886,-0.003793,-0.189244,0.208333,0.0,4.5,0.083411,0.251549,0.239459
1670,144.041687,888.659973,0.71362,0.647608,0.75,0.0,0.084498,4673.0,0.18089,0.333239,0.104814,0.187744,-0.030503,0.352377,8.262524,-0.02,-0.8,-0.02,-0.25,-0.6,-2.0,0.434437,-0.136815,-0.047835,-0.009274,-0.081159,-0.027052,-0.009149,-0.023049,0.696422,-0.112818,-0.137898,-0.011028,-0.027748,1.286858,3.39559,-0.06938,-0.002986,-0.165236,0.166667,0.0,4.041667,0.064963,0.25484,0.282084
1671,146.984985,940.690002,0.77652,0.694052,0.333333,0.0,0.084499,4480.0,0.206572,0.397095,0.097347,0.196402,-0.030823,0.360251,8.260843,-0.02,-0.8,-0.02,-0.25,-0.6,-2.0,0.473609,-0.153478,-0.06401,-0.003874,-0.087916,-0.028616,-0.009349,-0.0257,0.739356,-0.092014,-0.135912,-0.012655,-0.031376,1.339798,3.647605,-0.071549,-0.004902,-0.166236,0.25,0.0,4.25,0.084428,0.197811,0.205211
1672,147.795441,931.140015,0.779979,0.683936,0.375,0.0,0.08467,4296.0,0.199698,0.382692,0.104578,0.187648,-0.030089,0.35424,8.323008,-0.02,-0.8,-0.02,-0.25,-0.6,-2.0,0.469667,-0.141604,-0.06639,-0.004083,-0.087339,-0.028915,-0.009264,-0.025535,0.744388,-0.101108,-0.146067,-0.011264,-0.032418,1.352649,3.619627,-0.070121,-0.006207,-0.159219,0.208333,0.0,3.75,0.069881,0.227648,0.207584
1673,142.577988,886.200012,0.714329,0.644253,1.041667,0.0,0.084642,4636.0,0.170717,0.342069,0.094296,0.190762,-0.0291,0.347236,8.25971,-0.02,-0.8,-0.02,-0.25,-0.6,-2.0,0.420457,-0.136721,-0.044348,-0.011315,-0.081568,-0.026253,-0.009259,-0.023774,0.679019,-0.091507,-0.133726,-0.011752,-0.027861,1.254373,3.231676,-0.068071,-0.002465,-0.162528,0.333333,0.0,3.708333,0.067552,0.288026,0.293013
1674,148.564636,938.419983,0.782794,0.718377,0.391304,0.043478,0.084639,4624.0,0.193823,0.383078,0.117119,0.210201,-0.034403,0.402429,8.095291,-0.02,-0.8,-0.02,-0.25,-0.6,-2.0,0.474222,-0.146911,-0.042308,-0.005179,-0.091312,-0.029654,-0.010257,-0.026852,0.778014,-0.097072,-0.141812,-0.012302,-0.03156,1.430531,3.642588,-0.075966,-0.003517,-0.190264,0.434783,0.0,4.391304,0.059825,0.216434,0.227612
1675,140.809509,885.539978,0.696169,0.637795,0.541667,0.083333,0.084747,4459.0,0.168372,0.340972,0.09459,0.185985,-0.02949,0.351893,8.305682,-0.02,-0.8,-0.02,-0.25,-0.6,-2.0,0.423875,-0.135742,-0.040311,-0.007768,-0.081481,-0.026861,-0.009489,-0.023458,0.687187,-0.093715,-0.135834,-0.01194,-0.028004,1.284945,3.275494,-0.068104,-0.003607,-0.169439,0.458333,0.0,5.375,0.065707,0.246392,0.230721
1676,149.130936,946.289978,0.756765,0.671182,0.458333,0.0,0.084939,4668.0,0.193158,0.339018,0.109259,0.201588,-0.030363,0.37426,8.368735,-0.02,-0.8,-0.02,-0.25,-0.6,-2.0,0.454052,-0.13265,-0.055331,-0.005278,-0.084871,-0.028354,-0.009579,-0.025664,0.706836,-0.095709,-0.156105,-0.011031,-0.029304,1.323864,3.559728,-0.072079,-0.004887,-0.231834,0.125,0.0,4.541667,0.069076,0.231472,0.222641
1677,144.311279,930.460022,0.766224,0.66672,0.583333,0.0,0.085031,4491.0,0.195299,0.357177,0.11169,0.206141,-0.031848,0.371992,8.166743,-0.02,-0.8,-0.02,-0.25,-0.6,-2.0,0.466277,-0.141922,-0.074372,-0.005146,-0.086493,-0.028942,-0.009735,-0.026389,0.715626,-0.098196,-0.150032,-0.012587,-0.029557,1.358558,3.63536,-0.073608,-0.005384,-0.183813,0.333333,0.0,5.666667,0.080123,0.25562,0.225895
1678,135.945969,854.960022,0.736844,0.652917,0.833333,0.0,0.085054,4574.0,0.191489,0.378712,0.102111,0.189161,-0.030297,0.351086,8.234943,-0.02,-0.8,-0.02,-0.25,-0.6,-2.0,0.442342,-0.129278,-0.047257,-0.006624,-0.087819,-0.028127,-0.009176,-0.024955,0.706567,-0.099107,-0.145657,-0.011575,-0.031544,1.278011,3.364054,-0.069836,-0.00313,-0.186693,0.458333,0.0,5.125,0.073733,0.236472,0.242037
1679,149.221817,948.869995,0.760874,0.697566,0.416667,0.0,0.085128,4759.0,0.197697,0.381137,0.114954,0.219329,-0.034259,0.421463,8.117952,-0.02,-0.8,-0.02,-0.25,-0.6,-2.0,0.465455,-0.151193,-0.046235,-0.004641,-0.094981,-0.030436,-0.011335,-0.026849,0.7546,-0.107411,-0.175679,-0.01436,-0.032112,1.367628,3.55594,-0.077404,-0.006202,-0.188811,0.208333,0.0,4.833333,0.065621,0.204395,0.215803
1680,151.611435,950.26001,0.773407,0.680089,0.666667,0.0,0.085492,4382.0,0.189018,0.372846,0.116473,0.209874,-0.03332,0.394241,8.460463,-0.02,-0.8,-0.02,-0.25,-0.6,-2.0,0.463434,-0.133468,-0.053518,-0.004712,-0.089523,-0.029467,-0.010156,-0.025856,0.75126,-0.101422,-0.151344,-0.011354,-0.030759,1.388574,3.549951,-0.074488,-0.003523,-0.191858,0.208333,0.0,5.083333,0.0614,0.216267,0.22079
1681,146.560089,940.630005,0.776285,0.687191,0.541667,0.041667,0.085506,4194.0,0.197661,0.387556,0.109907,0.204192,-0.031966,0.378584,8.213337,-0.02,-0.8,-0.02,-0.25,-0.6,-2.0,0.476826,-0.141831,-0.050073,-0.003772,-0.091465,-0.030275,-0.010029,-0.026914,0.752351,-0.100628,-0.161507,-0.012212,-0.033041,1.413083,3.660527,-0.074709,-0.003254,-0.247348,0.291667,0.0,5.5,0.059323,0.233755,0.228305
1682,153.914505,959.469971,0.795946,0.716485,0.25,0.041667,0.085706,4619.0,0.205125,0.393671,0.113903,0.22073,-0.033405,0.414933,8.089502,-0.02,-0.8,-0.02,-0.25,-0.6,-2.0,0.479411,-0.15632,-0.053997,-0.002933,-0.090086,-0.029991,-0.01012,-0.02598,0.770857,-0.100371,-0.145979,-0.012605,-0.031986,1.373796,3.680505,-0.075471,-0.003935,-0.214599,0.041667,0.0,5.0,0.064739,0.180346,0.201682
1683,137.269073,894.23999,0.726905,0.627937,0.666667,0.041667,0.085849,4363.0,0.195548,0.360357,0.095304,0.190357,-0.02984,0.350452,8.153693,-0.02,-0.8,-0.02,-0.25,-0.6,-2.0,0.448103,-0.142171,-0.068026,-0.007323,-0.084901,-0.028329,-0.009327,-0.024009,0.686289,-0.096655,-0.13558,-0.011297,-0.030361,1.271595,3.458699,-0.070888,-0.009717,-0.19524,0.291667,0.0,3.833333,0.078065,0.263174,0.263375
1684,144.300293,903.150024,0.763103,0.695007,0.5,0.083333,0.085918,4420.0,0.178542,0.377743,0.107572,0.201876,-0.030917,0.387838,8.26147,-0.02,-0.8,-0.02,-0.25,-0.6,-2.0,0.45785,-0.140987,-0.043574,-0.00553,-0.083644,-0.028917,-0.009161,-0.024267,0.733807,-0.092909,-0.141723,-0.01131,-0.029321,1.392009,3.524357,-0.07222,-0.004175,-0.190727,0.291667,0.0,4.583333,0.063885,0.207574,0.235124
1685,148.157852,932.090027,0.754245,0.68036,0.541667,0.0,0.086112,4369.0,0.187131,0.363702,0.108102,0.19834,-0.031139,0.388399,8.134406,-0.02,-0.8,-0.02,-0.25,-0.6,-2.0,0.458003,-0.134422,-0.050887,-0.005448,-0.086279,-0.028729,-0.009374,-0.025541,0.731095,-0.100822,-0.152586,-0.012021,-0.032655,1.367767,3.539132,-0.07092,-0.00409,-0.218572,0.166667,0.0,3.708333,0.075873,0.229988,0.270748
1686,148.400284,936.390015,0.775816,0.69473,0.541667,0.0,0.086258,4432.0,0.197296,0.375313,0.103292,0.196653,-0.031816,0.3642,8.284728,-0.02,-0.8,-0.02,-0.25,-0.6,-2.0,0.471707,-0.151718,-0.056708,-0.003726,-0.091218,-0.029765,-0.009572,-0.02624,0.745178,-0.098721,-0.149449,-0.012531,-0.033029,1.3783,3.664817,-0.074098,-0.004229,-0.162794,0.125,0.0,5.25,0.072231,0.22345,0.224165
1687,139.157898,891.780029,0.750626,0.679349,0.666667,0.041667,0.086287,4538.0,0.198218,0.409595,0.106423,0.209335,-0.033878,0.392323,8.192901,-0.02,-0.8,-0.02,-0.25,-0.6,-2.0,0.45915,-0.146984,-0.049446,-0.00484,-0.095847,-0.02962,-0.010582,-0.027339,0.740136,-0.113063,-0.159378,-0.013897,-0.032784,1.336241,3.447527,-0.076488,-0.007549,-0.158061,0.166667,0.0,4.708333,0.075302,0.208611,0.217364
1688,153.086273,967.98999,0.791889,0.739246,0.208333,0.041667,0.086152,4216.0,0.204629,0.42138,0.115503,0.213862,-0.034598,0.403092,8.240289,-0.02,-0.8,-0.02,-0.25,-0.6,-2.0,0.482649,-0.143854,-0.033966,-0.002571,-0.093156,-0.031733,-0.010583,-0.026956,0.784639,-0.106287,-0.16117,-0.012541,-0.033585,1.411313,3.637973,-0.077937,-0.002584,-0.212291,0.166667,0.0,4.125,0.066474,0.179274,0.189419
1689,145.516525,928.299988,0.775876,0.685097,0.458333,0.041667,0.086119,4419.0,0.209867,0.420247,0.101635,0.209267,-0.034324,0.379079,8.103195,-0.02,-0.8,-0.02,-0.25,-0.6,-2.0,0.474641,-0.159318,-0.064992,-0.003774,-0.103263,-0.03276,-0.012752,-0.028491,0.74393,-0.119959,-0.181222,-0.014197,-0.034127,1.342659,3.553161,-0.081309,-0.003289,-0.173383,0.208333,0.0,4.666667,0.065032,0.208678,0.233264
1690,145.664688,893.590027,0.734578,0.689309,0.625,0.0,0.086074,4531.0,0.16906,0.347593,0.112652,0.199899,-0.032406,0.401862,8.202768,-0.02,-0.8,-0.02,-0.25,-0.6,-2.0,0.451154,-0.139144,-0.038815,-0.00567,-0.083518,-0.028722,-0.010015,-0.025389,0.747082,-0.098544,-0.149575,-0.01142,-0.027172,1.41364,3.525165,-0.073398,-0.004664,-0.216774,0.291667,0.0,4.875,0.053687,0.204315,0.238586
1691,151.784302,941.22998,0.789927,0.728222,0.416667,0.041667,0.085987,4598.0,0.199293,0.387449,0.120924,0.214975,-0.033397,0.409441,8.325649,-0.02,-0.8,-0.02,-0.25,-0.6,-2.0,0.476492,-0.136666,-0.050635,-0.003636,-0.088105,-0.030811,-0.01014,-0.026182,0.757304,-0.100204,-0.157091,-0.01122,-0.030692,1.410446,3.64893,-0.076464,-0.003354,-0.203843,0.166667,0.0,5.375,0.069456,0.199056,0.191779
1692,154.961319,972.940002,0.805875,0.717679,0.26087,0.043478,0.086085,4383.0,0.18924,0.398501,0.113733,0.203334,-0.032511,0.40803,8.243296,-0.02,-0.8,-0.02,-0.25,-0.6,-2.0,0.484803,-0.146313,-0.056997,-0.002284,-0.088014,-0.030451,-0.009492,-0.026659,0.774807,-0.096813,-0.148973,-0.012015,-0.03265,1.478352,3.727635,-0.074141,-0.002404,-0.233908,0.043478,0.0,4.869565,0.064668,0.182573,0.200394
1693,146.156097,932.130005,0.762696,0.709306,0.541667,0.0,0.086164,4655.0,0.192685,0.396213,0.113579,0.205817,-0.034273,0.38151,8.123121,-0.02,-0.8,-0.02,-0.25,-0.6,-2.0,0.468189,-0.146489,-0.054572,-0.004499,-0.090625,-0.031,-0.010931,-0.026097,0.750747,-0.112858,-0.17437,-0.013426,-0.029787,1.394569,3.549155,-0.078344,-0.004204,-0.14891,0.291667,0.0,4.291667,0.05766,0.203034,0.209056
1694,140.685898,884.369995,0.765955,0.684408,0.666667,0.0,0.086263,4668.0,0.19814,0.344726,0.100597,0.201609,-0.031238,0.385171,8.171256,-0.02,-0.8,-0.02,-0.25,-0.6,-2.0,0.455288,-0.141343,-0.054507,-0.005819,-0.086314,-0.028505,-0.009184,-0.024375,0.745879,-0.097815,-0.143088,-0.011871,-0.030292,1.307626,3.568603,-0.072152,-0.003757,-0.179859,0.208333,0.0,3.833333,0.063148,0.218773,0.225638
1695,143.063782,927.640015,0.767177,0.68865,0.458333,0.0,0.086211,4682.0,0.196041,0.394986,0.111206,0.193302,-0.03288,0.372014,8.107017,-0.02,-0.8,-0.02,-0.25,-0.6,-2.0,0.470197,-0.14432,-0.053884,-0.004209,-0.090395,-0.030091,-0.009842,-0.025716,0.740582,-0.099762,-0.144558,-0.01189,-0.031388,1.389849,3.579861,-0.074123,-0.002758,-0.22299,0.125,0.0,4.041667,0.068709,0.207539,0.219837
1696,139.28746,895.47998,0.718015,0.675776,0.75,0.0,0.086158,4658.0,0.203117,0.370623,0.108383,0.209273,-0.033759,0.38299,8.312948,-0.02,-0.8,-0.02,-0.25,-0.6,-2.0,0.450613,-0.136958,-0.047927,-0.006152,-0.091979,-0.029495,-0.010216,-0.02628,0.725257,-0.101333,-0.157208,-0.011712,-0.032654,1.278918,3.436705,-0.07601,-0.002922,-0.156055,0.166667,0.0,4.375,0.063351,0.199342,0.250876
1697,145.505676,935.01001,0.784394,0.726032,0.291667,0.0,0.086163,4329.0,0.204942,0.40748,0.09975,0.188539,-0.031849,0.372647,8.292627,-0.02,-0.8,-0.02,-0.25,-0.6,-2.0,0.482254,-0.150035,-0.056885,-0.002381,-0.090017,-0.030332,-0.009332,-0.025755,0.76625,-0.092252,-0.145312,-0.012212,-0.032628,1.400757,3.708667,-0.073693,-0.002588,-0.167228,0.166667,0.0,4.791667,0.059075,0.175861,0.195225
1698,139.192535,895.780029,0.741334,0.653681,0.695652,0.0,0.086231,4653.0,0.200621,0.371488,0.117562,0.208377,-0.034849,0.394658,8.012519,-0.02,-0.8,-0.02,-0.25,-0.6,-2.0,0.448896,-0.132687,-0.042752,-0.006468,-0.098466,-0.02997,-0.010659,-0.026279,0.734839,-0.110104,-0.167437,-0.012813,-0.032887,1.286118,3.405613,-0.07538,-0.004046,-0.223518,0.086957,0.0,3.913043,0.061079,0.238029,0.256082
1699,145.935776,926.030029,0.762753,0.704932,0.5,0.0,0.086288,4595.0,0.185835,0.38463,0.12118,0.200572,-0.032971,0.407378,8.329746,-0.02,-0.8,-0.02,-0.25,-0.6,-2.0,0.467075,-0.139538,-0.043331,-0.005001,-0.08879,-0.029665,-0.009514,-0.025642,0.765367,-0.102101,-0.163606,-0.012053,-0.029927,1.415543,3.595098,-0.073682,-0.002278,-0.227912,0.333333,0.0,4.583333,0.058444,0.201206,0.222072
1700,145.578735,925.97998,0.759041,0.673793,0.666667,0.0,0.086402,4528.0,0.206983,0.372826,0.09897,0.193957,-0.031516,0.35472,8.19055,-0.02,-0.8,-0.02,-0.25,-0.6,-2.0,0.4564,-0.141122,-0.057306,-0.005714,-0.091936,-0.029406,-0.009399,-0.025208,0.727286,-0.097287,-0.142037,-0.012691,-0.033306,1.28104,3.497033,-0.072786,-0.003219,-0.17849,0.083333,0.0,4.291667,0.067672,0.241876,0.267839
1701,141.707352,903.690002,0.731805,0.646801,0.375,0.0,0.086253,3715.0,0.191637,0.357101,0.100801,0.182605,-0.029369,0.342315,8.11476,-0.02,-0.8,-0.02,-0.25,-0.6,-2.0,0.445607,-0.131049,-0.049561,-0.00634,-0.081715,-0.028198,-0.008545,-0.024409,0.702733,-0.093729,-0.138918,-0.010538,-0.029903,1.287319,3.443815,-0.068611,-0.004246,-0.233557,0.291667,0.0,4.25,0.067014,0.226688,0.233125
1702,148.800034,940.679993,0.756988,0.697294,0.541667,0.0,0.086358,4353.0,0.186587,0.357725,0.104275,0.196536,-0.032245,0.386275,8.112666,-0.02,-0.8,-0.02,-0.25,-0.6,-2.0,0.459256,-0.143551,-0.035075,-0.004586,-0.084693,-0.029754,-0.01021,-0.025419,0.737181,-0.110119,-0.165447,-0.012234,-0.029711,1.378309,3.555186,-0.074783,-0.002658,-0.174824,0.083333,0.0,4.541667,0.052988,0.191052,0.223767
1703,150.061478,953.659973,0.800855,0.71965,0.416667,0.0,0.086109,4463.0,0.197064,0.387984,0.108446,0.204896,-0.033197,0.395118,8.075526,-0.02,-0.8,-0.02,-0.25,-0.6,-2.0,0.483153,-0.14686,-0.045815,-0.003608,-0.092194,-0.031112,-0.009958,-0.026126,0.777341,-0.096369,-0.147375,-0.012071,-0.033291,1.421883,3.723914,-0.077009,-0.0034,-0.210734,0.125,0.0,4.833333,0.055225,0.18571,0.215058
1704,150.823959,935.080017,0.806226,0.729506,0.458333,0.041667,0.086187,4479.0,0.19158,0.387936,0.111568,0.197735,-0.032491,0.378588,7.969261,-0.02,-0.8,-0.02,-0.25,-0.6,-2.0,0.472026,-0.144308,-0.026321,-0.004494,-0.088074,-0.030094,-0.009631,-0.024851,0.765035,-0.100513,-0.147544,-0.011196,-0.032373,1.408726,3.629056,-0.073244,-0.003157,-0.163529,0.041667,0.0,4.0,0.044809,0.167829,0.22911
1705,143.372757,895.419983,0.744041,0.648305,0.416667,0.166667,0.08643,3749.0,0.195684,0.367984,0.101007,0.182015,-0.029545,0.353018,8.02898,-0.02,-0.8,-0.02,-0.25,-0.6,-2.0,0.45414,-0.130442,-0.066024,-0.005252,-0.080417,-0.028438,-0.008355,-0.024288,0.719856,-0.089112,-0.130991,-0.010752,-0.030691,1.31329,3.525351,-0.068705,-0.003417,-0.186092,0.125,0.0,4.041667,0.076876,0.231174,0.213608
1706,142.869827,911.049988,0.750542,0.679051,0.565217,0.0,0.086363,4343.0,0.196987,0.363296,0.094348,0.183468,-0.029233,0.362486,8.049833,-0.02,-0.8,-0.02,-0.25,-0.6,-2.0,0.45177,-0.142187,-0.053473,-0.005569,-0.085292,-0.028587,-0.008965,-0.024268,0.732563,-0.099152,-0.145502,-0.01209,-0.030379,1.301506,3.508755,-0.069785,-0.003318,-0.238765,0.173913,0.0,4.26087,0.06167,0.188287,0.255305
1707,150.325165,945.929993,0.793546,0.708486,0.416667,0.0,0.086353,4467.0,0.194393,0.368094,0.110293,0.193482,-0.032357,0.374798,8.177006,-0.02,-0.8,-0.02,-0.25,-0.6,-2.0,0.474826,-0.142938,-0.044446,-0.003064,-0.087132,-0.03039,-0.009616,-0.02616,0.763652,-0.097006,-0.146228,-0.01174,-0.030921,1.418578,3.682192,-0.0741,-0.002708,-0.161188,0.041667,0.0,13.041667,0.061182,0.199929,0.21065
1708,143.059158,916.289978,0.759624,0.665016,0.75,0.0,0.086331,3741.0,0.194431,0.393593,0.105266,0.192712,-0.03137,0.367533,8.028554,-0.02,-0.8,-0.02,-0.25,-0.6,-2.0,0.454973,-0.13595,-0.049035,-0.005297,-0.085421,-0.029801,-0.009416,-0.025031,0.722369,-0.106736,-0.159841,-0.011771,-0.029751,1.315702,3.444863,-0.072978,-0.002994,-0.185097,0.125,0.0,4.875,0.069329,0.194538,0.247341
1709,147.946472,927.76001,0.766751,0.687564,0.583333,0.0,0.086434,4065.0,0.181084,0.404244,0.104161,0.199915,-0.032477,0.396788,7.918371,-0.02,-0.8,-0.02,-0.25,-0.6,-2.0,0.458914,-0.146682,-0.038636,-0.005588,-0.090294,-0.029713,-0.010077,-0.025331,0.744568,-0.105726,-0.154854,-0.012546,-0.030703,1.39728,3.465157,-0.073864,-0.00243,-0.150387,0.166667,0.0,4.625,0.056778,0.200217,0.244844
1710,153.202011,967.090027,0.804315,0.731522,0.333333,0.0,0.086573,4575.0,0.189925,0.399073,0.11041,0.206946,-0.034337,0.42147,8.063985,-0.02,-0.8,-0.02,-0.25,-0.6,-2.0,0.479519,-0.146153,-0.044494,-0.00309,-0.100464,-0.031042,-0.009907,-0.027559,0.794894,-0.108943,-0.154608,-0.01296,-0.036499,1.455291,3.645531,-0.07592,-0.003375,-0.226082,0.041667,0.0,4.25,0.065382,0.207977,0.204612
1711,139.685013,874.570007,0.728674,0.66696,0.708333,0.0,0.086558,4525.0,0.184591,0.360591,0.100694,0.190387,-0.031262,0.365268,8.170438,-0.02,-0.8,-0.02,-0.25,-0.6,-2.0,0.443011,-0.140726,-0.049046,-0.0064,-0.085646,-0.028559,-0.009362,-0.024336,0.70964,-0.106285,-0.144784,-0.012159,-0.029771,1.297703,3.406716,-0.070891,-0.002717,-0.118032,0.208333,0.0,4.791667,0.067102,0.173115,0.24519
1712,153.834686,964.590027,0.784774,0.734847,0.166667,0.0,0.086713,4163.0,0.192954,0.413042,0.119427,0.216123,-0.03457,0.42517,8.079303,-0.02,-0.8,-0.02,-0.25,-0.6,-2.0,0.483891,-0.144792,-0.042956,-0.002102,-0.090311,-0.031396,-0.009979,-0.026317,0.795536,-0.10086,-0.14618,-0.011595,-0.03171,1.465384,3.665476,-0.07711,-0.002965,-0.240628,0.041667,0.0,4.375,0.061845,0.180566,0.191914
1713,146.234421,937.940002,0.800304,0.715243,0.478261,0.0,0.086502,4276.0,0.18584,0.391668,0.10133,0.192229,-0.033693,0.366907,8.050696,-0.02,-0.8,-0.02,-0.25,-0.6,-2.0,0.470426,-0.150456,-0.035013,-0.004355,-0.08641,-0.031492,-0.010766,-0.025878,0.75546,-0.115742,-0.188898,-0.014991,-0.03027,1.439763,3.592299,-0.077054,-0.004365,-0.162907,0.043478,0.0,3.782609,0.072034,0.223437,0.218313
1714,146.978836,940.890015,0.760886,0.68283,0.375,0.0,0.086536,4522.0,0.209941,0.399397,0.104991,0.19868,-0.034489,0.37675,7.887773,-0.02,-0.8,-0.02,-0.25,-0.6,-2.0,0.466844,-0.151612,-0.052991,-0.003227,-0.094211,-0.031353,-0.010573,-0.025804,0.753509,-0.102262,-0.161254,-0.01429,-0.032192,1.320963,3.547361,-0.076861,-0.003904,-0.20332,0.041667,0.0,4.041667,0.058047,0.186754,0.208739
1715,154.789078,959.73999,0.779789,0.746953,0.26087,0.0,0.086455,4146.0,0.199001,0.379451,0.104495,0.20769,-0.033463,0.394436,8.161148,-0.02,-0.8,-0.02,-0.25,-0.6,-2.0,0.477728,-0.161288,-0.02959,-0.002553,-0.094263,-0.030554,-0.009458,-0.025908,0.764575,-0.094413,-0.134761,-0.013107,-0.034075,1.390251,3.671664,-0.075711,-0.002361,-0.153261,0.043478,0.0,4.086957,0.052581,0.179088,0.178257
1716,148.704163,953.320007,0.792281,0.712807,0.434783,0.0,0.08639,4491.0,0.193328,0.395573,0.102891,0.193381,-0.031525,0.391403,8.008532,-0.02,-0.8,-0.02,-0.25,-0.6,-2.0,0.478779,-0.147905,-0.052506,-0.003273,-0.087586,-0.030425,-0.009087,-0.025049,0.76512,-0.10025,-0.146911,-0.012132,-0.032698,1.429752,3.670527,-0.073153,-0.004097,-0.22309,0.086957,0.0,5.0,0.058417,0.185535,0.22631
1717,151.675201,974.070007,0.789157,0.716285,0.25,0.166667,0.086455,4071.0,0.196841,0.40996,0.106472,0.20538,-0.034495,0.406011,8.241732,-0.02,-0.8,-0.02,-0.25,-0.6,-2.0,0.468045,-0.150239,-0.039979,-0.003819,-0.096157,-0.031019,-0.010522,-0.026567,0.76916,-0.111898,-0.165069,-0.014034,-0.033882,1.377858,3.512458,-0.076243,-0.003021,-0.224231,0.083333,0.0,5.458333,0.058053,0.191206,0.200737
1718,150.648102,941.400024,0.770475,0.695562,0.333333,0.0,0.08667,4076.0,0.183655,0.386637,0.104352,0.185726,-0.032054,0.382812,8.016583,-0.02,-0.8,-0.02,-0.25,-0.6,-2.0,0.465518,-0.146214,-0.045763,-0.003739,-0.088935,-0.029495,-0.00899,-0.025021,0.758692,-0.095959,-0.143394,-0.01208,-0.032973,1.405107,3.579842,-0.071446,-0.003686,-0.149647,0.25,0.0,5.041667,0.06241,0.186049,0.208607
1719,152.44429,954.669983,0.752131,0.711857,0.291667,0.041667,0.086862,4461.0,0.192888,0.354918,0.103721,0.191574,-0.031917,0.368888,8.088031,-0.02,-0.8,-0.02,-0.25,-0.6,-2.0,0.46305,-0.144584,-0.036996,-0.003654,-0.086043,-0.029381,-0.009284,-0.025003,0.75344,-0.094367,-0.135663,-0.011506,-0.032043,1.365786,3.592562,-0.071934,-0.004786,-0.21883,0.208333,0.0,5.333333,0.059197,0.17767,0.186875
1720,152.149643,950.630005,0.770424,0.709692,0.541667,0.0,0.086961,4327.0,0.186833,0.385139,0.108821,0.21079,-0.034642,0.410324,8.130381,-0.02,-0.8,-0.02,-0.25,-0.6,-2.0,0.46759,-0.153349,-0.041291,-0.005062,-0.095666,-0.03061,-0.010433,-0.026783,0.77237,-0.112173,-0.168007,-0.014064,-0.031075,1.422212,3.567196,-0.077384,-0.003519,-0.169545,0.208333,0.0,5.458333,0.056311,0.206786,0.222313
1721,151.223816,955.330017,0.780937,0.715997,0.333333,0.0,0.086897,4213.0,0.203709,0.384722,0.114364,0.207676,-0.03459,0.401928,8.071818,-0.02,-0.8,-0.02,-0.25,-0.6,-2.0,0.47662,-0.138801,-0.048896,-0.002711,-0.091929,-0.030645,-0.009819,-0.026224,0.765647,-0.098721,-0.148412,-0.011818,-0.033028,1.382787,3.6536,-0.07614,-0.00428,-0.211473,0.125,0.0,5.333333,0.060103,0.204141,0.17919
1722,150.083725,937.200012,0.786536,0.740934,0.583333,0.0,0.087033,4426.0,0.186785,0.401274,0.107921,0.200728,-0.033538,0.399575,8.168108,-0.02,-0.8,-0.02,-0.25,-0.6,-2.0,0.471673,-0.14511,-0.036294,-0.004066,-0.090283,-0.030598,-0.009724,-0.026181,0.762299,-0.102831,-0.151935,-0.012722,-0.032135,1.431382,3.566972,-0.074548,-0.002231,-0.186288,0.125,0.0,4.708333,0.04947,0.192829,0.207754
1723,150.439026,953.390015,0.778363,0.708508,0.416667,0.0,0.087249,4361.0,0.190951,0.397712,0.101776,0.191648,-0.033474,0.373137,8.245143,-0.02,-0.8,-0.02,-0.25,-0.6,-2.0,0.4688,-0.145634,-0.03655,-0.004116,-0.091797,-0.030945,-0.010175,-0.027177,0.753566,-0.105944,-0.166431,-0.014075,-0.033664,1.406133,3.547534,-0.07481,-0.002664,-0.171636,0.083333,0.0,5.333333,0.057971,0.189696,0.247881
1724,140.827133,870.960022,0.752762,0.701575,0.75,0.041667,0.087443,4033.0,0.182394,0.363579,0.109691,0.201016,-0.032835,0.386192,8.294608,-0.02,-0.8,-0.02,-0.25,-0.6,-2.0,0.450061,-0.135344,-0.032788,-0.005706,-0.081799,-0.028836,-0.009245,-0.023979,0.738242,-0.106607,-0.151856,-0.011614,-0.028344,1.351524,3.447844,-0.073097,-0.002978,-0.158839,0.125,0.0,4.375,0.054022,0.15147,0.222926
1725,145.763702,915.890015,0.771216,0.686295,0.416667,0.041667,0.087349,4037.0,0.18704,0.383421,0.107236,0.196923,-0.034022,0.382186,8.172997,-0.02,-0.8,-0.02,-0.25,-0.6,-2.0,0.46264,-0.141138,-0.037086,-0.004397,-0.09116,-0.030046,-0.010027,-0.025682,0.744692,-0.10568,-0.158576,-0.012334,-0.03315,1.395717,3.519456,-0.074783,-0.002435,-0.198172,0.208333,0.0,4.708333,0.055729,0.190337,0.222239
1726,149.310287,927.580017,0.767314,0.693546,0.333333,0.083333,0.087276,4119.0,0.182438,0.357582,0.106537,0.200419,-0.034809,0.398956,8.085351,-0.02,-0.8,-0.02,-0.25,-0.6,-2.0,0.454209,-0.14468,-0.022811,-0.005837,-0.08788,-0.029313,-0.009616,-0.024095,0.749231,-0.103455,-0.157312,-0.012382,-0.030909,1.374804,3.496717,-0.073323,-0.002864,-0.217836,0.25,0.0,4.125,0.048797,0.180153,0.235513
1727,153.370926,950.349976,0.804808,0.709587,0.166667,0.041667,0.086911,4021.0,0.178626,0.376092,0.098273,0.200541,-0.033927,0.407268,8.131129,-0.02,-0.8,-0.02,-0.25,-0.6,-2.0,0.477081,-0.154206,-0.033174,-0.002806,-0.089833,-0.030274,-0.009724,-0.025656,0.775783,-0.100329,-0.155205,-0.013861,-0.03127,1.483951,3.696776,-0.075492,-0.002863,-0.167193,0.125,0.0,4.333333,0.050587,0.152317,0.182693
1728,140.821777,897.309998,0.760882,0.695858,0.583333,0.041667,0.087081,4117.0,0.201354,0.402004,0.107708,0.201742,-0.033728,0.386194,8.394795,-0.02,-0.8,-0.02,-0.25,-0.6,-2.0,0.462958,-0.145052,-0.03972,-0.004544,-0.092826,-0.030254,-0.009911,-0.026029,0.752512,-0.105825,-0.156719,-0.012876,-0.034042,1.334748,3.502786,-0.074871,-0.002482,-0.151076,0.208333,0.0,5.625,0.059663,0.173349,0.228639
1729,149.685669,938.219971,0.776356,0.70682,0.391304,0.043478,0.087098,3843.0,0.201076,0.376116,0.107514,0.194779,-0.032747,0.377675,8.067089,-0.02,-0.8,-0.02,-0.25,-0.6,-2.0,0.462668,-0.138418,-0.042343,-0.003934,-0.088986,-0.029498,-0.008925,-0.024775,0.763963,-0.094943,-0.147375,-0.011977,-0.032555,1.322918,3.548692,-0.071714,-0.002147,-0.178583,0.130435,0.0,4.434783,0.04957,0.170588,0.206125
1730,143.159943,920.650024,0.739654,0.677273,0.5,0.0,0.087157,4391.0,0.198995,0.386006,0.104606,0.193467,-0.034054,0.366633,8.180902,-0.02,-0.8,-0.02,-0.25,-0.6,-2.0,0.462345,-0.148464,-0.042749,-0.005032,-0.091614,-0.030353,-0.009929,-0.026449,0.742432,-0.107075,-0.14273,-0.013594,-0.032622,1.328653,3.499722,-0.075403,-0.003789,-0.166963,0.166667,0.0,3.875,0.072225,0.197828,0.239451
1731,152.623779,950.469971,0.76603,0.700007,0.375,0.125,0.08693,4083.0,0.192618,0.370147,0.103092,0.191772,-0.032627,0.369177,8.104929,-0.02,-0.8,-0.02,-0.25,-0.6,-2.0,0.460827,-0.141878,-0.035692,-0.003863,-0.087624,-0.0296,-0.009213,-0.024856,0.748391,-0.095147,-0.147495,-0.011789,-0.03159,1.356155,3.544752,-0.072424,-0.002654,-0.187919,0.125,0.0,6.25,0.055068,0.187454,0.232353
1732,157.414154,974.849976,0.813979,0.749014,0.208333,0.0,0.087011,4287.0,0.204179,0.392744,0.119316,0.224603,-0.037257,0.435038,8.027294,-0.02,-0.8,-0.02,-0.25,-0.6,-2.0,0.484779,-0.15351,-0.030732,-0.002284,-0.098296,-0.031383,-0.010424,-0.026954,0.802113,-0.10711,-0.146593,-0.013816,-0.035102,1.426161,3.702958,-0.079129,-0.002351,-0.189859,0.041667,0.0,4.5,0.051486,0.174048,0.18793
1733,158.329834,976.919983,0.815949,0.743896,0.25,0.0,0.086917,4003.0,0.200043,0.38092,0.103013,0.193711,-0.032106,0.395685,7.990141,-0.02,-0.8,-0.02,-0.25,-0.6,-2.0,0.491661,-0.153374,-0.045245,-0.001356,-0.089341,-0.030886,-0.008933,-0.025765,0.803029,-0.096763,-0.148173,-0.012602,-0.033759,1.453026,3.825468,-0.073244,-0.002773,-0.187964,0.0,0.0,5.458333,0.056838,0.175117,0.18547
1734,140.44104,896.219971,0.743452,0.663824,0.434783,0.086957,0.086737,4289.0,0.198716,0.426248,0.094971,0.17331,-0.029678,0.349048,8.067383,-0.02,-0.8,-0.02,-0.25,-0.6,-2.0,0.45263,-0.139773,-0.055952,-0.006803,-0.082774,-0.028923,-0.009172,-0.023768,0.723413,-0.102296,-0.14807,-0.011822,-0.031094,1.314987,3.366664,-0.069051,-0.002486,-0.144582,0.304348,0.0,3.956522,0.064308,0.203149,0.239372
1735,158.660736,972.929993,0.804387,0.747127,0.416667,0.0,0.086764,4454.0,0.18426,0.382092,0.105461,0.199588,-0.032741,0.402762,7.948036,-0.02,-0.8,-0.02,-0.25,-0.6,-2.0,0.478418,-0.15308,-0.027672,-0.003282,-0.086053,-0.030255,-0.009494,-0.02584,0.782886,-0.100306,-0.14718,-0.012447,-0.03114,1.478893,3.66798,-0.073092,-0.001814,-0.181049,0.041667,0.0,4.958333,0.056192,0.177417,0.196012
1736,149.370911,952.859985,0.79311,0.706566,0.291667,0.0,0.086879,4094.0,0.190119,0.415069,0.104347,0.191282,-0.033662,0.383595,8.086745,-0.02,-0.8,-0.02,-0.25,-0.6,-2.0,0.473081,-0.141079,-0.035037,-0.003145,-0.091196,-0.03088,-0.009395,-0.026777,0.769787,-0.109439,-0.171497,-0.012695,-0.033652,1.438013,3.544689,-0.074285,-0.003831,-0.190115,0.041667,0.0,4.375,0.059236,0.181898,0.253544
1737,146.668381,936.070007,0.78275,0.685069,0.347826,0.086957,0.086919,4032.0,0.20414,0.37884,0.100279,0.194825,-0.03278,0.375724,7.995158,-0.02,-0.8,-0.02,-0.25,-0.6,-2.0,0.467212,-0.147837,-0.060044,-0.004814,-0.087711,-0.029839,-0.009081,-0.024568,0.740612,-0.09489,-0.145915,-0.011357,-0.031016,1.337537,3.589207,-0.072871,-0.003338,-0.2188,0.086957,0.0,3.956522,0.059384,0.193097,0.204879
1738,152.155884,955.349976,0.810949,0.747264,0.291667,0.0,0.086878,4002.0,0.205026,0.387442,0.121095,0.226019,-0.037216,0.444383,7.765594,-0.02,-0.8,-0.02,-0.25,-0.6,-2.0,0.485093,-0.149106,-0.031267,-0.002764,-0.094116,-0.031437,-0.010346,-0.027526,0.798993,-0.10304,-0.160845,-0.012846,-0.033283,1.433875,3.697179,-0.078979,-0.002507,-0.246206,0.166667,0.0,4.833333,0.05531,0.178684,0.197492
1739,153.337479,966.549988,0.796687,0.701318,0.208333,0.0,0.086988,4181.0,0.200922,0.380507,0.106097,0.20418,-0.033958,0.389851,7.984158,-0.02,-0.8,-0.02,-0.25,-0.6,-2.0,0.472436,-0.143689,-0.033436,-0.002391,-0.091831,-0.030568,-0.009624,-0.025517,0.772487,-0.101225,-0.153371,-0.012464,-0.032508,1.367386,3.635794,-0.075741,-0.004311,-0.197275,0.041667,0.0,5.041667,0.057151,0.176601,0.186837
1740,148.448746,945.390015,0.767178,0.692394,0.434783,0.0,0.086952,3895.0,0.212582,0.393287,0.108681,0.198599,-0.034068,0.39311,7.999338,-0.02,-0.8,-0.02,-0.25,-0.6,-2.0,0.470465,-0.13964,-0.03685,-0.003913,-0.094144,-0.030553,-0.009471,-0.026118,0.769802,-0.103526,-0.153983,-0.011847,-0.036726,1.328805,3.580865,-0.073743,-0.00596,-0.242579,0.130435,0.0,4.521739,0.064054,0.204886,0.224737
1741,147.650024,947.190002,0.772665,0.699826,0.25,0.0,0.086874,3294.0,0.197436,0.36724,0.109028,0.197246,-0.032852,0.375012,8.002692,-0.02,-0.8,-0.02,-0.25,-0.6,-2.0,0.477581,-0.147875,-0.046619,-0.002714,-0.085059,-0.030805,-0.009533,-0.024959,0.757992,-0.093532,-0.145061,-0.011009,-0.029987,1.400156,3.70534,-0.075167,-0.009222,-0.195677,0.125,0.0,4.208333,0.06001,0.184808,0.195875
1742,151.136505,957.049988,0.781864,0.727309,0.208333,0.041667,0.086815,1167.0,0.195709,0.405721,0.104014,0.197142,-0.032498,0.400058,8.111355,-0.02,-0.8,-0.02,-0.25,-0.6,-2.0,0.478195,-0.147074,-0.037487,-0.002542,-0.09102,-0.030402,-0.008963,-0.025275,0.777678,-0.095406,-0.142769,-0.012297,-0.035219,1.432094,3.627071,-0.07191,-0.00356,-0.210906,0.041667,0.0,4.083333,0.055693,0.188554,0.188009
1743,156.2715,969.690002,0.819043,0.746721,0.25,0.0,0.086833,680.0,0.196437,0.385349,0.112326,0.222937,-0.036298,0.453603,7.877839,-0.02,-0.8,-0.02,-0.25,-0.6,-2.0,0.488179,-0.154454,-0.031749,-0.00213,-0.094729,-0.031582,-0.010009,-0.026214,0.801252,-0.108263,-0.155792,-0.014193,-0.034176,1.480033,3.759984,-0.078102,-0.002121,-0.247988,0.125,0.0,3.958333,0.058578,0.176751,0.197375
1744,148.909027,944.679993,0.77359,0.712686,0.416667,0.041667,0.086781,626.0,0.184178,0.384093,0.108565,0.199756,-0.033306,0.408468,8.016189,-0.02,-0.8,-0.02,-0.25,-0.6,-2.0,0.469361,-0.151553,-0.04127,-0.003527,-0.08857,-0.029757,-0.009464,-0.025648,0.772558,-0.096341,-0.142091,-0.012232,-0.03184,1.438949,3.586599,-0.073223,-0.002501,-0.203772,0.208333,0.0,5.083333,0.056884,0.168474,0.200041
