iteration,reward,episode_length,height_reward,upright_penalty,tipped_over,collapsed,exploration,steps_per_second
0,1.163869,18.129999,0.045884,-0.002,0.833333,0.0,0.995613,48150.0
1,2.654011,45.689999,0.12748,-0.011987,7.083333,0.0,0.992297,103672.0
2,3.994725,66.690002,0.208892,-0.017472,7.625,0.0,0.989908,108570.0
3,5.514442,88.849998,0.28581,-0.020832,8.041667,0.0,0.986279,106214.0
4,6.950521,108.470001,0.36097,-0.022279,6.708333,0.0,0.981566,101449.0
5,8.565285,131.679993,0.439335,-0.025756,5.583333,0.0,0.979619,102949.0
6,9.87265,151.229996,0.508728,-0.027106,4.833333,0.0,0.974335,105231.0
7,10.804795,163.070007,0.579197,-0.027634,4.166667,0.0,0.968485,106422.0
8,12.853065,191.779999,0.672169,-0.028794,3.291667,0.0,0.963216,103342.0
9,14.70436,216.619995,0.758468,-0.02957,2.625,0.0,0.958028,101004.0
10,15.902041,234.0,0.8426,-0.029835,1.625,0.0,0.951175,81983.0
11,17.003035,249.919998,0.896924,-0.030975,1.416667,0.0,0.950012,120483.0
12,18.525139,270.399994,0.980324,-0.030883,1.458333,0.0,0.946582,120824.0
13,21.076492,307.320007,1.113733,-0.033101,1.130435,0.0,0.94459,123422.0
14,21.996901,321.630005,1.15866,-0.037805,1.166667,0.0,0.94106,123689.0
15,23.945538,345.190002,1.258342,-0.036025,0.833333,0.0,0.937914,123424.0
16,25.34413,367.589996,1.307901,-0.043893,1.173913,0.0,0.934535,126061.0
17,28.187263,403.309998,1.493223,-0.032928,0.458333,0.0,0.929418,123998.0
18,29.387585,422.679993,1.530211,-0.041498,0.625,0.0,0.923476,123595.0
19,31.415112,452.309998,1.641859,-0.042307,0.272727,0.0,0.91859,126246.0
20,33.573879,478.160004,1.764715,-0.037343,0.333333,0.0,0.913793,121273.0
21,35.089931,496.809998,1.825465,-0.036558,0.208333,0.0,0.908855,123877.0
22,35.50333,500.0,1.837928,-0.03388,0.041667,0.0,0.902241,124031.0
23,35.4608,497.630005,1.838514,-0.034483,0.166667,0.0,0.896213,119176.0
24,35.625099,498.079987,1.84385,-0.033866,0.166667,0.0,0.88985,123736.0
25,35.976051,500.0,1.852681,-0.031985,0.083333,0.0,0.88051,107868.0
26,35.962917,497.579987,1.84148,-0.033859,0.083333,0.0,0.875303,108665.0
27,36.013905,497.98999,1.853064,-0.029933,0.083333,0.0,0.867877,105744.0
28,36.100616,497.179993,1.857749,-0.031446,0.041667,0.0,0.859123,106520.0
29,36.44849,500.0,1.870043,-0.029674,0.0,0.0,0.851787,106109.0
30,36.640675,500.0,1.871365,-0.028646,0.041667,0.0,0.844737,107703.0
31,36.843246,500.0,1.88287,-0.025731,0.0,0.0,0.836578,107203.0
32,36.466541,493.170013,1.843605,-0.024545,0.125,0.0,0.825469,107729.0
33,36.639614,494.209991,1.8728,-0.023556,0.083333,0.0,0.81614,108903.0
34,37.022385,497.390015,1.888439,-0.021898,0.043478,0.0,0.806483,109852.0
35,37.431736,500.0,1.899192,-0.021265,0.0,0.0,0.794911,83813.0
36,37.179703,494.809998,1.88736,-0.021058,0.086957,0.0,0.781601,125561.0
37,37.76162,500.0,1.906331,-0.01969,0.0,0.0,0.773624,125516.0
38,37.942589,500.0,1.912531,-0.018881,0.0,0.0,0.76682,125305.0
39,38.094254,500.0,1.912918,-0.018261,0.0,0.0,0.760119,125333.0
40,38.169415,500.0,1.911616,-0.018628,0.0,0.0,0.749939,127627.0
41,38.341026,499.100006,1.911504,-0.018167,0.041667,0.0,0.738282,125533.0
42,38.617706,500.0,1.92448,-0.017395,0.0,0.0,0.728599,125165.0
43,38.761597,500.0,1.920233,-0.017555,0.041667,0.0,0.719311,121646.0
44,39.091522,500.0,1.929209,-0.015335,0.0,0.0,0.710643,119741.0
45,39.180122,500.0,1.929809,-0.015101,0.0,0.0,0.703964,118293.0
46,39.361141,500.0,1.93303,-0.014241,0.0,0.0,0.695051,117344.0
47,39.5051,500.0,1.934488,-0.013918,0.0,0.0,0.686673,125189.0
48,39.651676,500.0,1.9377,-0.01328,0.0,0.0,0.678529,120862.0
49,39.871632,500.0,1.938968,-0.012939,0.0,0.0,0.667835,124416.0
50,40.026794,500.0,1.942434,-0.01252,0.0,0.0,0.657023,108666.0
51,40.194229,500.0,1.943836,-0.012717,0.0,0.0,0.646821,107523.0
52,40.331882,500.0,1.946672,-0.011622,0.0,0.0,0.636111,109429.0
53,40.487602,500.0,1.947816,-0.011265,0.0,0.0,0.62651,109553.0
54,40.661678,500.0,1.949857,-0.010767,0.0,0.0,0.616846,108741.0
55,40.855942,500.0,1.951355,-0.010117,0.0,0.0,0.604776,107793.0
56,41.002174,500.0,1.953314,-0.009833,0.0,0.0,0.594169,109027.0
57,41.154552,500.0,1.956056,-0.009581,0.0,0.0,0.584551,110560.0
58,41.287884,500.0,1.957507,-0.00945,0.0,0.0,0.574576,107700.0
59,41.459824,500.0,1.958297,-0.008973,0.0,0.0,0.564238,105588.0
60,41.678741,500.0,1.960648,-0.008692,0.0,0.0,0.552337,82116.0
61,41.814888,500.0,1.96156,-0.008262,0.0,0.0,0.54226,126583.0
62,41.94186,500.0,1.96366,-0.008163,0.0,0.0,0.533329,123911.0
63,42.193413,500.0,1.964268,-0.007631,0.0,0.0,0.523461,121378.0
64,42.295525,500.0,1.965858,-0.007522,0.0,0.0,0.512098,124832.0
65,42.521049,500.0,1.966952,-0.007218,0.0,0.0,0.50382,120383.0
66,42.624912,500.0,1.968168,-0.00689,0.0,0.0,0.495341,124111.0
67,42.806496,500.0,1.969855,-0.006662,0.0,0.0,0.487276,124833.0
68,42.961845,500.0,1.97066,-0.00639,0.0,0.0,0.477558,122139.0
69,43.130955,500.0,1.971798,-0.006148,0.0,0.0,0.468437,118918.0
70,43.272842,500.0,1.973182,-0.005838,0.0,0.0,0.45991,119882.0
71,43.417423,500.0,1.973883,-0.005631,0.0,0.0,0.451467,123687.0
72,43.565937,500.0,1.974585,-0.005468,0.0,0.0,0.443202,122415.0
73,43.706482,500.0,1.97645,-0.005258,0.0,0.0,0.434945,124006.0
74,43.912537,500.0,1.97635,-0.005022,0.0,0.0,0.426044,118198.0
75,44.003113,500.0,1.9774,-0.004858,0.0,0.0,0.417986,102986.0
76,44.162727,500.0,1.97825,-0.004585,0.0,0.0,0.409331,105418.0
77,44.2925,500.0,1.979299,-0.004474,0.0,0.0,0.401906,104265.0
78,44.451664,500.0,1.979799,-0.004234,0.0,0.0,0.39437,103581.0
79,44.607838,500.0,1.980326,-0.004157,0.0,0.0,0.386833,103701.0
80,44.724712,500.0,1.98123,-0.003879,0.0,0.0,0.380073,106543.0
81,44.843666,500.0,1.982143,-0.003838,0.0,0.0,0.372803,104484.0
82,44.998966,500.0,1.982776,-0.003605,0.0,0.0,0.366981,107903.0
83,45.123867,500.0,1.983138,-0.003557,0.0,0.0,0.360587,106389.0
84,45.274414,500.0,1.983495,-0.003422,0.0,0.0,0.353624,103460.0
85,45.430115,500.0,1.984206,-0.003265,0.0,0.0,0.345717,71034.0
86,45.548584,500.0,1.984619,-0.003111,0.0,0.0,0.339641,113381.0
87,45.659286,500.0,1.985086,-0.00303,0.0,0.0,0.333609,67773.0
88,45.761246,500.0,1.985655,-0.002919,0.0,0.0,0.328122,65207.0
89,45.912724,500.0,1.986223,-0.002796,0.0,0.0,0.322972,66502.0
90,45.975945,500.0,1.98639,-0.002663,0.0,0.0,0.316945,68004.0
91,46.096745,500.0,1.987084,-0.002574,0.0,0.0,0.31141,65638.0
92,46.206894,500.0,1.987699,-0.002449,0.0,0.0,0.306259,63467.0
93,46.300312,500.0,1.98794,-0.002367,0.0,0.0,0.299687,64540.0
94,46.395657,500.0,1.988725,-0.00228,0.0,0.0,0.295547,64214.0
95,46.470783,500.0,1.988907,-0.002189,0.0,0.0,0.291009,121984.0
96,46.557358,500.0,1.98952,-0.002086,0.0,0.0,0.287086,109979.0
97,46.659245,500.0,1.98993,-0.002022,0.0,0.0,0.282514,115955.0
98,46.747169,500.0,1.990027,-0.001976,0.0,0.0,0.278836,114682.0
99,46.864487,500.0,1.990586,-0.00182,0.0,0.0,0.2747,124028.0
100,46.942932,500.0,1.991086,-0.001792,0.0,0.0,0.271738,108674.0
101,47.007511,500.0,1.991106,-0.001733,0.0,0.0,0.268214,104006.0
102,47.062252,500.0,1.991337,-0.00172,0.0,0.0,0.264086,105409.0
103,47.175522,500.0,1.991744,-0.00163,0.0,0.0,0.260239,105660.0
104,47.247738,500.0,1.991956,-0.001552,0.0,0.0,0.256691,102382.0
105,47.321541,500.0,1.992211,-0.001496,0.0,0.0,0.25153,103110.0
106,47.391216,500.0,1.992442,-0.001475,0.0,0.0,0.24792,104507.0
107,47.455547,500.0,1.992618,-0.001425,0.0,0.0,0.244043,106021.0
108,47.53294,500.0,1.992879,-0.001362,0.0,0.0,0.239154,106856.0
109,47.570129,500.0,1.993116,-0.001332,0.0,0.0,0.234207,103688.0
110,47.661167,500.0,1.993304,-0.001287,0.0,0.0,0.231582,81437.0
111,47.729725,500.0,1.993519,-0.001224,0.0,0.0,0.228322,118652.0
112,47.758526,500.0,1.993678,-0.001201,0.0,0.0,0.225552,111976.0
113,47.820763,500.0,1.993924,-0.001169,0.0,0.0,0.222729,119737.0
114,47.884907,500.0,1.994183,-0.001129,0.0,0.0,0.219744,120768.0
115,47.907619,500.0,1.994178,-0.001115,0.0,0.0,0.216984,119378.0
116,47.975613,500.0,1.994321,-0.001077,0.0,0.0,0.214316,117183.0
117,48.021767,500.0,1.994441,-0.001063,0.0,0.0,0.210553,118985.0
118,48.06303,500.0,1.994707,-0.001008,0.0,0.0,0.206479,119345.0
119,48.103344,500.0,1.99475,-0.000971,0.0,0.0,0.203365,120025.0
120,48.153881,500.0,1.994909,-0.000955,0.0,0.0,0.199675,120129.0
121,48.179977,500.0,1.994838,-0.000933,0.0,0.0,0.196134,118452.0
122,48.245975,500.0,1.995261,-0.000887,0.0,0.0,0.192137,119359.0
123,48.29113,500.0,1.995359,-0.000872,0.0,0.0,0.189606,119901.0
124,48.33004,500.0,1.995379,-0.000828,0.0,0.0,0.186791,119254.0
125,48.391552,500.0,1.995568,-0.000814,0.0,0.0,0.184375,104725.0
126,48.428783,500.0,1.995669,-0.000785,0.0,0.0,0.180821,104731.0
127,48.474964,500.0,1.995847,-0.000757,0.0,0.0,0.177291,102523.0
128,48.50172,500.0,1.995934,-0.000733,0.0,0.0,0.174695,94403.0
129,48.551384,500.0,1.996017,-0.000705,0.0,0.0,0.171237,99648.0
130,48.582787,500.0,1.996141,-0.000684,0.0,0.0,0.168352,99404.0
131,48.620045,500.0,1.996262,-0.000654,0.0,0.0,0.166007,101698.0
132,48.660038,500.0,1.99636,-0.000634,0.0,0.0,0.163289,103975.0
133,48.69173,500.0,1.996494,-0.000607,0.0,0.0,0.160068,104863.0
134,48.725449,500.0,1.996578,-0.000596,0.0,0.0,0.156877,103722.0
135,48.762856,500.0,1.996644,-0.000572,0.0,0.0,0.153863,82857.0
136,48.794754,500.0,1.996717,-0.000538,0.0,0.0,0.150311,118021.0
137,48.831997,500.0,1.996827,-0.000526,0.0,0.0,0.147944,117180.0
138,48.856388,500.0,1.996859,-0.000513,0.0,0.0,0.144805,92353.0
139,48.895966,500.0,1.996973,-0.00049,0.0,0.0,0.141549,65288.0
140,48.93074,500.0,1.997114,-0.00048,0.0,0.0,0.138532,61348.0
141,48.963867,500.0,1.997262,-0.000453,0.0,0.0,0.136467,64085.0
142,48.993397,500.0,1.997294,-0.000436,0.0,0.0,0.13423,90482.0
143,49.02882,500.0,1.997363,-0.000428,0.0,0.0,0.131364,115213.0
144,49.058723,500.0,1.997518,-0.00041,0.0,0.0,0.128443,117451.0
145,49.089245,500.0,1.99757,-0.000399,0.0,0.0,0.126089,117854.0
146,49.127113,500.0,1.99761,-0.000386,0.0,0.0,0.123733,119745.0
147,49.159901,500.0,1.997664,-0.000371,0.0,0.0,0.121107,118879.0
148,49.182629,500.0,1.997764,-0.000359,0.0,0.0,0.118175,119180.0
149,49.21209,500.0,1.997839,-0.000346,0.0,0.0,0.115914,119471.0
150,49.240028,500.0,1.99792,-0.000336,0.0,0.0,0.11348,105508.0
151,49.265995,500.0,1.997994,-0.000325,0.0,0.0,0.111188,104894.0
152,49.289871,500.0,1.99807,-0.000309,0.0,0.0,0.10886,105810.0
153,49.314449,500.0,1.998161,-0.000302,0.0,0.0,0.106455,104290.0
154,49.338982,500.0,1.998243,-0.000292,0.0,0.0,0.104268,98325.0
155,49.362324,500.0,1.998298,-0.000282,0.0,0.0,0.102098,105717.0
156,49.38158,500.0,1.998361,-0.000275,0.0,0.0,0.100184,104891.0
157,49.405266,500.0,1.9984,-0.000267,0.0,0.0,0.098302,104976.0
158,49.425777,500.0,1.998498,-0.00026,0.0,0.0,0.096718,104216.0
159,49.446922,500.0,1.998544,-0.000251,0.0,0.0,0.094749,105560.0
160,49.463371,500.0,1.998649,-0.000246,0.0,0.0,0.092915,84659.0
161,49.482605,500.0,1.998659,-0.000241,0.0,0.0,0.091645,120959.0
162,49.502903,500.0,1.99872,-0.000231,0.0,0.0,0.090354,120498.0
163,49.514454,500.0,1.998774,-0.000229,0.0,0.0,0.088801,119682.0
164,49.537327,500.0,1.998797,-0.000224,0.0,0.0,0.086877,121207.0
165,49.550163,500.0,1.998874,-0.000224,0.0,0.0,0.084996,121002.0
166,49.564976,500.0,1.998916,-0.000219,0.0,0.0,0.083129,119517.0
167,49.583904,500.0,1.998946,-0.000219,0.0,0.0,0.081338,119731.0
168,49.598362,500.0,1.998976,-0.000213,0.0,0.0,0.079705,121343.0
169,49.612888,500.0,1.999027,-0.000207,0.0,0.0,0.078333,109874.0
170,49.626163,500.0,1.999053,-0.000207,0.0,0.0,0.076787,119421.0
171,49.637604,500.0,1.999079,-0.000202,0.0,0.0,0.075085,119503.0
172,49.651764,500.0,1.999136,-0.000201,0.0,0.0,0.073488,119228.0
173,49.659706,500.0,1.999156,-0.000198,0.0,0.0,0.072228,119243.0
174,49.672668,500.0,1.999206,-0.000196,0.0,0.0,0.070972,120044.0
175,49.681633,500.0,1.999226,-0.000194,0.0,0.0,0.06959,105086.0
176,49.689606,500.0,1.999242,-0.000189,0.0,0.0,0.068078,106916.0
177,49.701351,500.0,1.999269,-0.000189,0.0,0.0,0.06707,107233.0
178,49.70982,500.0,1.999303,-0.000182,0.0,0.0,0.065816,106987.0
179,49.717934,500.0,1.999301,-0.000183,0.0,0.0,0.064656,107840.0
180,49.725517,500.0,1.999336,-0.000184,0.0,0.0,0.063308,97123.0
181,49.732258,500.0,1.999362,-0.000182,0.0,0.0,0.062018,92137.0
182,49.739601,500.0,1.999363,-0.000181,0.0,0.0,0.060604,92230.0
183,49.747337,500.0,1.999377,-0.000175,0.0,0.0,0.059802,92358.0
184,49.752895,500.0,1.999405,-0.000177,0.0,0.0,0.058707,106442.0
185,49.761868,500.0,1.99942,-0.000177,0.0,0.0,0.057516,80389.0
186,49.768021,500.0,1.999429,-0.000177,0.0,0.0,0.056395,65228.0
187,49.774673,500.0,1.99946,-0.000171,0.0,0.0,0.055537,65631.0
188,49.782131,500.0,1.999462,-0.000168,0.0,0.0,0.054561,66891.0
189,49.788368,500.0,1.999487,-0.000165,0.0,0.0,0.053465,70087.0
190,49.793991,500.0,1.999487,-0.000165,0.0,0.0,0.052577,105821.0
191,49.799019,500.0,1.999519,-0.00016,0.0,0.0,0.051577,105815.0
192,49.803947,500.0,1.999517,-0.000163,0.0,0.0,0.050748,102196.0
193,49.808853,500.0,1.999524,-0.00016,0.0,0.0,0.049737,106615.0
194,49.813683,500.0,1.999535,-0.000157,0.0,0.0,0.04865,103186.0
195,49.818348,500.0,1.999547,-0.000153,0.0,0.0,0.047654,94607.0
196,49.822865,500.0,1.999555,-0.000151,0.0,0.0,0.046568,105539.0
197,49.826599,500.0,1.999572,-0.000149,0.0,0.0,0.045787,101459.0
198,49.831722,500.0,1.999583,-0.000144,0.0,0.0,0.045002,104989.0
199,49.836342,500.0,1.999591,-0.000144,0.0,0.0,0.043956,110002.0
200,49.839756,500.0,1.99959,-0.00014,0.0,0.0,0.043125,99611.0
201,49.843704,500.0,1.999604,-0.000136,0.0,0.0,0.042226,100047.0
202,49.847591,500.0,1.999626,-0.000135,0.0,0.0,0.041438,100044.0
203,49.851318,500.0,1.999633,-0.000132,0.0,0.0,0.040739,101443.0
204,49.854263,500.0,1.999644,-0.00013,0.0,0.0,0.040099,98563.0
205,49.856983,500.0,1.999647,-0.000128,0.0,0.0,0.039373,100663.0
206,49.859306,500.0,1.999668,-0.000128,0.0,0.0,0.038518,95326.0
207,49.862755,500.0,1.999682,-0.000121,0.0,0.0,0.03779,97377.0
208,49.865837,500.0,1.999674,-0.000123,0.0,0.0,0.037107,95874.0
209,49.868526,500.0,1.999673,-0.00012,0.0,0.0,0.036489,106071.0
210,49.871517,500.0,1.99969,-0.000119,0.0,0.0,0.035842,84806.0
211,49.873623,500.0,1.999699,-0.000117,0.0,0.0,0.035175,110216.0
212,49.876194,500.0,1.9997,-0.000116,0.0,0.0,0.034432,109852.0
213,49.879143,500.0,1.999709,-0.000114,0.0,0.0,0.033712,114582.0
214,49.881256,500.0,1.999722,-0.000114,0.0,0.0,0.033002,107705.0
215,49.883041,500.0,1.999719,-0.000111,0.0,0.0,0.032332,101790.0
216,49.884991,500.0,1.999728,-0.000108,0.0,0.0,0.03183,105175.0
217,49.887306,500.0,1.999726,-0.000108,0.0,0.0,0.031597,105843.0
218,49.888931,500.0,1.999732,-0.000106,0.0,0.0,0.030987,105614.0
219,49.89101,500.0,1.999733,-0.000106,0.0,0.0,0.030334,102619.0
220,49.892693,500.0,1.999736,-0.000101,0.0,0.0,0.029822,107506.0
221,49.894436,500.0,1.99973,-0.0001,0.0,0.0,0.029271,104467.0
222,49.896648,500.0,1.999733,-9.7e-05,0.0,0.0,0.028795,94666.0
223,49.897839,500.0,1.999721,-9.7e-05,0.0,0.0,0.028312,112902.0
224,49.89941,500.0,1.999713,-9.5e-05,0.0,0.0,0.027763,110254.0
225,49.901344,500.0,1.999707,-9.4e-05,0.0,0.0,0.027215,99808.0
226,49.902527,500.0,1.999712,-9.2e-05,0.0,0.0,0.02665,99496.0
227,49.903896,500.0,1.999698,-9e-05,0.0,0.0,0.026089,99096.0
228,49.905655,500.0,1.999705,-8.7e-05,0.0,0.0,0.025593,102811.0
229,49.906494,500.0,1.999699,-8.9e-05,0.0,0.0,0.025137,107442.0
230,49.908371,500.0,1.999691,-8.8e-05,0.0,0.0,0.024697,103094.0
231,49.909176,500.0,1.999689,-8.9e-05,0.0,0.0,0.024246,58896.0
232,49.910431,500.0,1.999688,-8.9e-05,0.0,0.0,0.023853,59753.0
233,49.911366,500.0,1.999682,-9e-05,0.0,0.0,0.023538,58256.0
234,49.912617,500.0,1.999686,-8.5e-05,0.0,0.0,0.023082,80903.0
235,49.913845,500.0,1.999675,-8.6e-05,0.0,0.0,0.022694,83681.0
236,49.91468,500.0,1.99967,-8.8e-05,0.0,0.0,0.022354,119597.0
237,49.915283,500.0,1.999664,-8.8e-05,0.0,0.0,0.022006,120145.0
238,49.915676,500.0,1.999661,-9e-05,0.0,0.0,0.021679,114008.0
239,49.917522,500.0,1.999663,-8.7e-05,0.0,0.0,0.021414,116630.0
240,49.917892,500.0,1.99965,-8.8e-05,0.0,0.0,0.021029,114195.0
241,49.918568,500.0,1.999648,-8.7e-05,0.0,0.0,0.020716,111443.0
242,49.919594,500.0,1.999646,-8.6e-05,0.0,0.0,0.020331,118591.0
243,49.920113,500.0,1.999641,-8.7e-05,0.0,0.0,0.01999,109832.0
244,49.920765,500.0,1.999635,-8.9e-05,0.0,0.0,0.019694,107595.0
245,49.92178,500.0,1.99963,-8.9e-05,0.0,0.0,0.019353,104405.0
246,49.921726,500.0,1.999624,-8.7e-05,0.0,0.0,0.019138,113018.0
247,49.922722,500.0,1.999622,-8.6e-05,0.0,0.0,0.01885,117426.0
248,49.922863,500.0,1.999618,-8.9e-05,0.0,0.0,0.018487,116679.0
249,49.9231,500.0,1.999606,-9e-05,0.0,0.0,0.018186,106332.0
250,49.924358,500.0,1.9996,-8.5e-05,0.0,0.0,0.017926,106705.0
251,49.924477,500.0,1.999593,-8.7e-05,0.0,0.0,0.017625,103383.0
252,49.925316,500.0,1.999585,-8.5e-05,0.0,0.0,0.017369,95915.0
253,49.925499,500.0,1.999578,-8.6e-05,0.0,0.0,0.017129,106284.0
254,49.925678,500.0,1.999568,-8.9e-05,0.0,0.0,0.016886,95773.0
255,49.926601,500.0,1.999552,-8.8e-05,0.0,0.0,0.016714,95608.0
256,49.926647,500.0,1.999549,-8.5e-05,0.0,0.0,0.01657,99137.0
257,49.927296,500.0,1.999539,-8.4e-05,0.0,0.0,0.016375,97636.0
258,49.927494,500.0,1.999524,-8.4e-05,0.0,0.0,0.016176,100611.0
259,49.927937,500.0,1.999512,-8.5e-05,0.0,0.0,0.015975,100144.0
260,49.92857,500.0,1.999499,-8.5e-05,0.0,0.0,0.015763,89902.0
261,49.9291,500.0,1.99949,-8.3e-05,0.0,0.0,0.015521,116143.0
262,49.928875,500.0,1.99948,-8.4e-05,0.0,0.0,0.015315,104799.0
263,49.928799,500.0,1.999465,-8.6e-05,0.0,0.0,0.015112,115888.0
264,49.929268,500.0,1.999458,-8.4e-05,0.0,0.0,0.014876,117142.0
265,49.929848,500.0,1.999444,-8.4e-05,0.0,0.0,0.014677,113910.0
266,49.929962,500.0,1.999437,-8e-05,0.0,0.0,0.014552,118402.0
267,49.929958,500.0,1.999407,-8.6e-05,0.0,0.0,0.014412,117956.0
268,49.930328,500.0,1.999407,-8.2e-05,0.0,0.0,0.014193,111097.0
269,49.930763,500.0,1.999393,-8.3e-05,0.0,0.0,0.01399,110637.0
270,49.930408,500.0,1.99937,-8.7e-05,0.0,0.0,0.013839,105895.0
271,49.931404,500.0,1.999368,-8.4e-05,0.0,0.0,0.013696,114944.0
272,49.931664,500.0,1.999362,-8.3e-05,0.0,0.0,0.013505,111986.0
273,49.931587,500.0,1.999347,-8.1e-05,0.0,0.0,0.013436,104591.0
274,49.932247,500.0,1.999339,-8.4e-05,0.0,0.0,0.013329,122270.0
275,49.931881,500.0,1.999327,-8.3e-05,0.0,0.0,0.013248,107796.0
276,49.932255,500.0,1.999319,-8.2e-05,0.0,0.0,0.013227,102768.0
277,49.932301,500.0,1.999304,-8.4e-05,0.0,0.0,0.013108,67502.0
278,49.932549,500.0,1.999296,-8.2e-05,0.0,0.0,0.013065,60318.0
279,49.93259,500.0,1.999286,-8.5e-05,0.0,0.0,0.012922,59758.0
280,49.932774,500.0,1.999275,-8.5e-05,0.0,0.0,0.012859,66900.0
281,49.932354,500.0,1.999259,-8.4e-05,0.0,0.0,0.012742,104910.0
282,49.932541,500.0,1.999245,-8.5e-05,0.0,0.0,0.012621,102348.0
283,49.93351,500.0,1.99924,-8.4e-05,0.0,0.0,0.012462,100870.0
284,49.93364,500.0,1.999223,-8.3e-05,0.0,0.0,0.01237,102877.0
285,49.932781,500.0,1.999218,-8.4e-05,0.0,0.0,0.012256,90175.0
286,49.933342,500.0,1.999203,-8.5e-05,0.0,0.0,0.012157,122001.0
287,49.933498,500.0,1.999192,-8.4e-05,0.0,0.0,0.01205,119975.0
288,49.933628,500.0,1.99918,-8.7e-05,0.0,0.0,0.011943,124914.0
289,49.933838,500.0,1.99916,-8.5e-05,0.0,0.0,0.011801,108534.0
290,49.933578,500.0,1.999143,-8.6e-05,0.0,0.0,0.011695,125209.0
291,49.933792,500.0,1.999138,-8.6e-05,0.0,0.0,0.011578,125646.0
292,49.933559,500.0,1.999131,-8.5e-05,0.0,0.0,0.011492,125016.0
293,49.933838,500.0,1.999112,-8.5e-05,0.0,0.0,0.011453,124644.0
294,49.933922,500.0,1.999108,-8.4e-05,0.0,0.0,0.011403,122012.0
295,49.933765,500.0,1.9991,-8.4e-05,0.0,0.0,0.011338,121073.0
296,49.934639,500.0,1.99909,-8.3e-05,0.0,0.0,0.011325,121777.0
297,49.934006,500.0,1.999079,-8.2e-05,0.0,0.0,0.011287,119110.0
298,49.934029,500.0,1.999065,-8.4e-05,0.0,0.0,0.01128,122270.0
299,49.933826,500.0,1.999061,-8.3e-05,0.0,0.0,0.011226,124163.0
300,49.933914,500.0,1.999043,-8.3e-05,0.0,0.0,0.011174,107590.0
301,49.934338,500.0,1.999039,-8.4e-05,0.0,0.0,0.011077,106476.0
302,49.934315,500.0,1.999037,-8.3e-05,0.0,0.0,0.011031,105660.0
303,49.935009,500.0,1.999022,-8.1e-05,0.0,0.0,0.010945,110563.0
304,49.934471,500.0,1.999016,-8e-05,0.0,0.0,0.010894,110231.0
305,49.934692,500.0,1.999003,-8.1e-05,0.0,0.0,0.010813,94854.0
306,49.935013,500.0,1.999002,-8e-05,0.0,0.0,0.010707,107346.0
307,49.934689,500.0,1.999,-8.2e-05,0.0,0.0,0.010658,109398.0
308,49.93502,500.0,1.998989,-8.2e-05,0.0,0.0,0.010566,109218.0
309,49.933994,500.0,1.998978,-8.4e-05,0.0,0.0,0.01053,108400.0
310,49.93417,500.0,1.998966,-8e-05,0.0,0.0,0.010473,85437.0
311,49.934731,500.0,1.99896,-8e-05,0.0,0.0,0.010432,127402.0
312,49.934189,500.0,1.998951,-8.2e-05,0.0,0.0,0.010359,126558.0
313,49.934883,500.0,1.998954,-7.9e-05,0.0,0.0,0.010315,123066.0
314,49.93507,500.0,1.998935,-8e-05,0.0,0.0,0.010266,124747.0
315,49.934727,500.0,1.998936,-7.9e-05,0.0,0.0,0.010277,123675.0
316,49.934399,500.0,1.998919,-8e-05,0.0,0.0,0.01025,123509.0
317,49.934563,500.0,1.998921,-8e-05,0.0,0.0,0.010242,124303.0
318,49.934208,500.0,1.998896,-7.9e-05,0.0,0.0,0.010225,126077.0
319,49.93462,500.0,1.998901,-7.8e-05,0.0,0.0,0.01022,125393.0
320,49.934772,500.0,1.998897,-7.7e-05,0.0,0.0,0.010156,105520.0
321,49.934391,500.0,1.998874,-7.8e-05,0.0,0.0,0.010105,114571.0
322,49.934361,500.0,1.998877,-7.8e-05,0.0,0.0,0.01009,121241.0
323,49.933701,500.0,1.998857,-7.8e-05,0.0,0.0,0.01005,125754.0
324,49.933933,500.0,1.998854,-7.8e-05,0.0,0.0,0.010022,118382.0
325,49.934277,500.0,1.998819,-8.2e-05,0.0,0.0,0.009982,105776.0
326,49.934067,500.0,1.998828,-7.9e-05,0.0,0.0,0.009926,77079.0
327,49.935047,500.0,1.998826,-7.5e-05,0.0,0.0,0.009862,60719.0
328,49.93409,500.0,1.998814,-7.7e-05,0.0,0.0,0.009798,58630.0
329,49.934338,500.0,1.998803,-8e-05,0.0,0.0,0.009804,63617.0
330,49.934422,500.0,1.998796,-7.9e-05,0.0,0.0,0.00973,106471.0
331,49.934349,500.0,1.998789,-7.9e-05,0.0,0.0,0.009712,104308.0
332,49.933704,500.0,1.998765,-8.1e-05,0.0,0.0,0.009664,89274.0
333,49.93351,500.0,1.998768,-7.9e-05,0.0,0.0,0.009624,105235.0
334,49.934433,500.0,1.998755,-7.7e-05,0.0,0.0,0.009617,104609.0
335,49.934475,500.0,1.998726,-8e-05,0.0,0.0,0.009617,87185.0
336,49.93396,500.0,1.998727,-7.9e-05,0.0,0.0,0.009578,115949.0
337,49.933624,500.0,1.998696,-7.9e-05,0.0,0.0,0.009553,115769.0
338,49.93412,500.0,1.998687,-7.8e-05,0.0,0.0,0.009509,112264.0
339,49.933498,500.0,1.99869,-7.7e-05,0.0,0.0,0.009516,115426.0
340,49.933887,500.0,1.998665,-7.8e-05,0.0,0.0,0.009476,123358.0
341,49.933964,500.0,1.998661,-7.8e-05,0.0,0.0,0.009481,121318.0
342,49.933823,500.0,1.998651,-7.8e-05,0.0,0.0,0.009445,123820.0
343,49.934357,500.0,1.998645,-7.7e-05,0.0,0.0,0.009423,112813.0
344,49.933613,500.0,1.998626,-7.7e-05,0.0,0.0,0.009406,120135.0
345,49.933971,500.0,1.99861,-7.9e-05,0.0,0.0,0.009363,119854.0
346,49.933529,500.0,1.998599,-7.8e-05,0.0,0.0,0.009367,119213.0
347,49.934223,500.0,1.998582,-7.6e-05,0.0,0.0,0.009353,117133.0
348,49.933151,500.0,1.998576,-7.9e-05,0.0,0.0,0.009329,96327.0
349,49.933479,500.0,1.998546,-7.9e-05,0.0,0.0,0.009305,123841.0
350,49.933483,500.0,1.998557,-7.8e-05,0.0,0.0,0.009258,101675.0
351,49.933632,500.0,1.998534,-7.9e-05,0.0,0.0,0.009213,107679.0
352,49.933434,500.0,1.998528,-7.6e-05,0.0,0.0,0.009173,108856.0
353,49.933308,500.0,1.998515,-7.7e-05,0.0,0.0,0.009155,107958.0
354,49.933594,500.0,1.998506,-7.6e-05,0.0,0.0,0.009109,109641.0
355,49.933048,500.0,1.998489,-7.7e-05,0.0,0.0,0.009095,109354.0
356,49.933464,500.0,1.99849,-7.6e-05,0.0,0.0,0.009116,109491.0
357,49.933807,500.0,1.998476,-7.4e-05,0.0,0.0,0.009104,105925.0
358,49.932762,500.0,1.99847,-7.6e-05,0.0,0.0,0.009118,105806.0
359,49.933971,500.0,1.998452,-7.7e-05,0.0,0.0,0.009109,104986.0
360,49.932613,500.0,1.998429,-7.6e-05,0.0,0.0,0.009095,87675.0
361,49.932827,500.0,1.99842,-7.7e-05,0.0,0.0,0.009085,121124.0
362,49.932838,500.0,1.998406,-7.6e-05,0.0,0.0,0.009064,99208.0
363,49.932129,500.0,1.998386,-7.8e-05,0.0,0.0,0.00907,116742.0
364,49.932941,500.0,1.998387,-7.5e-05,0.0,0.0,0.009072,125122.0
365,49.932823,500.0,1.998367,-7.7e-05,0.0,0.0,0.009047,121850.0
366,49.932899,500.0,1.998343,-7.5e-05,0.0,0.0,0.009038,125978.0
367,49.932636,500.0,1.998332,-7.7e-05,0.0,0.0,0.009042,124772.0
368,49.932037,500.0,1.998307,-7.7e-05,0.0,0.0,0.009029,122810.0
369,49.933128,500.0,1.998307,-7.5e-05,0.0,0.0,0.009005,114879.0
370,49.932617,500.0,1.998279,-7.6e-05,0.0,0.0,0.008995,125874.0
371,49.931538,500.0,1.998257,-8e-05,0.0,0.0,0.00894,125718.0
372,49.932213,500.0,1.998236,-7.9e-05,0.0,0.0,0.00889,125781.0
373,49.932472,500.0,1.998254,-7.4e-05,0.0,0.0,0.008889,126708.0
374,49.931583,500.0,1.998244,-7.7e-05,0.0,0.0,0.008866,110113.0
375,49.93153,500.0,1.998194,-7.8e-05,0.0,0.0,0.008841,60719.0
376,49.932034,500.0,1.998191,-7.8e-05,0.0,0.0,0.008859,53222.0
377,49.931484,500.0,1.998169,-8.2e-05,0.0,0.0,0.008855,54960.0
378,49.931587,500.0,1.998162,-8e-05,0.0,0.0,0.008877,99888.0
379,49.931999,500.0,1.998148,-7.9e-05,0.0,0.0,0.008878,105347.0
380,49.931545,500.0,1.998136,-8.1e-05,0.0,0.0,0.008883,108843.0
381,49.930729,500.0,1.998119,-8.1e-05,0.0,0.0,0.008907,109962.0
382,49.931599,500.0,1.998111,-8.3e-05,0.0,0.0,0.008904,109120.0
383,49.930347,500.0,1.998095,-8.3e-05,0.0,0.0,0.008907,110119.0
384,49.931065,500.0,1.998095,-8.3e-05,0.0,0.0,0.008914,105936.0
385,49.931503,500.0,1.998087,-8.3e-05,0.0,0.0,0.008885,91094.0
386,49.930965,500.0,1.998083,-8.4e-05,0.0,0.0,0.008884,123397.0
387,49.931213,500.0,1.998057,-8.5e-05,0.0,0.0,0.008893,124163.0
388,49.931042,500.0,1.99808,-8.2e-05,0.0,0.0,0.008885,122853.0
389,49.930614,500.0,1.998043,-8.6e-05,0.0,0.0,0.008868,122863.0
390,49.930458,500.0,1.998062,-8.4e-05,0.0,0.0,0.008837,101093.0
391,49.931179,500.0,1.998066,-8.3e-05,0.0,0.0,0.008837,126151.0
392,49.931549,500.0,1.998053,-8.1e-05,0.0,0.0,0.008802,113167.0
393,49.930923,500.0,1.998052,-8.3e-05,0.0,0.0,0.008788,121979.0
394,49.930595,500.0,1.998057,-8.1e-05,0.0,0.0,0.008772,121337.0
395,49.929977,500.0,1.998039,-8.5e-05,0.0,0.0,0.00874,124716.0
396,49.930096,500.0,1.998019,-8.4e-05,0.0,0.0,0.008743,125411.0
397,49.930466,500.0,1.998014,-8.4e-05,0.0,0.0,0.008719,125334.0
398,49.930244,500.0,1.998002,-8.6e-05,0.0,0.0,0.008741,124148.0
399,49.92997,500.0,1.997992,-8.3e-05,0.0,0.0,0.008764,124695.0
400,49.930725,500.0,1.997993,-8.3e-05,0.0,0.0,0.00877,109636.0
401,49.929741,500.0,1.997978,-8.3e-05,0.0,0.0,0.008767,107640.0
402,49.930111,500.0,1.997971,-8.3e-05,0.0,0.0,0.00874,107986.0
403,49.929455,500.0,1.997966,-8.3e-05,0.0,0.0,0.008723,109393.0
404,49.929981,500.0,1.997954,-8.3e-05,0.0,0.0,0.008686,109708.0
405,49.93037,500.0,1.997973,-8e-05,0.0,0.0,0.008688,103469.0
406,49.930157,500.0,1.997956,-8.4e-05,0.0,0.0,0.008672,89368.0
407,49.930153,500.0,1.997954,-8.2e-05,0.0,0.0,0.008673,108150.0
408,49.93,500.0,1.997936,-8.1e-05,0.0,0.0,0.008677,107037.0
409,49.929695,500.0,1.997934,-8.2e-05,0.0,0.0,0.008661,104147.0
410,49.929707,500.0,1.997915,-8.5e-05,0.0,0.0,0.008657,88794.0
411,49.929787,500.0,1.997894,-8.4e-05,0.0,0.0,0.008649,120340.0
412,49.929092,500.0,1.997902,-8.5e-05,0.0,0.0,0.008602,119351.0
413,49.929432,500.0,1.997881,-8.6e-05,0.0,0.0,0.008601,116186.0
414,49.928749,500.0,1.997869,-8.5e-05,0.0,0.0,0.008578,119945.0
415,49.928642,500.0,1.997892,-8.6e-05,0.0,0.0,0.008582,120895.0
416,49.929081,500.0,1.997857,-8.5e-05,0.0,0.0,0.008585,119689.0
417,49.929722,500.0,1.997864,-8.5e-05,0.0,0.0,0.008582,111586.0
418,49.928398,500.0,1.997837,-8.8e-05,0.0,0.0,0.008577,113150.0
419,49.929337,500.0,1.997859,-8.7e-05,0.0,0.0,0.008574,109712.0
420,49.928661,500.0,1.997822,-8.9e-05,0.0,0.0,0.008589,120388.0
421,49.928833,500.0,1.99784,-8.9e-05,0.0,0.0,0.008595,101034.0
422,49.92894,500.0,1.997824,-9e-05,0.0,0.0,0.008628,119984.0
423,49.929295,500.0,1.997827,-9e-05,0.0,0.0,0.008631,66950.0
424,49.929325,500.0,1.997826,-8.8e-05,0.0,0.0,0.00863,66319.0
425,49.929077,500.0,1.997822,-9e-05,0.0,0.0,0.008626,60352.0
426,49.928738,500.0,1.997822,-9e-05,0.0,0.0,0.00859,71397.0
427,49.927784,500.0,1.997797,-9.4e-05,0.0,0.0,0.00857,110054.0
428,49.928715,500.0,1.997822,-9e-05,0.0,0.0,0.00856,109100.0
429,49.928062,500.0,1.997833,-9e-05,0.0,0.0,0.008505,109407.0
430,49.928352,500.0,1.997802,-9.3e-05,0.0,0.0,0.008492,109187.0
431,49.928661,500.0,1.997786,-9.2e-05,0.0,0.0,0.008495,108275.0
432,49.928646,500.0,1.997781,-9.1e-05,0.0,0.0,0.008522,111204.0
433,49.928207,500.0,1.99778,-9.3e-05,0.0,0.0,0.008532,90015.0
434,49.927795,500.0,1.997781,-9.1e-05,0.0,0.0,0.008522,101917.0
435,49.927567,500.0,1.997788,-9.2e-05,0.0,0.0,0.008489,89076.0
436,49.928005,500.0,1.99774,-9.3e-05,0.0,0.0,0.008483,124385.0
437,49.928154,500.0,1.997749,-9.3e-05,0.0,0.0,0.008484,122916.0
438,49.927849,500.0,1.997762,-9.4e-05,0.0,0.0,0.008484,117091.0
439,49.928127,500.0,1.997759,-9.1e-05,0.0,0.0,0.008478,110445.0
440,49.92807,500.0,1.99775,-9.3e-05,0.0,0.0,0.008489,120819.0
441,49.928379,500.0,1.997746,-9.2e-05,0.0,0.0,0.00851,120231.0
442,49.92765,500.0,1.997747,-9.3e-05,0.0,0.0,0.008511,121414.0
443,49.927761,500.0,1.99773,-9.2e-05,0.0,0.0,0.008534,121014.0
444,49.928268,500.0,1.997739,-9.1e-05,0.0,0.0,0.008531,122658.0
445,49.926754,500.0,1.997699,-9.4e-05,0.0,0.0,0.008522,123046.0
446,49.927448,500.0,1.997711,-9.3e-05,0.0,0.0,0.00853,122232.0
447,49.927353,500.0,1.997712,-9.2e-05,0.0,0.0,0.008507,119881.0
448,49.927517,500.0,1.99771,-9.2e-05,0.0,0.0,0.00849,99206.0
449,49.927155,500.0,1.997753,-8.8e-05,0.0,0.0,0.008481,122126.0
450,49.927082,500.0,1.99771,-8.9e-05,0.0,0.0,0.008496,106820.0
451,49.927456,500.0,1.997707,-9e-05,0.0,0.0,0.008467,102740.0
452,49.926777,500.0,1.997674,-9.2e-05,0.0,0.0,0.008479,107239.0
453,49.925602,500.0,1.997642,-9.7e-05,0.0,0.0,0.008462,111056.0
454,49.927444,500.0,1.997665,-9.1e-05,0.0,0.0,0.008454,108173.0
455,49.926479,500.0,1.997621,-9.4e-05,0.0,0.0,0.008431,107629.0
456,49.926651,500.0,1.997641,-9.3e-05,0.0,0.0,0.008427,108888.0
457,49.926807,500.0,1.997635,-9e-05,0.0,0.0,0.008396,109263.0
458,49.926594,500.0,1.997566,-9.5e-05,0.0,0.0,0.008388,106722.0
459,49.92638,500.0,1.997617,-9.3e-05,0.0,0.0,0.008408,109226.0
460,49.925953,500.0,1.997601,-9.2e-05,0.0,0.0,0.008424,92549.0
461,49.926331,500.0,1.997583,-9.5e-05,0.0,0.0,0.008444,122692.0
462,49.925995,500.0,1.997579,-9.4e-05,0.0,0.0,0.00845,124742.0
463,49.925873,500.0,1.99756,-9.3e-05,0.0,0.0,0.008452,97916.0
464,49.926331,500.0,1.997576,-9.3e-05,0.0,0.0,0.00844,123529.0
465,49.926308,500.0,1.997554,-9.3e-05,0.0,0.0,0.008453,122031.0
466,49.925308,500.0,1.997548,-9.5e-05,0.0,0.0,0.008463,123547.0
467,49.925571,500.0,1.997567,-9.2e-05,0.0,0.0,0.008485,120180.0
468,49.925148,500.0,1.997518,-9.6e-05,0.0,0.0,0.008471,120632.0
469,49.925194,500.0,1.997511,-9.6e-05,0.0,0.0,0.008477,122520.0
470,49.925144,500.0,1.997501,-9.5e-05,0.0,0.0,0.008481,124698.0
471,49.925243,500.0,1.997469,-9.7e-05,0.0,0.0,0.008503,98264.0
472,49.925335,500.0,1.997499,-9.7e-05,0.0,0.0,0.008482,67418.0
473,49.925446,500.0,1.997474,-9.7e-05,0.0,0.0,0.008466,67561.0
474,49.925987,500.0,1.997484,-9.5e-05,0.0,0.0,0.00843,66217.0
475,49.925987,500.0,1.997509,-9.7e-05,0.0,0.0,0.008416,77425.0
476,49.925533,500.0,1.997487,-9.8e-05,0.0,0.0,0.008424,82912.0
477,49.925037,500.0,1.997473,-9.9e-05,0.0,0.0,0.008414,103876.0
478,49.924061,500.0,1.997465,-0.000101,0.0,0.0,0.008421,104637.0
479,49.925426,500.0,1.997482,-9.7e-05,0.0,0.0,0.008403,109289.0
480,49.925213,500.0,1.99749,-9.8e-05,0.0,0.0,0.008412,109617.0
481,49.925175,500.0,1.997485,-9.8e-05,0.0,0.0,0.00843,108405.0
482,49.924984,500.0,1.997484,-9.9e-05,0.0,0.0,0.008444,109953.0
483,49.92511,500.0,1.997485,-0.000101,0.0,0.0,0.008464,108995.0
484,49.925354,500.0,1.997487,-0.000101,0.0,0.0,0.00846,109986.0
485,49.925068,500.0,1.997474,-0.000103,0.0,0.0,0.008468,92362.0
486,49.924812,500.0,1.997499,-0.000103,0.0,0.0,0.008472,124533.0
487,49.925159,500.0,1.997493,-0.000102,0.0,0.0,0.008495,124955.0
488,49.924587,500.0,1.997505,-0.000102,0.0,0.0,0.008518,122837.0
489,49.925121,500.0,1.997486,-0.000104,0.0,0.0,0.008514,123420.0
490,49.924934,500.0,1.997541,-0.0001,0.0,0.0,0.008501,124447.0
491,49.925457,500.0,1.99749,-0.000102,0.0,0.0,0.008504,98075.0
492,49.924755,500.0,1.997506,-0.000105,0.0,0.0,0.008499,125349.0
493,49.925198,500.0,1.997533,-0.0001,0.0,0.0,0.008472,124866.0
494,49.925133,500.0,1.997533,-0.000103,0.0,0.0,0.008457,123840.0
495,49.925026,500.0,1.997535,-0.000103,0.0,0.0,0.008461,125927.0
496,49.924858,500.0,1.997533,-0.000106,0.0,0.0,0.008435,124605.0
497,49.924686,500.0,1.997558,-0.000105,0.0,0.0,0.008432,122867.0
498,49.925076,500.0,1.997571,-0.000101,0.0,0.0,0.008433,124461.0
499,49.925091,500.0,1.997532,-0.000107,0.0,0.0,0.008424,125113.0
500,49.925358,500.0,1.997553,-0.000105,0.0,0.0,0.008416,108574.0
501,49.925304,500.0,1.997523,-0.000108,0.0,0.0,0.00843,108754.0
502,49.924961,500.0,1.997536,-0.000107,0.0,0.0,0.008442,107526.0
503,49.925327,500.0,1.997532,-0.000108,0.0,0.0,0.008459,108847.0
504,49.925095,500.0,1.997543,-0.00011,0.0,0.0,0.008482,107856.0
505,49.925045,500.0,1.997541,-0.000108,0.0,0.0,0.008509,107963.0
506,49.925259,500.0,1.997566,-0.000108,0.0,0.0,0.008498,86564.0
507,49.925213,500.0,1.997543,-0.000109,0.0,0.0,0.008519,109049.0
508,49.924885,500.0,1.997581,-0.000108,0.0,0.0,0.008516,109189.0
509,49.925087,500.0,1.997556,-0.000109,0.0,0.0,0.008515,108266.0
510,49.925186,500.0,1.997561,-0.00011,0.0,0.0,0.008475,91311.0
511,49.9249,500.0,1.997572,-0.00011,0.0,0.0,0.008471,122993.0
512,49.925453,500.0,1.997591,-0.000109,0.0,0.0,0.008476,123872.0
513,49.925056,500.0,1.997595,-0.000109,0.0,0.0,0.008464,125158.0
514,49.925537,500.0,1.997606,-0.00011,0.0,0.0,0.00847,125160.0
515,49.925468,500.0,1.997628,-0.000112,0.0,0.0,0.008479,125177.0
516,49.925625,500.0,1.997614,-0.00011,0.0,0.0,0.008453,125600.0
517,49.925507,500.0,1.997609,-0.000111,0.0,0.0,0.008432,121142.0
518,49.925739,500.0,1.997647,-0.000111,0.0,0.0,0.008407,125724.0
519,49.925953,500.0,1.997669,-0.00011,0.0,0.0,0.008395,124126.0
520,49.925587,500.0,1.997678,-0.000109,0.0,0.0,0.008401,109222.0
521,49.926044,500.0,1.997688,-0.000109,0.0,0.0,0.008404,57840.0
522,49.926273,500.0,1.99768,-0.000108,0.0,0.0,0.008432,67749.0
523,49.925579,500.0,1.997699,-0.00011,0.0,0.0,0.008463,67511.0
524,49.925678,500.0,1.997726,-0.000109,0.0,0.0,0.008497,92761.0
525,49.926212,500.0,1.997725,-0.000109,0.0,0.0,0.008503,109636.0
526,49.92617,500.0,1.997738,-0.000109,0.0,0.0,0.008498,109447.0
527,49.925381,500.0,1.997754,-0.000111,0.0,0.0,0.008504,110180.0
528,49.92662,500.0,1.997754,-0.00011,0.0,0.0,0.008536,109946.0
529,49.926628,500.0,1.997787,-0.00011,0.0,0.0,0.00856,109962.0
530,49.926464,500.0,1.997795,-0.000108,0.0,0.0,0.008581,110247.0
531,49.926624,500.0,1.997805,-0.000108,0.0,0.0,0.008548,109182.0
532,49.926125,500.0,1.997812,-0.000112,0.0,0.0,0.008587,109708.0
533,49.92598,500.0,1.997853,-0.00011,0.0,0.0,0.008572,109698.0
534,49.926514,500.0,1.997838,-0.00011,0.0,0.0,0.008569,110339.0
535,49.926315,500.0,1.997846,-0.000112,0.0,0.0,0.008568,75781.0
536,49.926086,500.0,1.997841,-0.000114,0.0,0.0,0.008559,127671.0
537,49.927425,500.0,1.997843,-0.000111,0.0,0.0,0.008543,126065.0
538,49.926933,500.0,1.997855,-0.000112,0.0,0.0,0.008512,125806.0
539,49.926884,500.0,1.997886,-0.000111,0.0,0.0,0.0085,122211.0
540,49.926777,500.0,1.997914,-0.000111,0.0,0.0,0.008508,126342.0
541,49.926842,500.0,1.997904,-0.000112,0.0,0.0,0.008486,126474.0
542,49.92659,500.0,1.997892,-0.00011,0.0,0.0,0.008476,125924.0
543,49.927113,500.0,1.997904,-0.000111,0.0,0.0,0.00846,125033.0
544,49.927044,500.0,1.997902,-0.000112,0.0,0.0,0.00845,121226.0
545,49.927036,500.0,1.997918,-0.000111,0.0,0.0,0.008477,125301.0
546,49.92725,500.0,1.997928,-0.000111,0.0,0.0,0.008463,113299.0
547,49.927158,500.0,1.997943,-0.000109,0.0,0.0,0.008482,120518.0
548,49.927292,500.0,1.997961,-0.000109,0.0,0.0,0.008472,122516.0
549,49.927452,500.0,1.997959,-0.000109,0.0,0.0,0.008458,117711.0
550,49.927662,500.0,1.997977,-0.000107,0.0,0.0,0.008463,110691.0
551,49.927723,500.0,1.997993,-0.000105,0.0,0.0,0.00848,86354.0
552,49.927376,500.0,1.998018,-0.000107,0.0,0.0,0.008454,110265.0
553,49.92754,500.0,1.99803,-0.000106,0.0,0.0,0.008456,111279.0
554,49.927784,500.0,1.998014,-0.000104,0.0,0.0,0.008457,107324.0
555,49.92794,500.0,1.998092,-0.000105,0.0,0.0,0.008457,108575.0
556,49.927528,500.0,1.998068,-0.000105,0.0,0.0,0.008417,110584.0
557,49.928303,500.0,1.998068,-0.000104,0.0,0.0,0.008399,109637.0
558,49.92823,500.0,1.998093,-0.000102,0.0,0.0,0.008379,107684.0
559,49.928596,500.0,1.998136,-0.000105,0.0,0.0,0.008389,108996.0
560,49.92849,500.0,1.998132,-0.000103,0.0,0.0,0.008353,91924.0
561,49.929119,500.0,1.998158,-0.000105,0.0,0.0,0.008331,128418.0
562,49.928539,500.0,1.998219,-0.000104,0.0,0.0,0.008325,126537.0
563,49.928772,500.0,1.99817,-0.000106,0.0,0.0,0.008305,125329.0
564,49.929104,500.0,1.998209,-0.000103,0.0,0.0,0.008311,125290.0
565,49.929363,500.0,1.998242,-0.000103,0.0,0.0,0.008361,123224.0
566,49.92934,500.0,1.998238,-0.000105,0.0,0.0,0.008385,94796.0
567,49.929585,500.0,1.998277,-0.0001,0.0,0.0,0.008402,117891.0
568,49.92971,500.0,1.998278,-0.000103,0.0,0.0,0.008413,115196.0
569,49.929691,500.0,1.998299,-0.000101,0.0,0.0,0.008438,116335.0
570,49.929508,500.0,1.998297,-0.000103,0.0,0.0,0.008475,65429.0
571,49.930042,500.0,1.99829,-0.000102,0.0,0.0,0.008475,67182.0
572,49.929497,500.0,1.998302,-0.000104,0.0,0.0,0.008473,67106.0
573,49.930183,500.0,1.998314,-0.000101,0.0,0.0,0.008475,75599.0
574,49.930443,500.0,1.998325,-0.000101,0.0,0.0,0.008479,121103.0
575,49.930054,500.0,1.998339,-0.000101,0.0,0.0,0.00849,107794.0
576,49.929535,500.0,1.998361,-0.000103,0.0,0.0,0.00848,106457.0
577,49.92979,500.0,1.99838,-0.000102,0.0,0.0,0.008506,109779.0
578,49.930851,500.0,1.998366,-0.000101,0.0,0.0,0.0085,82316.0
579,49.930195,500.0,1.998398,-0.000102,0.0,0.0,0.008468,110466.0
580,49.930283,500.0,1.998391,-0.000101,0.0,0.0,0.008463,107496.0
581,49.930191,500.0,1.998414,-0.000104,0.0,0.0,0.008479,109915.0
582,49.930588,500.0,1.998403,-0.000103,0.0,0.0,0.008476,110893.0
583,49.929897,500.0,1.998402,-0.000103,0.0,0.0,0.00846,109914.0
584,49.929554,500.0,1.998413,-0.000101,0.0,0.0,0.008442,109383.0
585,49.930286,500.0,1.998412,-0.000102,0.0,0.0,0.00845,90610.0
586,49.93034,500.0,1.998421,-0.000101,0.0,0.0,0.008479,125194.0
587,49.930408,500.0,1.998425,-0.000101,0.0,0.0,0.008476,125237.0
588,49.93013,500.0,1.998467,-0.000103,0.0,0.0,0.0085,126169.0
589,49.93018,500.0,1.998453,-0.000101,0.0,0.0,0.008492,124706.0
590,49.930786,500.0,1.998441,-0.0001,0.0,0.0,0.008491,125689.0
591,49.930828,500.0,1.998454,-0.000101,0.0,0.0,0.008477,125807.0
592,49.930775,500.0,1.998483,-0.000102,0.0,0.0,0.008479,125295.0
593,49.930607,500.0,1.998478,-0.0001,0.0,0.0,0.008479,124990.0
594,49.930641,500.0,1.998488,-0.0001,0.0,0.0,0.008481,94597.0
595,49.930828,500.0,1.998512,-0.000101,0.0,0.0,0.008455,126211.0
596,49.930676,500.0,1.998505,-0.0001,0.0,0.0,0.00845,125560.0
597,49.930668,500.0,1.998536,-0.000101,0.0,0.0,0.008445,125398.0
598,49.93055,500.0,1.998528,-0.000102,0.0,0.0,0.008433,125752.0
599,49.930553,500.0,1.998528,-0.000102,0.0,0.0,0.008451,125024.0
