iteration,reward,episode_length,height_reward,upright_reward,tipped_over,collapsed,exploration,steps_per_second,speed_error,turn_error,stepping,leg_swing,dragging,ground_covered,landing_force,Curriculum/ease_in_landing/weight,Curriculum/ease_in_shake/weight,Curriculum/ease_in_smoothness/weight,Curriculum/ease_in_steadiness/weight,Curriculum/ease_in_straightness/weight,Episode_Reward/alive,Episode_Reward/effort,Episode_Reward/end_stops,Episode_Reward/fell_over,Episode_Reward/hard_landing,Episode_Reward/jitter,Episode_Reward/joint_shock,Episode_Reward/landing_speed,Episode_Reward/posture,Episode_Reward/rocking,Episode_Reward/shaking,Episode_Reward/skidding,Episode_Reward/swing_height,Episode_Reward/track_speed,Episode_Reward/track_turn,Episode_Reward/twitching,Episode_Reward/veering,Episode_Reward/wandering,Episode_Termination/time_out,Metrics/posture/error_height,Metrics/posture/error_pitch,Metrics/posture/error_roll
0,0.592061,15.72,0.00869,0.008961,0.5,0.041667,0.988636,41281.0,0.00648,0.020668,0.000567,0.005595,-0.001033,0.003358,7.153209,-0.1,-0.001,-0.01,-0.02,-0.2,0.006204,-6e-05,-7e-05,-0.003655,-8e-06,-0.00855,-0.002821,-0.000418,0.008802,-0.001647,-0.000623,-0.003337,-0.001441,0.008724,0.000692,-0.002956,-1.2e-05,-4e-06,4.708333,0.032199,0.124464,0.220913
1,1.170907,42.82,0.023152,0.022424,4.708333,0.0,0.978947,63537.0,0.022375,0.067507,0.003821,0.018584,-0.003601,0.008436,6.740142,-0.1,-0.001,-0.01,-0.02,-0.2,0.017962,-0.00018,-0.000242,-0.022676,-2.1e-05,-0.025448,-0.008087,-0.001097,0.024859,-0.00486,-0.001768,-0.008727,-0.004036,0.017101,0.001605,-0.008616,-0.000125,-0.00013,3.708333,0.037708,0.153315,0.514808
2,2.219048,67.290001,0.039465,0.036774,5.333333,0.0,0.974108,63900.0,0.035113,0.109758,0.006073,0.029507,-0.005573,0.015011,6.763017,-0.1,-0.001,-0.01,-0.02,-0.2,0.029801,-0.000296,-0.000517,-0.023335,-3.4e-05,-0.042114,-0.013363,-0.001827,0.041103,-0.007868,-0.002966,-0.013904,-0.006679,0.030678,0.002895,-0.014168,-0.000297,-0.000342,3.958333,0.034005,0.16748,0.516902
3,2.999273,85.980003,0.049132,0.052006,4.583333,0.0,0.965781,64324.0,0.044271,0.152144,0.007135,0.037808,-0.006755,0.020167,6.773884,-0.1,-0.001,-0.01,-0.02,-0.2,0.040506,-0.000403,-0.000784,-0.020669,-4.4e-05,-0.055973,-0.018152,-0.002586,0.053554,-0.01034,-0.003921,-0.01933,-0.008784,0.045257,0.003909,-0.018824,-0.000613,-0.000388,4.625,0.036167,0.168618,0.477716
4,4.119986,112.660004,0.065015,0.069432,3.5,0.0,0.957184,63224.0,0.060784,0.201066,0.009317,0.052124,-0.008958,0.026053,6.761906,-0.1,-0.001,-0.01,-0.02,-0.2,0.052721,-0.000522,-0.00089,-0.017694,-6e-05,-0.072647,-0.023511,-0.003431,0.073554,-0.013464,-0.005274,-0.026108,-0.012064,0.0567,0.005021,-0.024409,-0.001075,-0.000938,4.416667,0.03527,0.170766,0.456454
5,4.619382,129.570007,0.075055,0.08376,4.416667,0.0,0.947826,63035.0,0.070129,0.236165,0.010816,0.058968,-0.010245,0.029518,6.777466,-0.1,-0.001,-0.01,-0.02,-0.2,0.061937,-0.000613,-0.00118,-0.020742,-7.1e-05,-0.08378,-0.02699,-0.003992,0.085914,-0.015663,-0.006013,-0.030356,-0.014424,0.065505,0.006077,-0.028206,-0.001415,-0.001002,3.916667,0.033308,0.164629,0.458846
6,5.634116,151.339996,0.089428,0.09965,3.25,0.0,0.940504,60696.0,0.085753,0.286297,0.012713,0.071201,-0.011976,0.036149,6.767311,-0.1,-0.001,-0.01,-0.02,-0.2,0.074889,-0.000741,-0.001542,-0.01659,-8.5e-05,-0.099695,-0.032795,-0.004761,0.103798,-0.018755,-0.007322,-0.036106,-0.017282,0.077362,0.007019,-0.033605,-0.002273,-0.001975,4.291667,0.035376,0.181295,0.410967
7,7.028059,179.460007,0.100939,0.113852,2.25,0.0,0.931056,61362.0,0.100553,0.332415,0.015318,0.084876,-0.013878,0.039793,6.784645,-0.1,-0.001,-0.01,-0.02,-0.2,0.086943,-0.000846,-0.001655,-0.013957,-0.000101,-0.1141,-0.03731,-0.005609,0.124647,-0.021421,-0.008368,-0.041257,-0.020458,0.076212,0.00834,-0.038487,-0.003205,-0.002153,4.666667,0.036969,0.182989,0.363536
8,8.176298,200.710007,0.125318,0.12962,1.708333,0.0,0.922768,59086.0,0.10423,0.369628,0.014166,0.087235,-0.013733,0.043361,6.796764,-0.1,-0.001,-0.01,-0.02,-0.2,0.098482,-0.00097,-0.002065,-0.013426,-0.000106,-0.127453,-0.041223,-0.006317,0.129411,-0.023385,-0.008948,-0.046448,-0.02134,0.121085,0.009794,-0.042992,-0.005155,-0.002647,3.291667,0.032126,0.182174,0.371862
9,9.238231,220.089996,0.133658,0.152446,1.166667,0.0,0.913423,53951.0,0.119429,0.411905,0.017328,0.101164,-0.016273,0.050852,6.782096,-0.1,-0.001,-0.01,-0.02,-0.2,0.109622,-0.001076,-0.002301,-0.008479,-0.000123,-0.140372,-0.046404,-0.007106,0.151127,-0.026549,-0.010265,-0.051959,-0.024906,0.117426,0.010836,-0.047405,-0.00356,-0.003293,4.166667,0.032695,0.157317,0.279024
10,10.093872,242.929993,0.149043,0.167202,1.583333,0.0,0.904495,38612.0,0.134013,0.459861,0.019949,0.120246,-0.018946,0.056971,6.811687,-0.1,-0.001,-0.01,-0.02,-0.2,0.118882,-0.001159,-0.002435,-0.010515,-0.000143,-0.15059,-0.049931,-0.007716,0.173958,-0.028217,-0.011425,-0.056606,-0.029199,0.112782,0.011698,-0.050909,-0.006489,-0.004375,4.125,0.029271,0.167856,0.315541
11,11.546078,264.369995,0.175693,0.179798,0.833333,0.0,0.896658,41548.0,0.142904,0.51425,0.019878,0.129087,-0.020009,0.071568,6.827192,-0.1,-0.001,-0.01,-0.02,-0.2,0.133139,-0.001325,-0.002713,-0.007951,-0.00016,-0.167177,-0.055995,-0.00857,0.188394,-0.03068,-0.012489,-0.064065,-0.0326,0.156736,0.013037,-0.056487,-0.01009,-0.009968,3.875,0.02742,0.163964,0.266308
12,12.89947,288.100006,0.191243,0.208734,0.826087,0.0,0.887975,42303.0,0.158204,0.559167,0.021069,0.132458,-0.020804,0.065244,6.838765,-0.1,-0.001,-0.01,-0.02,-0.2,0.1442,-0.001408,-0.002812,-0.0069,-0.000165,-0.178713,-0.059042,-0.009195,0.200451,-0.033296,-0.013543,-0.067613,-0.033723,0.160301,0.014365,-0.060418,-0.007624,-0.0057,3.73913,0.031252,0.144769,0.234505
13,13.797438,323.149994,0.190319,0.222625,0.625,0.0,0.88149,60361.0,0.169868,0.596967,0.023602,0.145786,-0.02272,0.075119,6.843292,-0.1,-0.001,-0.01,-0.02,-0.2,0.159562,-0.001572,-0.003603,-0.00465,-0.00018,-0.19597,-0.066756,-0.01031,0.220124,-0.037321,-0.01476,-0.075526,-0.037141,0.186841,0.016148,-0.066411,-0.013102,-0.009044,4.458333,0.032993,0.185171,0.226098
14,14.935139,336.429993,0.208571,0.238962,0.541667,0.0,0.873852,60790.0,0.180923,0.629343,0.023886,0.166871,-0.024509,0.08405,6.83277,-0.1,-0.001,-0.01,-0.02,-0.2,0.169724,-0.001689,-0.003745,-0.005933,-0.000209,-0.205974,-0.068845,-0.010825,0.239896,-0.039292,-0.015182,-0.078028,-0.04294,0.19799,0.017837,-0.069746,-0.018108,-0.012355,2.666667,0.034744,0.157618,0.205783
15,15.990689,363.220001,0.230925,0.264721,0.434783,0.0,0.865688,61490.0,0.206367,0.707818,0.027914,0.180716,-0.027611,0.082661,6.851723,-0.1,-0.001,-0.01,-0.02,-0.2,0.182188,-0.001788,-0.003843,-0.002975,-0.000219,-0.218198,-0.07458,-0.01172,0.261749,-0.042254,-0.016804,-0.087251,-0.045282,0.172368,0.018283,-0.073988,-0.016194,-0.012817,4.347826,0.032411,0.157074,0.180593
16,17.207846,391.26001,0.245774,0.284842,0.478261,0.0,0.858432,61632.0,0.222441,0.736812,0.029451,0.193218,-0.029759,0.087942,6.853568,-0.1,-0.001,-0.01,-0.02,-0.2,0.195981,-0.001907,-0.004427,-0.004335,-0.000237,-0.233526,-0.078998,-0.012401,0.285721,-0.04416,-0.017905,-0.093988,-0.048836,0.183202,0.020275,-0.079179,-0.014595,-0.011486,3.913043,0.03002,0.167514,0.213804
17,18.213354,418.350006,0.257984,0.296755,0.541667,0.0,0.850749,62557.0,0.219243,0.785844,0.026889,0.169044,-0.026563,0.090826,6.879766,-0.1,-0.001,-0.01,-0.02,-0.2,0.207624,-0.002009,-0.004377,-0.005976,-0.00021,-0.244055,-0.08415,-0.013049,0.267596,-0.047995,-0.019217,-0.097756,-0.043394,0.251901,0.020953,-0.082895,-0.013768,-0.013064,4.125,0.027904,0.158744,0.198507
18,19.398279,436.540009,0.285858,0.3174,0.416667,0.0,0.844685,66619.0,0.231506,0.841845,0.035211,0.203404,-0.031756,0.107944,6.887508,-0.1,-0.001,-0.01,-0.02,-0.2,0.218498,-0.002091,-0.004685,-0.003877,-0.000242,-0.254414,-0.087166,-0.013564,0.306292,-0.04938,-0.020432,-0.102535,-0.050269,0.237159,0.021484,-0.08634,-0.016073,-0.014009,3.791667,0.02564,0.162506,0.194123
19,21.142687,460.23999,0.284537,0.324269,0.304348,0.0,0.840033,66744.0,0.240264,0.877008,0.035898,0.220844,-0.034928,0.121325,6.895383,-0.1,-0.001,-0.01,-0.02,-0.2,0.229294,-0.002203,-0.004537,-0.003478,-0.000275,-0.2647,-0.090765,-0.014426,0.333745,-0.051425,-0.021094,-0.108382,-0.056681,0.269254,0.023389,-0.089861,-0.020381,-0.018063,3.434783,0.026838,0.155634,0.16169
20,22.427244,483.799988,0.318392,0.338351,0.291667,0.0,0.83551,63365.0,0.256124,0.904368,0.036209,0.221681,-0.035558,0.12137,6.930637,-0.1,-0.001,-0.01,-0.02,-0.2,0.241684,-0.00235,-0.005444,-0.003009,-0.000276,-0.274961,-0.096217,-0.015,0.3403,-0.054585,-0.021772,-0.112681,-0.057609,0.295603,0.024779,-0.09366,-0.018086,-0.019703,3.666667,0.031756,0.147644,0.189829
21,23.681837,502.269989,0.327557,0.362142,0.5,0.0,0.831055,63580.0,0.257066,0.93663,0.036507,0.224415,-0.035155,0.13625,6.929176,-0.1,-0.001,-0.01,-0.02,-0.2,0.251892,-0.002446,-0.005643,-0.005865,-0.000282,-0.284732,-0.100308,-0.015666,0.346458,-0.055638,-0.023055,-0.118179,-0.058142,0.322108,0.026925,-0.096998,-0.031121,-0.025085,3.541667,0.03291,0.14185,0.225606
22,24.218224,517.409973,0.330651,0.367924,0.583333,0.0,0.825512,64012.0,0.262013,0.960439,0.036973,0.226122,-0.035693,0.128159,6.915809,-0.1,-0.001,-0.01,-0.02,-0.2,0.255701,-0.002455,-0.005354,-0.006058,-0.000285,-0.283644,-0.100004,-0.015975,0.353692,-0.056724,-0.02307,-0.116379,-0.059281,0.316225,0.027011,-0.096752,-0.024959,-0.020126,3.458333,0.025466,0.150534,0.225243
23,25.11919,532.890015,0.347209,0.394565,0.75,0.0,0.819984,68406.0,0.288372,1.032068,0.039996,0.245886,-0.039315,0.132521,6.944541,-0.1,-0.001,-0.01,-0.02,-0.2,0.268513,-0.002576,-0.005773,-0.006518,-0.000317,-0.297143,-0.103938,-0.016375,0.384409,-0.059389,-0.024607,-0.122633,-0.06514,0.300646,0.027466,-0.101345,-0.023065,-0.019434,3.458333,0.029264,0.177537,0.208023
24,25.984648,557.109985,0.365775,0.404877,0.695652,0.0,0.814711,68877.0,0.299563,1.056524,0.042962,0.261935,-0.04221,0.140061,6.966105,-0.1,-0.001,-0.01,-0.02,-0.2,0.27699,-0.002628,-0.006096,-0.006976,-0.000325,-0.301197,-0.107723,-0.016903,0.400073,-0.060517,-0.025242,-0.130955,-0.066288,0.307879,0.028647,-0.102891,-0.03052,-0.025776,3.347826,0.023986,0.160595,0.217255
25,28.272799,583.140015,0.38293,0.417897,0.458333,0.0,0.809667,63471.0,0.294619,1.070001,0.044228,0.278113,-0.043696,0.158897,7.01334,-0.1,-0.001,-0.01,-0.02,-0.2,0.287247,-0.002753,-0.006243,-0.005,-0.000343,-0.310081,-0.111384,-0.017572,0.417244,-0.062722,-0.025533,-0.133124,-0.07159,0.35446,0.030736,-0.105942,-0.026929,-0.029239,3.5,0.028325,0.172293,0.203065
26,29.941727,615.280029,0.41569,0.449213,0.909091,0.0,0.804465,65138.0,0.313958,1.191533,0.045521,0.284005,-0.045251,0.153776,7.029552,-0.1,-0.001,-0.01,-0.02,-0.2,0.304721,-0.002922,-0.006482,-0.009529,-0.000349,-0.328243,-0.117465,-0.018332,0.429192,-0.06672,-0.027484,-0.141357,-0.072109,0.352159,0.030673,-0.112193,-0.022272,-0.013747,3.727273,0.026847,0.220704,0.243288
27,30.18195,611.98999,0.416297,0.438116,0.913043,0.0,0.799962,65397.0,0.311164,1.161904,0.049304,0.274564,-0.045625,0.164943,7.056943,-0.1,-0.001,-0.01,-0.02,-0.2,0.303788,-0.002881,-0.006288,-0.008106,-0.000343,-0.322681,-0.117051,-0.018407,0.434373,-0.065887,-0.027642,-0.138982,-0.070882,0.392004,0.031561,-0.110311,-0.032833,-0.028323,3.695652,0.02453,0.197333,0.22062
28,30.248362,614.76001,0.443449,0.46972,1.458333,0.0,0.794831,63166.0,0.329895,1.196012,0.049988,0.306725,-0.049151,0.175248,7.05833,-0.1,-0.001,-0.01,-0.02,-0.2,0.317268,-0.003015,-0.006564,-0.010206,-0.000382,-0.331037,-0.120017,-0.01912,0.463525,-0.06853,-0.027811,-0.147803,-0.079561,0.382086,0.034402,-0.113405,-0.032249,-0.029471,3.333333,0.026351,0.216871,0.261208
29,32.975937,654.109985,0.429862,0.470137,1.0,0.0,0.790859,64724.0,0.325507,1.234105,0.052403,0.303951,-0.050126,0.186725,7.084466,-0.1,-0.001,-0.01,-0.02,-0.2,0.322487,-0.003064,-0.007158,-0.008575,-0.00037,-0.335414,-0.124366,-0.019273,0.462828,-0.070102,-0.029453,-0.150386,-0.077504,0.414996,0.033672,-0.11499,-0.039665,-0.035047,3.666667,0.028436,0.224458,0.237364
30,32.98745,646.080017,0.446096,0.48987,1.041667,0.0,0.786861,64375.0,0.325716,1.215426,0.049773,0.289691,-0.046355,0.172159,7.105533,-0.1,-0.001,-0.01,-0.02,-0.2,0.323919,-0.003084,-0.006874,-0.009976,-0.000357,-0.335343,-0.12259,-0.019249,0.448473,-0.068805,-0.028879,-0.145899,-0.075728,0.420132,0.035443,-0.115038,-0.041885,-0.030826,3.208333,0.026457,0.22272,0.237991
31,34.763859,674.75,0.47227,0.493666,1.416667,0.0,0.783452,63842.0,0.33699,1.24586,0.055341,0.304763,-0.051582,0.186354,7.121495,-0.1,-0.001,-0.01,-0.02,-0.2,0.330804,-0.003073,-0.006551,-0.013696,-0.000368,-0.338458,-0.126163,-0.019358,0.471528,-0.071893,-0.029868,-0.154213,-0.077992,0.414858,0.034334,-0.116114,-0.03899,-0.025808,2.791667,0.025666,0.237037,0.30467
32,36.740952,724.880005,0.505573,0.52525,1.291667,0.0,0.779093,62611.0,0.359663,1.362478,0.057509,0.333704,-0.055999,0.214371,7.156824,-0.1,-0.001,-0.01,-0.02,-0.2,0.360045,-0.003377,-0.008167,-0.010365,-0.00041,-0.367733,-0.13779,-0.021406,0.51371,-0.075849,-0.033203,-0.168504,-0.085596,0.475317,0.038546,-0.126212,-0.046181,-0.040451,3.666667,0.024983,0.236975,0.251624
33,37.224892,714.929993,0.495606,0.513362,1.695652,0.0,0.774691,65827.0,0.35793,1.361796,0.056576,0.342293,-0.057683,0.225634,7.128753,-0.1,-0.001,-0.01,-0.02,-0.2,0.354449,-0.00334,-0.008085,-0.013598,-0.000425,-0.356783,-0.134691,-0.020959,0.518362,-0.075409,-0.032107,-0.164358,-0.08842,0.438651,0.037213,-0.12274,-0.053027,-0.044891,3.608696,0.029281,0.241968,0.311566
34,40.785854,761.599976,0.483397,0.546453,1.0,0.0,0.770341,63693.0,0.357006,1.380995,0.060557,0.342832,-0.056324,0.239408,7.175872,-0.1,-0.001,-0.01,-0.02,-0.2,0.37424,-0.003517,-0.008581,-0.009746,-0.000418,-0.374163,-0.140607,-0.022024,0.53228,-0.078451,-0.033118,-0.168262,-0.089154,0.54707,0.041749,-0.128665,-0.041889,-0.041086,3.833333,0.026696,0.205061,0.253836
35,41.381699,777.179993,0.546537,0.582519,1.208333,0.0,0.765942,57975.0,0.386191,1.472299,0.063287,0.369445,-0.060064,0.248249,7.202003,-0.1,-0.001,-0.01,-0.02,-0.2,0.393119,-0.003723,-0.008775,-0.008432,-0.000454,-0.391798,-0.147021,-0.022933,0.561369,-0.081385,-0.03443,-0.17599,-0.095784,0.547637,0.043845,-0.134827,-0.049569,-0.045107,4.0,0.024917,0.21502,0.206867
36,41.689434,778.820007,0.575847,0.598274,1.125,0.0,0.761562,68740.0,0.399688,1.542815,0.066388,0.392762,-0.064292,0.261068,7.19663,-0.1,-0.001,-0.01,-0.02,-0.2,0.401991,-0.003795,-0.009228,-0.013361,-0.000481,-0.401414,-0.151368,-0.023437,0.591137,-0.083021,-0.036577,-0.182633,-0.101246,0.514034,0.043217,-0.138169,-0.036776,-0.029627,2.333333,0.026483,0.254418,0.258576
37,46.20435,839.140015,0.576137,0.61961,0.875,0.041667,0.757335,68064.0,0.39458,1.568943,0.064056,0.357567,-0.060973,0.25062,7.249296,-0.1,-0.001,-0.01,-0.02,-0.2,0.41645,-0.003884,-0.008584,-0.007529,-0.000456,-0.409268,-0.155199,-0.024212,0.580631,-0.08586,-0.037825,-0.191576,-0.094716,0.622569,0.044393,-0.141081,-0.037887,-0.036053,3.583333,0.024688,0.19078,0.21882
38,44.604088,835.51001,0.589536,0.609237,1.125,0.0,0.753991,66296.0,0.400182,1.579887,0.068938,0.39415,-0.066816,0.279635,7.256447,-0.1,-0.001,-0.01,-0.02,-0.2,0.413597,-0.003856,-0.009064,-0.009906,-0.000473,-0.404196,-0.157861,-0.024416,0.601832,-0.087223,-0.037827,-0.192714,-0.099262,0.57616,0.043817,-0.139398,-0.069862,-0.058048,3.833333,0.025491,0.214253,0.252156
39,46.221809,851.289978,0.62501,0.63001,1.043478,0.0,0.750195,70332.0,0.406838,1.614963,0.074895,0.404822,-0.069994,0.29482,7.271499,-0.1,-0.001,-0.01,-0.02,-0.2,0.426368,-0.003958,-0.009,-0.009944,-0.000482,-0.412962,-0.163682,-0.024848,0.621578,-0.088656,-0.039249,-0.194549,-0.101227,0.623035,0.045816,-0.142632,-0.083308,-0.078275,3.347826,0.022555,0.197456,0.247226
40,49.456573,908.400024,0.67007,0.697449,0.782609,0.0,0.746739,63783.0,0.442006,1.708204,0.070783,0.43213,-0.072822,0.301226,7.257746,-0.1,-0.001,-0.01,-0.02,-0.2,0.456421,-0.00431,-0.009782,-0.008174,-0.000542,-0.441399,-0.171721,-0.026612,0.653807,-0.09473,-0.040204,-0.213257,-0.113142,0.662048,0.049425,-0.152524,-0.108072,-0.089886,2.826087,0.022629,0.204384,0.21302
41,51.730228,927.419983,0.670398,0.67548,0.75,0.0,0.743431,67448.0,0.424824,1.706731,0.074007,0.415906,-0.070568,0.310113,7.27231,-0.1,-0.001,-0.01,-0.02,-0.2,0.452716,-0.004209,-0.010129,-0.007204,-0.000505,-0.434627,-0.16975,-0.026425,0.645651,-0.091932,-0.040561,-0.209446,-0.106242,0.688264,0.050469,-0.150304,-0.082632,-0.062371,3.541667,0.018749,0.178389,0.206435
42,54.257786,947.76001,0.682623,0.696597,1.0,0.0,0.73871,67616.0,0.428787,1.759041,0.076523,0.426854,-0.071676,0.342459,7.317954,-0.1,-0.001,-0.01,-0.02,-0.2,0.46596,-0.004338,-0.01091,-0.006767,-0.00052,-0.441819,-0.172943,-0.026833,0.670376,-0.095397,-0.041921,-0.208976,-0.110173,0.74218,0.051059,-0.152873,-0.080213,-0.066649,4.625,0.022093,0.172987,0.218807
43,54.596905,936.700012,0.68761,0.703475,0.666667,0.0,0.735307,66475.0,0.434862,1.780258,0.078712,0.444126,-0.075284,0.352641,7.316476,-0.1,-0.001,-0.01,-0.02,-0.2,0.470445,-0.00434,-0.010777,-0.003817,-0.000546,-0.440328,-0.174409,-0.027413,0.69425,-0.095117,-0.041695,-0.21536,-0.114513,0.734046,0.05211,-0.152664,-0.068305,-0.06331,6.458333,0.019182,0.138479,0.178298
44,55.666367,957.700012,0.706551,0.731175,0.583333,0.0,0.73026,64317.0,0.4501,1.82297,0.080691,0.446711,-0.077352,0.360778,7.31868,-0.1,-0.001,-0.01,-0.02,-0.2,0.485827,-0.004412,-0.010614,-0.002772,-0.000535,-0.44683,-0.177315,-0.027753,0.702602,-0.097903,-0.043907,-0.221047,-0.113455,0.765608,0.054025,-0.155237,-0.086735,-0.068869,7.208333,0.018261,0.13771,0.165353
45,58.52404,952.450012,0.728006,0.720554,0.583333,0.083333,0.725227,67925.0,0.420315,1.792677,0.076089,0.431321,-0.073711,0.364027,7.319692,-0.1,-0.001,-0.01,-0.02,-0.2,0.474663,-0.004365,-0.010288,-0.003369,-0.000526,-0.430092,-0.173248,-0.02732,0.683657,-0.095822,-0.041852,-0.21544,-0.111303,0.807957,0.052452,-0.14961,-0.071196,-0.068413,7.25,0.018143,0.136534,0.147875
46,57.238808,973.359985,0.728533,0.758237,0.333333,0.0,0.72188,67942.0,0.452255,1.84848,0.084072,0.47136,-0.080695,0.396011,7.300778,-0.1,-0.001,-0.01,-0.02,-0.2,0.489897,-0.004515,-0.011147,-0.00209,-0.000565,-0.436949,-0.181299,-0.027775,0.728124,-0.098173,-0.044225,-0.223809,-0.119214,0.798226,0.054894,-0.152163,-0.114984,-0.102584,7.0,0.015922,0.128397,0.136986
47,58.546181,976.47998,0.743791,0.747825,0.541667,0.0,0.718911,67672.0,0.440219,1.860967,0.085158,0.453495,-0.080799,0.388205,7.328928,-0.1,-0.001,-0.01,-0.02,-0.2,0.486453,-0.004401,-0.010204,-0.003005,-0.000545,-0.428885,-0.178692,-0.027359,0.717496,-0.097834,-0.044806,-0.224619,-0.115416,0.803214,0.053187,-0.149605,-0.100554,-0.091898,6.416667,0.019438,0.132858,0.158303
48,57.650284,943.309998,0.736271,0.749189,0.583333,0.0,0.715179,68659.0,0.437968,1.869408,0.086919,0.454103,-0.082691,0.408565,7.348354,-0.1,-0.001,-0.01,-0.02,-0.2,0.482322,-0.004333,-0.008826,-0.002974,-0.000523,-0.419554,-0.17962,-0.026753,0.710082,-0.099159,-0.045861,-0.224423,-0.111602,0.809366,0.050748,-0.146558,-0.074107,-0.066367,6.041667,0.018087,0.107803,0.160291
49,59.600788,946.619995,0.722751,0.720505,0.708333,0.0,0.71156,68555.0,0.403281,1.746201,0.077951,0.429198,-0.078961,0.403099,7.356566,-0.1,-0.001,-0.01,-0.02,-0.2,0.462654,-0.004144,-0.008421,-0.007471,-0.000506,-0.392739,-0.168304,-0.025794,0.675709,-0.091343,-0.042657,-0.218135,-0.105158,0.808945,0.051813,-0.137781,-0.08925,-0.07583,4.791667,0.019637,0.138259,0.212007
50,58.858685,921.049988,0.731905,0.74066,0.625,0.0,0.707299,61322.0,0.396813,1.791492,0.078145,0.417478,-0.077094,0.394273,7.362784,-0.1,-0.001,-0.01,-0.02,-0.2,0.468194,-0.004209,-0.009118,-0.004655,-0.000502,-0.391385,-0.169705,-0.026135,0.675332,-0.09193,-0.042503,-0.216249,-0.105491,0.861953,0.05151,-0.137408,-0.087672,-0.092864,4.416667,0.018973,0.140392,0.16526
51,62.096561,941.960022,0.753696,0.751202,0.5,0.0,0.703219,64228.0,0.404443,1.845684,0.085196,0.448949,-0.080764,0.441893,7.344911,-0.1,-0.001,-0.01,-0.02,-0.2,0.480129,-0.004314,-0.010739,-0.003393,-0.000536,-0.399028,-0.173378,-0.027034,0.717761,-0.092979,-0.043432,-0.218816,-0.113692,0.883462,0.053384,-0.140252,-0.080621,-0.081551,4.333333,0.018797,0.131036,0.159042
52,62.345013,951.359985,0.746259,0.735797,0.375,0.0,0.700019,64391.0,0.388876,1.784499,0.084475,0.419759,-0.077274,0.430672,7.355665,-0.1,-0.001,-0.01,-0.02,-0.2,0.474943,-0.004194,-0.009794,-0.002921,-0.000501,-0.391081,-0.167483,-0.025931,0.695317,-0.091323,-0.042651,-0.210193,-0.106515,0.93403,0.054198,-0.137402,-0.063581,-0.089,4.583333,0.02056,0.139106,0.180705
53,62.457989,966.369995,0.773814,0.766472,0.26087,0.0,0.696089,64415.0,0.407772,1.826512,0.080948,0.420838,-0.077879,0.436581,7.350885,-0.1,-0.001,-0.01,-0.02,-0.2,0.48537,-0.004306,-0.009824,-0.002,-0.000489,-0.392706,-0.176475,-0.026835,0.685249,-0.095656,-0.04611,-0.226118,-0.101502,0.923988,0.053445,-0.138359,-0.086964,-0.094922,3.913043,0.018226,0.110492,0.144537
54,63.445477,969.75,0.740088,0.757429,0.291667,0.0,0.691812,64575.0,0.400732,1.824483,0.079196,0.458054,-0.08265,0.475646,7.369572,-0.1,-0.001,-0.01,-0.02,-0.2,0.487883,-0.004366,-0.012219,-0.002405,-0.000564,-0.39039,-0.170723,-0.026897,0.734591,-0.089548,-0.042802,-0.225319,-0.118224,0.93422,0.057801,-0.137637,-0.079231,-0.091185,3.75,0.016461,0.114957,0.165779
55,65.891243,970.359985,0.752593,0.764212,0.25,0.0,0.687547,66221.0,0.401436,1.841936,0.086833,0.466285,-0.084607,0.491209,7.356364,-0.1,-0.001,-0.01,-0.02,-0.2,0.48785,-0.004352,-0.010583,-0.001847,-0.000562,-0.387521,-0.173346,-0.027002,0.741565,-0.091339,-0.044389,-0.222488,-0.116762,0.937226,0.058092,-0.136649,-0.102663,-0.110533,4.041667,0.018163,0.106984,0.142227
56,64.927658,958.539978,0.798826,0.777117,0.217391,0.0,0.684015,62137.0,0.397395,1.843102,0.081231,0.44116,-0.083478,0.467057,7.372386,-0.1,-0.001,-0.01,-0.02,-0.2,0.484943,-0.00426,-0.009192,-0.002464,-0.000522,-0.380747,-0.174164,-0.026734,0.713427,-0.093237,-0.045276,-0.224499,-0.107451,0.940291,0.053697,-0.134557,-0.097379,-0.083877,3.086957,0.015934,0.117999,0.135755
57,64.113884,945.450012,0.774179,0.750751,0.541667,0.0,0.681087,61346.0,0.370112,1.788931,0.077015,0.417702,-0.079441,0.471235,7.345092,-0.1,-0.001,-0.01,-0.02,-0.2,0.474967,-0.004184,-0.009119,-0.00475,-0.000503,-0.366603,-0.167961,-0.025754,0.685547,-0.088137,-0.043498,-0.219693,-0.103843,0.981774,0.055928,-0.12961,-0.108991,-0.122929,3.875,0.017621,0.139388,0.178969
58,68.199295,983.340027,0.798873,0.777509,0.125,0.0,0.677035,62966.0,0.383782,1.845324,0.08015,0.420152,-0.078256,0.489137,7.38219,-0.1,-0.001,-0.01,-0.02,-0.2,0.486354,-0.004225,-0.009549,-0.003056,-0.000485,-0.370502,-0.169556,-0.026491,0.694211,-0.089974,-0.044399,-0.218833,-0.101882,0.998624,0.055914,-0.131508,-0.09852,-0.110614,3.791667,0.017056,0.123479,0.176816
59,67.287468,963.440002,0.773868,0.759809,0.26087,0.0,0.673225,61998.0,0.363986,1.756822,0.082106,0.445057,-0.084069,0.52203,7.373901,-0.1,-0.001,-0.01,-0.02,-0.2,0.469321,-0.004109,-0.009169,-0.003746,-0.000536,-0.35615,-0.162424,-0.025476,0.716202,-0.086655,-0.041792,-0.215038,-0.111805,0.970892,0.055011,-0.126464,-0.120094,-0.140561,3.956522,0.019998,0.103047,0.161436
60,68.818901,978.599976,0.7952,0.779927,0.173913,0.0,0.670076,55303.0,0.380715,1.831073,0.078202,0.440493,-0.083492,0.510066,7.371009,-0.1,-0.001,-0.01,-0.02,-0.2,0.486298,-0.004279,-0.008887,-0.002522,-0.000518,-0.36263,-0.173723,-0.026254,0.705829,-0.090413,-0.044956,-0.228196,-0.107228,0.980658,0.055722,-0.128957,-0.075657,-0.115872,3.26087,0.016437,0.123672,0.120388
61,68.717911,965.859985,0.77797,0.75972,0.318182,0.0,0.666228,68059.0,0.362832,1.758238,0.07845,0.426719,-0.079945,0.498214,7.364772,-0.1,-0.001,-0.01,-0.02,-0.2,0.474415,-0.00411,-0.008626,-0.004697,-0.000517,-0.350357,-0.163198,-0.025771,0.693617,-0.084864,-0.042926,-0.211158,-0.106257,0.9956,0.057291,-0.124612,-0.059078,-0.085898,3.227273,0.017528,0.122947,0.160755
62,70.092003,987.440002,0.830435,0.812862,0.083333,0.0,0.662908,66879.0,0.378204,1.815692,0.086158,0.466501,-0.08879,0.551866,7.368468,-0.1,-0.001,-0.01,-0.02,-0.2,0.496012,-0.004284,-0.008992,-0.000655,-0.000549,-0.366971,-0.172157,-0.026925,0.750362,-0.091264,-0.045519,-0.223144,-0.113412,1.051656,0.058699,-0.130696,-0.155745,-0.146827,3.541667,0.017888,0.08346,0.110048
63,68.709503,977.659973,0.801194,0.785521,0.173913,0.0,0.659927,69343.0,0.368478,1.821427,0.085238,0.450894,-0.087181,0.544857,7.361017,-0.1,-0.001,-0.01,-0.02,-0.2,0.48981,-0.004227,-0.008491,-0.00142,-0.000542,-0.356551,-0.168112,-0.026146,0.732607,-0.087205,-0.044433,-0.221202,-0.112128,1.056365,0.060863,-0.127064,-0.160057,-0.160899,3.173913,0.015518,0.108622,0.113147
64,70.347107,967.0,0.828075,0.797551,0.26087,0.0,0.656354,68606.0,0.36736,1.820491,0.083304,0.441632,-0.087207,0.541033,7.386151,-0.1,-0.001,-0.01,-0.02,-0.2,0.488572,-0.004186,-0.006654,-0.002031,-0.000521,-0.3534,-0.172642,-0.026494,0.719618,-0.088842,-0.044932,-0.222405,-0.106433,1.064815,0.057051,-0.126197,-0.079977,-0.107964,3.869565,0.015076,0.081812,0.121836
65,71.918571,952.0,0.795392,0.775104,0.26087,0.043478,0.652947,68943.0,0.350186,1.7807,0.087498,0.456446,-0.088786,0.574999,7.389869,-0.1,-0.001,-0.01,-0.02,-0.2,0.476306,-0.004047,-0.007994,-0.00287,-0.000543,-0.340439,-0.16369,-0.025723,0.741409,-0.086129,-0.044071,-0.213717,-0.109885,1.060948,0.057514,-0.121737,-0.091953,-0.122123,4.043478,0.018994,0.121281,0.142118
66,72.594887,958.340027,0.821687,0.824875,0.173913,0.0,0.64969,69719.0,0.36651,1.830929,0.081721,0.446541,-0.088065,0.568519,7.400482,-0.1,-0.001,-0.01,-0.02,-0.2,0.495203,-0.004204,-0.006849,-0.00113,-0.000521,-0.352083,-0.171431,-0.026393,0.729645,-0.088753,-0.045652,-0.223809,-0.107414,1.086378,0.060487,-0.125928,-0.085186,-0.089637,3.304348,0.01618,0.090024,0.097082
67,72.839684,980.849976,0.82654,0.804703,0.190476,0.0,0.646045,72502.0,0.35059,1.799041,0.08048,0.43953,-0.083638,0.578858,7.403043,-0.1,-0.001,-0.01,-0.02,-0.2,0.488152,-0.00415,-0.008314,-0.001968,-0.000531,-0.344619,-0.163744,-0.026074,0.736097,-0.084695,-0.044317,-0.21975,-0.108427,1.124314,0.06101,-0.123026,-0.095956,-0.141499,3.571429,0.018648,0.108749,0.145216
68,74.399208,974.72998,0.81508,0.811987,0.173913,0.0,0.643282,63671.0,0.344892,1.783004,0.08363,0.444814,-0.086088,0.59939,7.423349,-0.1,-0.001,-0.01,-0.02,-0.2,0.485348,-0.004149,-0.00873,-0.001797,-0.000527,-0.336785,-0.165817,-0.025925,0.736311,-0.084206,-0.043606,-0.218287,-0.107919,1.124607,0.062099,-0.120851,-0.08084,-0.146389,3.913043,0.016094,0.086846,0.112655
69,75.347603,994.97998,0.851258,0.835345,0.043478,0.0,0.639938,69389.0,0.35022,1.866437,0.078553,0.43637,-0.085137,0.578006,7.412811,-0.1,-0.001,-0.01,-0.02,-0.2,0.49782,-0.004243,-0.007666,-0.000348,-0.000524,-0.344269,-0.169198,-0.026517,0.731658,-0.087987,-0.044614,-0.228173,-0.107432,1.168799,0.059597,-0.123491,-0.081329,-0.146817,4.347826,0.014791,0.095675,0.109821
70,74.486771,987.190002,0.828144,0.814026,0.125,0.0,0.636523,67680.0,0.352074,1.809255,0.07655,0.443665,-0.087956,0.573507,7.408741,-0.1,-0.001,-0.01,-0.02,-0.2,0.492114,-0.004187,-0.007462,-0.001528,-0.000528,-0.337843,-0.166586,-0.025972,0.715766,-0.085105,-0.044144,-0.223452,-0.108786,1.127795,0.062389,-0.121422,-0.114495,-0.152646,3.875,0.016421,0.110195,0.115984
71,74.529205,975.51001,0.837086,0.815822,0.291667,0.0,0.63342,60591.0,0.336356,1.754128,0.078392,0.442876,-0.085172,0.605275,7.428164,-0.1,-0.001,-0.01,-0.02,-0.2,0.487678,-0.00414,-0.008969,-0.002,-0.000541,-0.330046,-0.160978,-0.026258,0.736143,-0.081585,-0.042966,-0.21411,-0.109629,1.168724,0.06348,-0.118551,-0.114809,-0.211446,4.083333,0.014506,0.100721,0.134897
72,77.613541,993.049988,0.845564,0.835634,0.041667,0.0,0.629808,61680.0,0.349267,1.794836,0.083254,0.437032,-0.086256,0.603827,7.399367,-0.1,-0.001,-0.01,-0.02,-0.2,0.495173,-0.004126,-0.006957,-0.000556,-0.000512,-0.334761,-0.167707,-0.026336,0.734283,-0.0844,-0.045516,-0.219891,-0.103624,1.15324,0.062041,-0.12037,-0.081919,-0.149797,3.666667,0.016649,0.098296,0.119527
73,77.052238,979.440002,0.847242,0.824859,0.166667,0.0,0.626356,63391.0,0.336653,1.809069,0.078273,0.435186,-0.085206,0.604799,7.401434,-0.1,-0.001,-0.01,-0.02,-0.2,0.49276,-0.004158,-0.007659,-0.001171,-0.000526,-0.327931,-0.163873,-0.026182,0.735738,-0.083409,-0.043594,-0.218819,-0.10743,1.194749,0.063197,-0.117822,-0.07849,-0.137696,4.458333,0.015516,0.083474,0.125805
74,78.224709,979.27002,0.818635,0.814567,0.166667,0.0,0.623001,53210.0,0.332127,1.779851,0.082078,0.440131,-0.087564,0.609741,7.396585,-0.1,-0.001,-0.01,-0.02,-0.2,0.481597,-0.004058,-0.007535,-0.002669,-0.000523,-0.319835,-0.16245,-0.025459,0.729188,-0.081549,-0.043689,-0.215677,-0.106357,1.155881,0.061193,-0.11524,-0.072801,-0.121595,4.291667,0.016898,0.107875,0.126471
75,79.25798,990.549988,0.83886,0.831281,0.208333,0.0,0.618985,53524.0,0.330073,1.781039,0.073739,0.435118,-0.085841,0.602198,7.381142,-0.1,-0.001,-0.01,-0.02,-0.2,0.487204,-0.004144,-0.00624,-0.001587,-0.000522,-0.318489,-0.164493,-0.025827,0.718095,-0.082235,-0.042627,-0.215704,-0.105172,1.187715,0.061841,-0.114937,-0.054042,-0.125224,5.25,0.015064,0.100415,0.115525
76,77.737946,984.419983,0.853936,0.826876,0.125,0.0,0.615371,55142.0,0.335014,1.809222,0.07809,0.417027,-0.085506,0.590946,7.386997,-0.1,-0.001,-0.01,-0.02,-0.2,0.492296,-0.004088,-0.005545,-0.001319,-0.0005,-0.320999,-0.163705,-0.025751,0.72046,-0.083272,-0.044292,-0.215651,-0.100172,1.203858,0.06315,-0.115687,-0.10868,-0.159375,4.166667,0.016231,0.087957,0.112191
77,78.398232,988.190002,0.829604,0.833807,0.086957,0.0,0.611942,55021.0,0.330136,1.751115,0.080881,0.425644,-0.0858,0.621961,7.360611,-0.1,-0.001,-0.01,-0.02,-0.2,0.489513,-0.004031,-0.0061,-0.001043,-0.000509,-0.315802,-0.1597,-0.025689,0.73486,-0.081147,-0.043433,-0.216009,-0.101618,1.19,0.064843,-0.113781,-0.088963,-0.186124,4.347826,0.01532,0.092565,0.105672
78,80.528984,990.169983,0.851114,0.829404,0.125,0.0,0.609029,54382.0,0.324547,1.801534,0.078452,0.426501,-0.086285,0.611384,7.371784,-0.1,-0.001,-0.01,-0.02,-0.2,0.490074,-0.004076,-0.006191,-0.002083,-0.00053,-0.312703,-0.157875,-0.025459,0.739825,-0.080601,-0.042731,-0.213126,-0.106681,1.219077,0.064272,-0.11294,-0.060865,-0.128675,3.75,0.014083,0.092164,0.112516
79,76.997536,967.150024,0.841701,0.817028,0.173913,0.0,0.605691,51713.0,0.316528,1.720677,0.075728,0.423912,-0.083061,0.620287,7.339672,-0.1,-0.001,-0.01,-0.02,-0.2,0.480733,-0.00405,-0.007535,-0.001812,-0.000512,-0.305312,-0.156529,-0.025223,0.720151,-0.078141,-0.041485,-0.210506,-0.10303,1.198124,0.064976,-0.110284,-0.074429,-0.183681,4.26087,0.014661,0.08274,0.126993
80,79.314827,998.72998,0.855325,0.856075,0.041667,0.0,0.603307,55701.0,0.332259,1.804535,0.084039,0.465816,-0.091004,0.668593,7.37048,-0.1,-0.001,-0.01,-0.02,-0.2,0.499473,-0.004127,-0.006529,-0.000333,-0.000551,-0.313898,-0.165668,-0.026557,0.762918,-0.082988,-0.044417,-0.21757,-0.110569,1.236357,0.066368,-0.113991,-0.095379,-0.21703,4.291667,0.016993,0.08639,0.126365
81,79.911285,997.130005,0.856138,0.848618,0.045455,0.0,0.600064,61764.0,0.328458,1.769482,0.07759,0.427457,-0.08591,0.628656,7.354221,-0.1,-0.001,-0.01,-0.02,-0.2,0.498698,-0.004095,-0.00663,-0.000364,-0.00051,-0.312567,-0.160967,-0.025672,0.733458,-0.079426,-0.043302,-0.213983,-0.102326,1.248293,0.068644,-0.112753,-0.09143,-0.128204,3.818182,0.015537,0.098217,0.097954
82,79.889244,988.659973,0.852818,0.844985,0.083333,0.0,0.596875,58924.0,0.325136,1.772509,0.082337,0.420283,-0.085579,0.631867,7.336257,-0.1,-0.001,-0.01,-0.02,-0.2,0.495458,-0.004025,-0.005822,-0.000611,-0.00051,-0.30704,-0.161718,-0.025923,0.745116,-0.080716,-0.044721,-0.210938,-0.10176,1.252492,0.06633,-0.110998,-0.073111,-0.141616,3.833333,0.015271,0.076387,0.106932
83,80.789185,990.950012,0.871152,0.848294,0.083333,0.0,0.59391,52729.0,0.316476,1.77149,0.07634,0.42011,-0.083223,0.633347,7.360178,-0.1,-0.001,-0.01,-0.02,-0.2,0.496688,-0.004053,-0.006634,-0.000611,-0.000517,-0.30425,-0.157102,-0.025874,0.744072,-0.078978,-0.043395,-0.212082,-0.104277,1.287771,0.068332,-0.109827,-0.086372,-0.184882,4.291667,0.013168,0.090282,0.099145
84,81.427628,995.919983,0.852342,0.856135,0.166667,0.0,0.590861,50866.0,0.319944,1.741216,0.077578,0.422047,-0.083684,0.619645,7.350493,-0.1,-0.001,-0.01,-0.02,-0.2,0.494215,-0.00408,-0.006791,-0.001141,-0.000526,-0.299864,-0.154792,-0.025529,0.742371,-0.077401,-0.041591,-0.206995,-0.106859,1.250015,0.070413,-0.108465,-0.122605,-0.159365,6.0,0.015301,0.086506,0.117915
85,81.983513,989.530029,0.866974,0.849108,0.125,0.0,0.587774,48345.0,0.315352,1.742384,0.075514,0.415509,-0.083392,0.613325,7.363924,-0.1,-0.001,-0.01,-0.02,-0.2,0.496183,-0.004067,-0.005944,-0.000503,-0.000518,-0.299143,-0.157091,-0.025755,0.732099,-0.077391,-0.042906,-0.204891,-0.102822,1.280883,0.071239,-0.108073,-0.063299,-0.1574,6.875,0.015282,0.091649,0.10646
86,83.995049,994.619995,0.863982,0.857233,0.208333,0.0,0.5843,61183.0,0.314351,1.741446,0.080597,0.427292,-0.086496,0.653602,7.335857,-0.1,-0.001,-0.01,-0.02,-0.2,0.492652,-0.003997,-0.005861,-0.001005,-0.000527,-0.295054,-0.155641,-0.025546,0.752986,-0.077145,-0.043177,-0.206066,-0.10377,1.269458,0.069107,-0.106672,-0.067095,-0.160039,7.916667,0.012936,0.083915,0.111351
87,84.109245,1000.0,0.888389,0.870345,0.0,0.041667,0.581271,56809.0,0.317499,1.754681,0.080157,0.420836,-0.083985,0.646775,7.345531,-0.1,-0.001,-0.01,-0.02,-0.2,0.49964,-0.004025,-0.006576,-0.000333,-0.000519,-0.295391,-0.155285,-0.025934,0.756359,-0.076436,-0.043239,-0.205838,-0.102908,1.293623,0.0722,-0.106988,-0.061095,-0.138527,6.916667,0.01302,0.08399,0.105954
88,83.351051,999.97998,0.868981,0.854471,0.125,0.041667,0.579531,56632.0,0.320176,1.747263,0.082379,0.440076,-0.08868,0.668081,7.341143,-0.1,-0.001,-0.01,-0.02,-0.2,0.497974,-0.003993,-0.005529,-0.001078,-0.000531,-0.293006,-0.157511,-0.026255,0.757474,-0.076681,-0.04333,-0.205129,-0.105167,1.270064,0.072346,-0.106275,-0.097867,-0.195819,6.833333,0.015693,0.097904,0.103836
89,81.567352,995.039978,0.868768,0.864736,0.083333,0.0,0.57656,60089.0,0.31077,1.739432,0.075062,0.417957,-0.082703,0.636204,7.316486,-0.1,-0.001,-0.01,-0.02,-0.2,0.497691,-0.004031,-0.006335,-0.000516,-0.000525,-0.289888,-0.155214,-0.02595,0.744253,-0.07596,-0.042053,-0.200475,-0.104181,1.299887,0.071786,-0.104978,-0.086985,-0.202835,6.791667,0.015018,0.089137,0.103691
90,81.937721,995.349976,0.876143,0.868431,0.041667,0.0,0.574248,64159.0,0.313228,1.730069,0.079781,0.401677,-0.080905,0.630662,7.338081,-0.1,-0.001,-0.01,-0.02,-0.2,0.499124,-0.003943,-0.005427,-0.000152,-0.000482,-0.2877,-0.155901,-0.02601,0.733026,-0.076672,-0.043685,-0.198758,-0.095826,1.310734,0.07216,-0.104358,-0.082531,-0.198773,6.25,0.013401,0.082685,0.088029
91,83.880325,995.0,0.86545,0.868699,0.125,0.0,0.570752,62634.0,0.312286,1.741956,0.082205,0.439381,-0.088141,0.667073,7.322754,-0.1,-0.001,-0.01,-0.02,-0.2,0.495717,-0.003984,-0.006181,-0.000926,-0.000536,-0.285021,-0.157372,-0.025703,0.755601,-0.07656,-0.043867,-0.202936,-0.107074,1.282959,0.071262,-0.103666,-0.097152,-0.198539,4.791667,0.013605,0.083243,0.090169
92,85.464844,999.340027,0.868402,0.864513,0.041667,0.0,0.567113,62251.0,0.310276,1.752113,0.080767,0.439349,-0.084318,0.665943,7.355635,-0.1,-0.001,-0.01,-0.02,-0.2,0.499727,-0.004026,-0.006706,-0.000333,-0.000531,-0.283656,-0.153081,-0.02552,0.755794,-0.075943,-0.042973,-0.200337,-0.106558,1.315688,0.072841,-0.103,-0.064772,-0.143532,4.791667,0.013011,0.089386,0.113599
93,83.857826,986.27002,0.870033,0.850692,0.125,0.0,0.564642,56980.0,0.301923,1.712704,0.076613,0.422359,-0.083116,0.65057,7.353164,-0.1,-0.001,-0.01,-0.02,-0.2,0.495112,-0.003961,-0.006714,-0.001002,-0.000521,-0.277212,-0.147042,-0.024989,0.743725,-0.072568,-0.040542,-0.197216,-0.106335,1.322674,0.073976,-0.100647,-0.056987,-0.131683,4.5,0.015621,0.092443,0.107392
94,85.666008,985.900024,0.863191,0.857661,0.083333,0.0,0.561872,54757.0,0.303096,1.702168,0.087963,0.429646,-0.08839,0.679635,7.3365,-0.1,-0.001,-0.01,-0.02,-0.2,0.49109,-0.003803,-0.004999,-0.000972,-0.000526,-0.27546,-0.149999,-0.025113,0.771641,-0.072931,-0.042615,-0.194191,-0.102966,1.299755,0.072714,-0.100011,-0.068814,-0.150559,4.5,0.014565,0.090309,0.107971
95,85.468163,975.679993,0.847886,0.83469,0.208333,0.0,0.559024,62627.0,0.288198,1.637565,0.079097,0.406156,-0.080513,0.637532,7.374436,-0.1,-0.001,-0.01,-0.02,-0.2,0.475303,-0.003788,-0.005503,-0.002889,-0.000512,-0.262157,-0.143587,-0.024034,0.735023,-0.070102,-0.03934,-0.188635,-0.101731,1.263938,0.071696,-0.094957,-0.06442,-0.139228,4.166667,0.015953,0.089845,0.136754
96,84.815559,980.289978,0.875412,0.867845,0.166667,0.0,0.555634,65143.0,0.297639,1.674343,0.07887,0.408561,-0.080861,0.654435,7.352159,-0.1,-0.001,-0.01,-0.02,-0.2,0.491732,-0.003848,-0.006582,-0.001558,-0.000502,-0.26934,-0.146622,-0.025168,0.750014,-0.07086,-0.041322,-0.194587,-0.098362,1.319175,0.076152,-0.097915,-0.070565,-0.171276,4.041667,0.013445,0.093395,0.100861
97,84.920113,987.869995,0.86196,0.861951,0.130435,0.0,0.551909,64770.0,0.295156,1.704747,0.076701,0.410874,-0.081061,0.642578,7.364329,-0.1,-0.001,-0.01,-0.02,-0.2,0.491955,-0.003892,-0.005715,-0.001797,-0.00051,-0.266246,-0.146318,-0.025076,0.740006,-0.070876,-0.04028,-0.191181,-0.102109,1.326898,0.075507,-0.096984,-0.103643,-0.150126,3.652174,0.014169,0.081596,0.109371
98,84.427505,985.030029,0.867141,0.859504,0.173913,0.0,0.549023,60821.0,0.302448,1.68151,0.084634,0.421457,-0.08482,0.658449,7.347594,-0.1,-0.001,-0.01,-0.02,-0.2,0.492361,-0.003876,-0.006491,-0.001507,-0.000519,-0.265987,-0.147746,-0.024995,0.755299,-0.071749,-0.041398,-0.190579,-0.102791,1.304775,0.075149,-0.096886,-0.08313,-0.181875,3.956522,0.013624,0.089543,0.107949
99,87.419266,998.400024,0.889583,0.874902,0.041667,0.0,0.546667,56820.0,0.305148,1.72201,0.088787,0.42588,-0.086259,0.6855,7.355039,-0.108333,-0.001083,-0.010625,-0.02125,-0.2125,0.498889,-0.003788,-0.005043,-0.000556,-0.000506,-0.266731,-0.146113,-0.02492,0.767106,-0.070231,-0.043181,-0.190432,-0.099821,1.314795,0.078613,-0.097319,-0.048594,-0.141476,4.0,0.01436,0.080347,0.093722
100,84.730797,977.299988,0.840898,0.834882,0.125,0.041667,0.542147,52058.0,0.285471,1.62658,0.080643,0.400046,-0.079244,0.63816,7.330739,-0.3,-0.003,-0.025,-0.05,-0.5,0.476098,-0.003722,-0.006283,-0.002667,-0.000497,-0.253521,-0.137893,-0.024136,0.731056,-0.068321,-0.039862,-0.182424,-0.100036,1.27059,0.076309,-0.093719,-0.077101,-0.144871,3.541667,0.013017,0.092342,0.121742
101,84.523499,966.469971,0.866002,0.86805,0.083333,0.041667,0.539762,57869.0,0.291749,1.646798,0.087031,0.427714,-0.085578,0.669066,7.319675,-0.3,-0.003,-0.025,-0.05,-0.5,0.49128,-0.003876,-0.005012,-0.002278,-0.000524,-0.257879,-0.146272,-0.02636,0.757604,-0.071565,-0.042296,-0.188261,-0.105159,1.331099,0.080392,-0.09849,-0.091475,-0.180116,3.708333,0.011436,0.087601,0.109765
102,85.267479,991.380005,0.886095,0.879806,0.0,0.0,0.537281,59847.0,0.302328,1.69422,0.088677,0.435524,-0.089905,0.707532,7.351442,-0.3,-0.003,-0.025,-0.05,-0.5,0.500007,-0.003854,-0.004499,0.0,-0.000533,-0.262025,-0.149313,-0.027928,0.78292,-0.076017,-0.046117,-0.191473,-0.105111,1.32577,0.079303,-0.10288,-0.091966,-0.223081,3.208333,0.012388,0.073067,0.110927
103,85.856888,994.580017,0.890011,0.882651,0.045455,0.0,0.534345,60165.0,0.296651,1.724588,0.09259,0.410408,-0.082375,0.681522,7.343643,-0.3,-0.003,-0.025,-0.05,-0.5,0.498635,-0.003825,-0.006281,-0.000202,-0.000508,-0.257891,-0.141787,-0.028654,0.77563,-0.076323,-0.047806,-0.185492,-0.100895,1.346297,0.079334,-0.103888,-0.122195,-0.215452,3.5,0.010839,0.090843,0.10361
104,87.393295,992.530029,0.884221,0.881567,0.041667,0.0,0.532363,54566.0,0.286217,1.713097,0.081584,0.410569,-0.080757,0.666057,7.314466,-0.3,-0.003,-0.025,-0.05,-0.5,0.49689,-0.003898,-0.005919,-0.000333,-0.000521,-0.254103,-0.142569,-0.029924,0.761959,-0.077521,-0.047503,-0.187194,-0.104087,1.387452,0.080773,-0.105311,-0.137657,-0.174588,3.625,0.015304,0.076265,0.096284
105,87.418495,989.0,0.879831,0.868766,0.086957,0.0,0.530424,53524.0,0.286389,1.618516,0.081641,0.386384,-0.076747,0.631848,7.320945,-0.3,-0.003,-0.025,-0.05,-0.5,0.492021,-0.003773,-0.004926,-0.001159,-0.000474,-0.249321,-0.138449,-0.030443,0.728997,-0.078355,-0.051162,-0.178163,-0.093951,1.357526,0.08348,-0.106529,-0.046907,-0.10254,3.565217,0.013868,0.091535,0.098501
106,88.384583,995.549988,0.881768,0.884738,0.043478,0.0,0.528731,55172.0,0.29555,1.662913,0.093432,0.431421,-0.085488,0.714093,7.345222,-0.3,-0.003,-0.025,-0.05,-0.5,0.496775,-0.003769,-0.006904,-0.00058,-0.000533,-0.251378,-0.141827,-0.032519,0.792203,-0.082378,-0.054078,-0.181647,-0.105352,1.342661,0.080279,-0.110254,-0.100014,-0.153094,3.565217,0.012697,0.080012,0.085065
107,88.040031,991.289978,0.876741,0.861138,0.086957,0.043478,0.525981,62597.0,0.287244,1.631482,0.091972,0.424506,-0.086418,0.697046,7.315773,-0.3,-0.003,-0.025,-0.05,-0.5,0.488778,-0.003747,-0.005848,-0.00228,-0.000525,-0.245487,-0.139778,-0.032595,0.766615,-0.082045,-0.054413,-0.181447,-0.103738,1.330086,0.082265,-0.111104,-0.091007,-0.123271,3.869565,0.012556,0.084327,0.124123
108,86.347809,994.059998,0.876521,0.8763,0.083333,0.0,0.523796,61775.0,0.294462,1.641077,0.091382,0.412567,-0.083093,0.674221,7.318222,-0.3,-0.003,-0.025,-0.05,-0.5,0.497973,-0.003753,-0.005656,-0.000516,-0.000496,-0.247433,-0.141613,-0.033882,0.75353,-0.085997,-0.056925,-0.182413,-0.099334,1.352341,0.084736,-0.11406,-0.081615,-0.153154,3.875,0.013516,0.090038,0.090233
109,86.028175,994.77002,0.889698,0.880267,0.0,0.0,0.520842,66725.0,0.290331,1.702851,0.084672,0.440923,-0.082527,0.700229,7.317941,-0.3,-0.003,-0.025,-0.05,-0.5,0.500007,-0.003904,-0.007529,0.0,-0.000526,-0.245585,-0.142029,-0.035893,0.766583,-0.086329,-0.055434,-0.18328,-0.106298,1.384673,0.084935,-0.116793,-0.072221,-0.127934,3.809524,0.013464,0.090714,0.073387
110,86.489677,994.440002,0.881445,0.880007,0.130435,0.0,0.518147,57646.0,0.284785,1.606786,0.086704,0.388613,-0.078944,0.643731,7.329234,-0.3,-0.003,-0.025,-0.05,-0.5,0.497775,-0.00375,-0.006043,-0.001031,-0.000483,-0.242744,-0.137424,-0.0356,0.744378,-0.087212,-0.059253,-0.177213,-0.095922,1.395188,0.088013,-0.118056,-0.060902,-0.124788,3.913043,0.014062,0.083804,0.099579
111,86.189804,988.02002,0.878919,0.873283,0.086957,0.0,0.515293,62064.0,0.278148,1.612116,0.087324,0.397475,-0.078234,0.659416,7.302187,-0.3,-0.003,-0.025,-0.05,-0.5,0.492079,-0.003726,-0.005392,-0.001014,-0.000493,-0.237119,-0.133347,-0.035829,0.750505,-0.086465,-0.059316,-0.173734,-0.099008,1.39195,0.087416,-0.118411,-0.088839,-0.163413,4.434783,0.014644,0.103183,0.097882
112,87.220703,1000.0,0.887521,0.873592,0.0,0.0,0.512644,67101.0,0.29341,1.647694,0.094927,0.424418,-0.083461,0.696946,7.292947,-0.3,-0.003,-0.025,-0.05,-0.5,0.500007,-0.003727,-0.005904,0.0,-0.000517,-0.240106,-0.139506,-0.03816,0.778214,-0.090802,-0.062806,-0.174851,-0.1034,1.369764,0.08837,-0.122463,-0.131648,-0.144562,3.416667,0.013087,0.084529,0.095195
113,87.532921,994.559998,0.899898,0.889057,0.083333,0.0,0.510851,66958.0,0.285116,1.632429,0.092528,0.42088,-0.083826,0.705879,7.296757,-0.3,-0.003,-0.025,-0.05,-0.5,0.496471,-0.003723,-0.004993,-0.000764,-0.000509,-0.236956,-0.140334,-0.039809,0.776493,-0.093837,-0.065976,-0.17455,-0.101246,1.381594,0.084784,-0.12423,-0.126021,-0.193915,4.541667,0.012934,0.08866,0.085608
114,86.61644,1000.0,0.905045,0.895475,0.0,0.0,0.509177,66750.0,0.282362,1.619114,0.090768,0.395232,-0.077871,0.660396,7.282906,-0.3,-0.003,-0.025,-0.05,-0.5,0.500007,-0.003728,-0.005235,0.0,-0.00048,-0.235949,-0.138025,-0.040929,0.759514,-0.093881,-0.0671,-0.173387,-0.095835,1.417339,0.088515,-0.125932,-0.111108,-0.168775,3.916667,0.011595,0.070883,0.082356
115,89.064339,995.130005,0.887051,0.883902,0.125,0.0,0.507289,64317.0,0.28275,1.637753,0.089617,0.407577,-0.080853,0.680306,7.282945,-0.3,-0.003,-0.025,-0.05,-0.5,0.498324,-0.003715,-0.00535,-0.00121,-0.000506,-0.233663,-0.134605,-0.041202,0.76617,-0.094148,-0.067299,-0.171939,-0.101509,1.401501,0.088461,-0.127929,-0.078803,-0.134152,4.25,0.012002,0.086672,0.094546
116,85.778015,991.299988,0.895371,0.881236,0.125,0.0,0.504983,62547.0,0.284475,1.587116,0.091473,0.406196,-0.078871,0.67352,7.288712,-0.3,-0.003,-0.025,-0.05,-0.5,0.495823,-0.003645,-0.006139,-0.00125,-0.000491,-0.228786,-0.132748,-0.042108,0.760801,-0.095849,-0.068875,-0.166794,-0.098364,1.385751,0.091429,-0.129048,-0.152221,-0.180136,4.666667,0.011553,0.097191,0.103058
117,89.527,991.799988,0.898683,0.883019,0.041667,0.0,0.503276,57646.0,0.275207,1.583181,0.0928,0.405742,-0.079319,0.672857,7.294812,-0.3,-0.003,-0.025,-0.05,-0.5,0.496586,-0.003706,-0.00527,-0.000333,-0.000509,-0.227601,-0.132528,-0.042174,0.770965,-0.096691,-0.068625,-0.168763,-0.101782,1.416789,0.091931,-0.13045,-0.078268,-0.126658,5.0,0.010725,0.090352,0.077952
118,85.231194,979.090027,0.873812,0.864691,0.125,0.0,0.500299,66138.0,0.279827,1.571699,0.093393,0.41925,-0.080798,0.696769,7.285769,-0.3,-0.003,-0.025,-0.05,-0.5,0.49074,-0.00364,-0.006641,-0.000988,-0.000498,-0.22346,-0.132707,-0.044159,0.761824,-0.099739,-0.071585,-0.167651,-0.100572,1.371788,0.090317,-0.131897,-0.17101,-0.189387,4.416667,0.014249,0.081422,0.099004
119,87.318184,1000.0,0.906056,0.895438,0.0,0.0,0.498278,63386.0,0.275259,1.580572,0.093135,0.397819,-0.07855,0.676472,7.309244,-0.3,-0.003,-0.025,-0.05,-0.5,0.500007,-0.003745,-0.004914,0.0,-0.000507,-0.225987,-0.132245,-0.044903,0.768974,-0.099696,-0.07187,-0.16646,-0.101217,1.428807,0.093383,-0.134765,-0.205039,-0.147437,3.869565,0.012767,0.06678,0.086109
120,88.996147,1000.0,0.909724,0.88824,0.0,0.0,0.496251,66051.0,0.275305,1.574102,0.097478,0.401316,-0.07898,0.682261,7.309667,-0.3,-0.003,-0.025,-0.05,-0.5,0.500007,-0.003671,-0.004969,0.0,-0.000497,-0.223956,-0.129501,-0.04592,0.770421,-0.101897,-0.074133,-0.166867,-0.100467,1.434732,0.094774,-0.136567,-0.100981,-0.14371,4.0,0.013386,0.083915,0.086471
121,87.199516,987.080017,0.883756,0.882668,0.086957,0.0,0.493338,66974.0,0.277016,1.560442,0.096376,0.412495,-0.082312,0.680796,7.279848,-0.3,-0.003,-0.025,-0.05,-0.5,0.491595,-0.003649,-0.004745,-0.001014,-0.000505,-0.218481,-0.132681,-0.045887,0.76451,-0.101652,-0.074089,-0.163417,-0.101289,1.375426,0.093556,-0.137967,-0.103478,-0.136275,4.434783,0.015309,0.077322,0.101793
122,86.283142,996.369995,0.90187,0.896218,0.043478,0.0,0.491141,65159.0,0.276823,1.582732,0.092985,0.388456,-0.076586,0.666003,7.278839,-0.3,-0.003,-0.025,-0.05,-0.5,0.498688,-0.003623,-0.005115,-0.00029,-0.000459,-0.219665,-0.130877,-0.047365,0.756919,-0.105336,-0.079672,-0.165652,-0.09249,1.418609,0.096073,-0.140536,-0.142707,-0.190779,4.086957,0.014367,0.077991,0.086239
123,88.284103,997.690002,0.898717,0.892086,0.086957,0.0,0.488597,59630.0,0.272651,1.592815,0.099206,0.411492,-0.078806,0.696272,7.279925,-0.3,-0.003,-0.025,-0.05,-0.5,0.498066,-0.003629,-0.005178,-0.001304,-0.000504,-0.217619,-0.128695,-0.049835,0.783762,-0.105931,-0.080466,-0.161832,-0.100242,1.437862,0.094975,-0.142868,-0.139241,-0.155741,3.608696,0.01299,0.095773,0.102194
124,88.718277,992.150024,0.90022,0.892713,0.041667,0.0,0.486554,64785.0,0.272144,1.543857,0.100783,0.40957,-0.080029,0.703424,7.287724,-0.3,-0.003,-0.025,-0.05,-0.5,0.495913,-0.00358,-0.004339,-0.000417,-0.000497,-0.214747,-0.126552,-0.04937,0.78261,-0.106617,-0.079141,-0.161307,-0.10056,1.416404,0.098346,-0.14361,-0.110808,-0.198562,3.916667,0.011847,0.067615,0.091092
125,90.020027,1000.0,0.909164,0.902312,0.0,0.0,0.484581,58687.0,0.275243,1.589365,0.097896,0.404245,-0.077754,0.686049,7.254564,-0.3,-0.003,-0.025,-0.05,-0.5,0.500007,-0.003613,-0.005363,0.0,-0.000495,-0.21547,-0.126586,-0.050943,0.781413,-0.107015,-0.082927,-0.159095,-0.100529,1.429756,0.098948,-0.146991,-0.12545,-0.10578,4.958333,0.012543,0.079797,0.090792
126,86.940025,1000.0,0.907262,0.891982,0.041667,0.0,0.482011,58193.0,0.274741,1.586811,0.099915,0.404866,-0.079341,0.688051,7.25772,-0.3,-0.003,-0.025,-0.05,-0.5,0.499583,-0.003587,-0.005852,-0.000278,-0.000486,-0.214078,-0.127386,-0.051188,0.770092,-0.111268,-0.08577,-0.160197,-0.098434,1.421127,0.097383,-0.148563,-0.160649,-0.19552,6.583333,0.012799,0.076415,0.090938
127,88.834221,997.619995,0.906915,0.901969,0.041667,0.0,0.479703,60546.0,0.265891,1.566708,0.096025,0.398597,-0.07721,0.690003,7.241111,-0.3,-0.003,-0.025,-0.05,-0.5,0.499177,-0.003616,-0.005586,-0.000278,-0.000495,-0.21133,-0.124704,-0.052974,0.774881,-0.110416,-0.084415,-0.159529,-0.100123,1.464407,0.099947,-0.149886,-0.109144,-0.140207,7.375,0.012144,0.075363,0.085822
128,88.32975,987.320007,0.885968,0.88372,0.166667,0.041667,0.477693,55391.0,0.263342,1.536039,0.095347,0.408993,-0.077547,0.694474,7.264762,-0.3,-0.003,-0.025,-0.05,-0.5,0.490713,-0.003608,-0.005746,-0.001425,-0.000503,-0.205373,-0.124157,-0.053604,0.767317,-0.110262,-0.084342,-0.157954,-0.102132,1.429645,0.099412,-0.148857,-0.126939,-0.134121,7.333333,0.012454,0.085724,0.093774
129,89.999359,999.929993,0.908676,0.897336,0.041667,0.0,0.475594,62346.0,0.269855,1.551192,0.104207,0.411472,-0.079024,0.707967,7.26088,-0.3,-0.003,-0.025,-0.05,-0.5,0.499986,-0.003577,-0.00601,-0.000208,-0.000494,-0.208897,-0.126223,-0.05554,0.784939,-0.114704,-0.089049,-0.158532,-0.100558,1.4495,0.10134,-0.154166,-0.163514,-0.203094,6.708333,0.011943,0.067561,0.092375
130,86.510292,984.640015,0.897189,0.886226,0.166667,0.0,0.473868,61155.0,0.260639,1.505461,0.094203,0.383536,-0.0746,0.66013,7.278093,-0.3,-0.003,-0.025,-0.05,-0.5,0.49117,-0.003534,-0.00516,-0.001044,-0.00048,-0.203069,-0.122565,-0.055182,0.756208,-0.113699,-0.08799,-0.152921,-0.09654,1.445263,0.1011,-0.153256,-0.134014,-0.169931,7.0,0.013455,0.08773,0.09068
131,89.878761,1000.0,0.911349,0.904044,0.0,0.0,0.472519,61222.0,0.26613,1.547316,0.101287,0.400228,-0.077889,0.696021,7.256318,-0.3,-0.003,-0.025,-0.05,-0.5,0.500007,-0.003547,-0.004605,0.0,-0.000481,-0.206395,-0.12531,-0.056598,0.779549,-0.118665,-0.093117,-0.15633,-0.09693,1.461243,0.101921,-0.157873,-0.123028,-0.124157,6.666667,0.011672,0.075854,0.085304
132,89.583694,999.77002,0.91141,0.901125,0.041667,0.0,0.470195,61294.0,0.264558,1.509547,0.106962,0.404403,-0.078613,0.699229,7.263268,-0.3,-0.003,-0.025,-0.05,-0.5,0.499944,-0.003486,-0.003948,-0.000208,-0.000496,-0.203956,-0.12191,-0.057602,0.788183,-0.118606,-0.096995,-0.151687,-0.100209,1.472299,0.105825,-0.159173,-0.134605,-0.147051,6.0,0.012188,0.077731,0.085418
133,88.649559,995.119995,0.904802,0.898664,0.083333,0.0,0.467794,61787.0,0.25936,1.507202,0.089881,0.357629,-0.068058,0.632449,7.266781,-0.3,-0.003,-0.025,-0.05,-0.5,0.497522,-0.003532,-0.005334,-0.00075,-0.00045,-0.200123,-0.118809,-0.059166,0.738037,-0.116579,-0.093653,-0.14839,-0.091472,1.485929,0.108739,-0.158663,-0.088401,-0.102144,4.25,0.013117,0.074797,0.082
134,88.68454,1000.0,0.912853,0.908027,0.0,0.0,0.465222,56096.0,0.260495,1.511755,0.093016,0.396155,-0.074285,0.68447,7.293223,-0.3,-0.003,-0.025,-0.05,-0.5,0.500007,-0.003626,-0.005022,0.0,-0.000495,-0.199873,-0.121801,-0.060642,0.771455,-0.119288,-0.092703,-0.153864,-0.100886,1.48661,0.107149,-0.162371,-0.253197,-0.190563,4.875,0.012148,0.073088,0.096565
135,89.53199,995.570007,0.911581,0.898796,0.041667,0.0,0.462689,54332.0,0.259202,1.525629,0.098293,0.391884,-0.075014,0.683651,7.278407,-0.3,-0.003,-0.025,-0.05,-0.5,0.498685,-0.003568,-0.004872,-0.000238,-0.000485,-0.198836,-0.120432,-0.060086,0.774224,-0.120918,-0.095736,-0.152438,-0.098321,1.485532,0.106485,-0.164012,-0.141223,-0.160106,4.958333,0.012021,0.077069,0.088348
136,87.097916,1000.0,0.883005,0.879969,0.0,0.0,0.459964,65708.0,0.269558,1.503811,0.1078,0.405074,-0.079191,0.695801,7.285122,-0.3,-0.003,-0.025,-0.05,-0.5,0.500007,-0.003497,-0.005507,0.0,-0.000499,-0.197137,-0.120483,-0.061217,0.780577,-0.120323,-0.099761,-0.150598,-0.103328,1.441203,0.113306,-0.164945,-0.243839,-0.189042,4.0,0.01331,0.09921,0.083065
137,88.049805,996.929993,0.906885,0.900126,0.041667,0.0,0.457275,64121.0,0.260054,1.491811,0.096945,0.37847,-0.071734,0.662073,7.274332,-0.3,-0.003,-0.025,-0.05,-0.5,0.497868,-0.003513,-0.004479,-0.000556,-0.000467,-0.195032,-0.120477,-0.062826,0.75615,-0.123713,-0.100285,-0.144767,-0.093702,1.47572,0.109009,-0.166676,-0.116288,-0.140537,4.0,0.012638,0.075948,0.088562
138,88.434174,986.76001,0.904462,0.895269,0.125,0.0,0.454494,60478.0,0.254806,1.486326,0.100435,0.391516,-0.073984,0.687072,7.27259,-0.3,-0.003,-0.025,-0.05,-0.5,0.493416,-0.003438,-0.005308,-0.001222,-0.000473,-0.190977,-0.117034,-0.063192,0.766465,-0.123248,-0.102315,-0.148875,-0.095458,1.471929,0.109123,-0.166692,-0.157987,-0.13396,4.625,0.01093,0.074003,0.110729
139,88.353836,1000.0,0.911752,0.891422,0.0,0.0,0.452273,62449.0,0.259095,1.481389,0.092286,0.386287,-0.072471,0.659167,7.247736,-0.3,-0.003,-0.025,-0.05,-0.5,0.500007,-0.003567,-0.005596,0.0,-0.000476,-0.191786,-0.120502,-0.065223,0.75122,-0.12624,-0.101889,-0.151351,-0.09702,1.478955,0.112907,-0.170145,-0.118461,-0.143241,3.304348,0.012541,0.080331,0.092722
140,90.149437,999.159973,0.90844,0.889638,0.043478,0.0,0.450252,58810.0,0.256101,1.508678,0.103211,0.389137,-0.073724,0.677155,7.241054,-0.3,-0.003,-0.025,-0.05,-0.5,0.499743,-0.003526,-0.005374,-0.000248,-0.000482,-0.190023,-0.11627,-0.064558,0.770543,-0.12644,-0.102716,-0.147075,-0.09951,1.49138,0.111919,-0.170951,-0.123724,-0.142782,4.0,0.01317,0.07381,0.083258
141,90.689713,1000.0,0.910217,0.901319,0.0,0.0,0.447376,62108.0,0.259019,1.478583,0.109813,0.387783,-0.072276,0.682906,7.263666,-0.3,-0.003,-0.025,-0.05,-0.5,0.500007,-0.003396,-0.005774,0.0,-0.000463,-0.189548,-0.117086,-0.067873,0.776816,-0.129036,-0.110128,-0.145038,-0.094297,1.500719,0.113724,-0.173251,-0.168627,-0.135018,3.958333,0.011994,0.082998,0.087362
142,89.299332,985.52002,0.899087,0.886742,0.083333,0.0,0.444837,65630.0,0.247936,1.454152,0.095981,0.385746,-0.072365,0.684897,7.262601,-0.3,-0.003,-0.025,-0.05,-0.5,0.489736,-0.003472,-0.005479,-0.00125,-0.000465,-0.184018,-0.113888,-0.06423,0.763045,-0.125853,-0.101627,-0.145455,-0.094968,1.478884,0.112772,-0.169657,-0.107028,-0.117334,4.25,0.011961,0.094033,0.092228
143,90.134888,988.26001,0.909521,0.894628,0.083333,0.0,0.442507,64395.0,0.247752,1.471184,0.096306,0.382736,-0.071552,0.665568,7.271675,-0.3,-0.003,-0.025,-0.05,-0.5,0.495107,-0.003492,-0.006821,-0.000667,-0.00048,-0.183563,-0.111851,-0.064388,0.766369,-0.121425,-0.100992,-0.141286,-0.097054,1.493415,0.116057,-0.169042,-0.087557,-0.093926,3.416667,0.011298,0.09073,0.111328
144,90.861023,987.070007,0.884961,0.868764,0.086957,0.0,0.44132,66383.0,0.246802,1.410917,0.096443,0.370923,-0.068849,0.632066,7.267328,-0.3,-0.003,-0.025,-0.05,-0.5,0.482637,-0.003392,-0.004875,-0.002087,-0.000448,-0.177522,-0.110231,-0.062584,0.732979,-0.121822,-0.098098,-0.13975,-0.092582,1.434053,0.113264,-0.16369,-0.0539,-0.105977,3.173913,0.012596,0.081885,0.118002
145,89.87262,988.619995,0.893803,0.909891,0.041667,0.0,0.438644,57822.0,0.251738,1.49633,0.104365,0.39412,-0.074248,0.699411,7.241252,-0.3,-0.003,-0.025,-0.05,-0.5,0.497585,-0.003412,-0.004859,-0.000417,-0.000476,-0.182666,-0.115624,-0.065661,0.782768,-0.125626,-0.105628,-0.143223,-0.096614,1.505925,0.112143,-0.168654,-0.125481,-0.138357,3.25,0.01282,0.064851,0.081403
146,91.652519,996.700012,0.891544,0.893787,0.041667,0.0,0.43712,65757.0,0.258186,1.488291,0.101402,0.394911,-0.072451,0.682045,7.269456,-0.3,-0.003,-0.025,-0.05,-0.5,0.498857,-0.003432,-0.004755,-0.000278,-0.000474,-0.181384,-0.114562,-0.066742,0.759957,-0.125508,-0.104879,-0.13719,-0.096846,1.485106,0.115938,-0.167402,-0.105013,-0.107807,3.541667,0.010481,0.078548,0.095388
147,92.323029,997.849976,0.913748,0.89748,0.043478,0.0,0.435829,64697.0,0.25896,1.450187,0.111441,0.394239,-0.074541,0.696397,7.267498,-0.3,-0.003,-0.025,-0.05,-0.5,0.499336,-0.003387,-0.006394,-0.000248,-0.000473,-0.179411,-0.112687,-0.064888,0.780025,-0.123592,-0.105014,-0.137423,-0.096731,1.480085,0.120248,-0.165163,-0.100487,-0.111279,3.782609,0.011444,0.087063,0.089278
148,93.212997,1000.0,0.911482,0.896743,0.0,0.0,0.433917,66211.0,0.248784,1.437324,0.102133,0.386803,-0.071575,0.674975,7.260382,-0.3,-0.003,-0.025,-0.05,-0.5,0.500007,-0.003424,-0.005454,0.0,-0.000469,-0.17744,-0.11083,-0.063952,0.768204,-0.121296,-0.099063,-0.138301,-0.096068,1.523528,0.123071,-0.163642,-0.088699,-0.115698,3.913043,0.01159,0.086715,0.085712
149,91.405533,1000.0,0.917986,0.91216,0.0,0.0,0.433143,66652.0,0.248979,1.434769,0.107268,0.378486,-0.069868,0.672217,7.256879,-0.3,-0.003,-0.025,-0.05,-0.5,0.500007,-0.00342,-0.005086,0.0,-0.000458,-0.177897,-0.111702,-0.06425,0.766057,-0.123269,-0.10163,-0.137085,-0.094329,1.517336,0.120823,-0.163615,-0.124706,-0.165666,3.956522,0.011124,0.073701,0.081043
150,91.853561,994.98999,0.918901,0.903966,0.041667,0.0,0.431254,61907.0,0.246445,1.428107,0.109037,0.385298,-0.072632,0.694531,7.246196,-0.3,-0.003,-0.025,-0.05,-0.5,0.497915,-0.003358,-0.00561,-0.000333,-0.000461,-0.174843,-0.111358,-0.065036,0.773613,-0.122011,-0.104774,-0.139017,-0.093653,1.529304,0.119758,-0.161222,-0.141069,-0.148058,3.541667,0.012113,0.068259,0.086447
151,92.047607,994.349976,0.923608,0.907606,0.05,0.0,0.429387,57791.0,0.245035,1.446449,0.110715,0.372676,-0.069478,0.680007,7.260049,-0.3,-0.003,-0.025,-0.05,-0.5,0.497177,-0.003292,-0.003682,-0.0004,-0.000442,-0.17312,-0.106219,-0.062896,0.779279,-0.117182,-0.101173,-0.132655,-0.090265,1.528784,0.121773,-0.158763,-0.125432,-0.117569,4.0,0.013287,0.078605,0.090305
152,93.721222,1000.0,0.918626,0.908045,0.0,0.0,0.427136,60985.0,0.243724,1.426587,0.105077,0.385903,-0.070043,0.693878,7.27343,-0.3,-0.003,-0.025,-0.05,-0.5,0.500007,-0.003379,-0.006427,0.0,-0.00047,-0.172635,-0.108696,-0.064727,0.781023,-0.118051,-0.101962,-0.138504,-0.096207,1.549431,0.124456,-0.159522,-0.13636,-0.121609,4.086957,0.011874,0.065168,0.081082
153,91.446915,996.400024,0.920147,0.906231,0.083333,0.0,0.4248,61361.0,0.243798,1.421467,0.105275,0.372013,-0.067457,0.677784,7.265269,-0.3,-0.003,-0.025,-0.05,-0.5,0.49916,-0.003351,-0.005676,-0.000602,-0.000441,-0.172188,-0.110056,-0.064097,0.766088,-0.120685,-0.104165,-0.136097,-0.090358,1.543692,0.123497,-0.158319,-0.177089,-0.179796,3.958333,0.012092,0.076745,0.087683
154,90.607979,977.960022,0.90549,0.894535,0.166667,0.0,0.422949,61666.0,0.241443,1.390238,0.10289,0.363204,-0.067125,0.660114,7.263141,-0.3,-0.003,-0.025,-0.05,-0.5,0.492591,-0.003295,-0.004579,-0.001118,-0.000433,-0.167039,-0.106157,-0.06312,0.751279,-0.113891,-0.099174,-0.130779,-0.088057,1.515778,0.126669,-0.154569,-0.100925,-0.118473,4.125,0.012357,0.082326,0.10928
155,94.306305,1000.0,0.923051,0.914461,0.0,0.0,0.421321,62018.0,0.246958,1.420442,0.106782,0.381974,-0.068678,0.687384,7.272354,-0.3,-0.003,-0.025,-0.05,-0.5,0.500007,-0.003354,-0.004782,0.0,-0.000453,-0.168936,-0.108628,-0.064647,0.777097,-0.114703,-0.100931,-0.133237,-0.092093,1.527743,0.128612,-0.156234,-0.086481,-0.109399,3.958333,0.012488,0.066283,0.08028
156,91.382767,996.559998,0.911234,0.899667,0.041667,0.0,0.419382,61243.0,0.238969,1.426929,0.095458,0.381729,-0.068156,0.669312,7.269755,-0.3,-0.003,-0.025,-0.05,-0.5,0.497611,-0.003439,-0.005468,-0.000556,-0.000463,-0.166363,-0.106062,-0.063021,0.754428,-0.113155,-0.092917,-0.132848,-0.095091,1.533161,0.12876,-0.154785,-0.174482,-0.166799,3.875,0.012383,0.086337,0.089249
157,93.006531,992.679993,0.909177,0.90011,0.041667,0.0,0.418136,54442.0,0.240929,1.408969,0.111562,0.380872,-0.070449,0.687715,7.273795,-0.3,-0.003,-0.025,-0.05,-0.5,0.496189,-0.003266,-0.004924,-0.000417,-0.00045,-0.164926,-0.105904,-0.062729,0.768148,-0.113561,-0.101145,-0.131428,-0.091945,1.531657,0.127179,-0.15275,-0.141849,-0.154018,4.625,0.012131,0.075575,0.094109
158,94.316681,1000.0,0.927949,0.910927,0.0,0.0,0.416363,59219.0,0.238606,1.407243,0.111759,0.387111,-0.071592,0.717391,7.2611,-0.3,-0.003,-0.025,-0.05,-0.5,0.500007,-0.003325,-0.004527,0.0,-0.000462,-0.164868,-0.106248,-0.06253,0.787057,-0.112614,-0.098929,-0.131275,-0.094546,1.553287,0.13144,-0.152479,-0.187975,-0.201086,5.0,0.011344,0.073979,0.08575
159,92.987648,988.059998,0.902206,0.904169,0.125,0.0,0.416433,61543.0,0.242855,1.418394,0.108908,0.386363,-0.070962,0.695734,7.260047,-0.3,-0.003,-0.025,-0.05,-0.5,0.495467,-0.003286,-0.004376,-0.000972,-0.000452,-0.163345,-0.106936,-0.063038,0.768268,-0.114224,-0.098405,-0.132214,-0.092413,1.521114,0.126833,-0.151867,-0.122693,-0.129549,4.583333,0.013088,0.076246,0.088267
160,96.444702,1000.0,0.919355,0.913031,0.0,0.0,0.41487,55573.0,0.238659,1.375756,0.107987,0.378633,-0.067955,0.685628,7.275218,-0.3,-0.003,-0.025,-0.05,-0.5,0.500007,-0.003286,-0.004523,0.0,-0.000441,-0.161712,-0.103129,-0.06128,0.773587,-0.109923,-0.098074,-0.128465,-0.091015,1.557779,0.136292,-0.150077,-0.068118,-0.110911,4.875,0.011658,0.072919,0.074288
161,95.756172,996.190002,0.925793,0.908005,0.043478,0.0,0.413175,66728.0,0.235156,1.416253,0.10808,0.386289,-0.070267,0.69794,7.256849,-0.3,-0.003,-0.025,-0.05,-0.5,0.49882,-0.003306,-0.005009,-0.000248,-0.000466,-0.160377,-0.102719,-0.062213,0.777472,-0.110028,-0.096953,-0.125368,-0.095107,1.564253,0.131647,-0.148712,-0.097724,-0.107286,3.347826,0.011949,0.065667,0.086616
162,94.560318,996.330017,0.916997,0.902451,0.043478,0.0,0.411888,66734.0,0.239196,1.377484,0.109806,0.385027,-0.069472,0.704326,7.260269,-0.3,-0.003,-0.025,-0.05,-0.5,0.49734,-0.00329,-0.004496,-0.00058,-0.000448,-0.159375,-0.104413,-0.061327,0.769447,-0.111811,-0.101001,-0.125929,-0.091897,1.536728,0.133205,-0.148244,-0.097275,-0.121945,4.391304,0.011458,0.067439,0.086532
163,95.354546,1000.0,0.913914,0.910486,0.0,0.0,0.411172,57032.0,0.241741,1.414147,0.116432,0.386758,-0.071619,0.694418,7.267967,-0.3,-0.003,-0.025,-0.05,-0.5,0.500007,-0.003273,-0.004516,0.0,-0.000457,-0.159652,-0.104297,-0.061336,0.788633,-0.111367,-0.09927,-0.12796,-0.093322,1.540261,0.132165,-0.148512,-0.101193,-0.121647,4.5,0.012492,0.070948,0.084804
164,97.267288,1000.0,0.922174,0.915608,0.0,0.0,0.409665,66344.0,0.235634,1.355537,0.111971,0.372528,-0.067588,0.683827,7.266855,-0.3,-0.003,-0.025,-0.05,-0.5,0.500007,-0.003241,-0.003375,0.0,-0.000435,-0.158243,-0.102795,-0.061335,0.779241,-0.1091,-0.098482,-0.123807,-0.089318,1.567587,0.140032,-0.146201,-0.092426,-0.094545,3.869565,0.010132,0.07045,0.072341
165,96.105988,998.710022,0.921039,0.910067,0.043478,0.0,0.40849,67205.0,0.235615,1.380461,0.10776,0.393576,-0.070654,0.712405,7.299243,-0.3,-0.003,-0.025,-0.05,-0.5,0.499536,-0.003338,-0.005141,-0.00029,-0.000468,-0.156686,-0.103839,-0.061595,0.782686,-0.108422,-0.094806,-0.129164,-0.09612,1.553178,0.136507,-0.146187,-0.111373,-0.104384,3.565217,0.011552,0.066974,0.089269
166,95.203362,993.039978,0.918153,0.904829,0.083333,0.0,0.40745,65116.0,0.232091,1.357908,0.110674,0.385035,-0.068127,0.699418,7.269163,-0.3,-0.003,-0.025,-0.05,-0.5,0.497929,-0.003304,-0.005504,-0.000476,-0.000459,-0.154467,-0.102339,-0.062128,0.775263,-0.107704,-0.094509,-0.126871,-0.093943,1.565658,0.13827,-0.144277,-0.105584,-0.127297,4.166667,0.012973,0.064872,0.096726
167,95.58696,1000.0,0.922368,0.90655,0.0,0.0,0.40604,65044.0,0.233664,1.374753,0.105955,0.377983,-0.067616,0.691715,7.280364,-0.3,-0.003,-0.025,-0.05,-0.5,0.500007,-0.00325,-0.004517,0.0,-0.000447,-0.15389,-0.100153,-0.060808,0.770686,-0.106152,-0.097306,-0.123906,-0.090898,1.572759,0.139659,-0.143544,-0.118171,-0.171296,5.333333,0.01098,0.070413,0.079732
168,97.792686,998.969971,0.920847,0.910222,0.083333,0.0,0.40438,65037.0,0.233619,1.374161,0.112557,0.389849,-0.070325,0.705492,7.257331,-0.3,-0.003,-0.025,-0.05,-0.5,0.49976,-0.003272,-0.004777,-0.000405,-0.000462,-0.152658,-0.100403,-0.060845,0.783055,-0.106477,-0.095392,-0.124073,-0.094182,1.564461,0.140309,-0.14273,-0.12321,-0.147079,6.875,0.010877,0.065649,0.089969
169,95.411728,999.359985,0.923892,0.912806,0.041667,0.0,0.402809,56350.0,0.231241,1.352138,0.108205,0.365004,-0.06562,0.668441,7.27016,-0.3,-0.003,-0.025,-0.05,-0.5,0.499884,-0.003242,-0.003988,-0.000152,-0.000427,-0.151821,-0.101227,-0.060633,0.759246,-0.105548,-0.095783,-0.122781,-0.087352,1.580849,0.141875,-0.141155,-0.104976,-0.15117,7.416667,0.012136,0.07174,0.077039
170,99.728622,999.400024,0.925502,0.919259,0.041667,0.0,0.401704,65089.0,0.23054,1.370573,0.117197,0.39334,-0.068603,0.722634,7.259556,-0.3,-0.003,-0.025,-0.05,-0.5,0.499848,-0.003254,-0.004821,-0.000208,-0.000449,-0.150948,-0.099766,-0.061101,0.788564,-0.106033,-0.09519,-0.123442,-0.092137,1.585833,0.140635,-0.140839,-0.078529,-0.109892,7.333333,0.012504,0.068791,0.0772
171,97.114861,993.909973,0.923324,0.909298,0.041667,0.0,0.400357,64526.0,0.230495,1.353607,0.120309,0.393183,-0.068597,0.725514,7.279241,-0.3,-0.003,-0.025,-0.05,-0.5,0.497889,-0.003225,-0.00481,-0.000278,-0.000451,-0.149504,-0.100389,-0.060214,0.790075,-0.106079,-0.094117,-0.121787,-0.092444,1.572498,0.140201,-0.139054,-0.137559,-0.137352,7.125,0.012216,0.070302,0.083194
172,97.349625,1000.0,0.924094,0.916084,0.0,0.0,0.398323,64903.0,0.232197,1.36808,0.123311,0.386846,-0.069849,0.718461,7.281682,-0.3,-0.003,-0.025,-0.05,-0.5,0.500007,-0.003154,-0.004287,0.0,-0.000436,-0.149286,-0.099477,-0.060126,0.788256,-0.105768,-0.09698,-0.121394,-0.089271,1.571614,0.141097,-0.139396,-0.104064,-0.133796,6.708333,0.012362,0.075896,0.079818
173,98.568855,1000.0,0.918439,0.917929,0.0,0.0,0.396774,64790.0,0.233579,1.356955,0.122186,0.395829,-0.070778,0.729953,7.290445,-0.3,-0.003,-0.025,-0.05,-0.5,0.500007,-0.003189,-0.00409,0.0,-0.000456,-0.148622,-0.100067,-0.05997,0.794356,-0.105,-0.096716,-0.119705,-0.092623,1.573682,0.14176,-0.138701,-0.132598,-0.136148,6.25,0.012296,0.067595,0.086408
174,96.990387,1000.0,0.923198,0.9088,0.0,0.0,0.395644,57192.0,0.231195,1.340338,0.118576,0.376871,-0.065752,0.689668,7.286663,-0.3,-0.003,-0.025,-0.05,-0.5,0.500007,-0.003143,-0.005001,0.0,-0.000427,-0.147801,-0.098161,-0.059878,0.767666,-0.104803,-0.096806,-0.120102,-0.088194,1.585974,0.144716,-0.137572,-0.119326,-0.158218,5.5,0.011892,0.075411,0.079628
175,98.289825,995.700012,0.914577,0.903892,0.041667,0.0,0.393248,60484.0,0.227622,1.340297,0.117436,0.381666,-0.06814,0.700781,7.287175,-0.3,-0.003,-0.025,-0.05,-0.5,0.495517,-0.003172,-0.003727,-0.000833,-0.000438,-0.145262,-0.098438,-0.059482,0.766706,-0.102255,-0.094402,-0.118302,-0.089943,1.573893,0.142483,-0.135861,-0.116087,-0.126966,4.708333,0.013267,0.078497,0.068535
176,98.520119,993.340027,0.920237,0.912204,0.083333,0.0,0.391779,62141.0,0.222919,1.318563,0.115687,0.372559,-0.06489,0.698832,7.296373,-0.3,-0.003,-0.025,-0.05,-0.5,0.49755,-0.003172,-0.003813,-0.0005,-0.00043,-0.142713,-0.095675,-0.058329,0.78278,-0.099591,-0.090129,-0.1182,-0.088573,1.593953,0.149055,-0.132908,-0.112299,-0.167301,4.666667,0.012518,0.07918,0.067194
177,99.378204,1000.0,0.920137,0.91175,0.0,0.0,0.390234,62472.0,0.228448,1.339966,0.114652,0.375738,-0.063908,0.688541,7.303318,-0.3,-0.003,-0.025,-0.05,-0.5,0.500007,-0.003172,-0.005442,0.0,-0.000419,-0.143488,-0.096543,-0.059401,0.768655,-0.100366,-0.093247,-0.115718,-0.08657,1.592964,0.149117,-0.134452,-0.066763,-0.10364,4.625,0.011022,0.068138,0.073269
178,97.867058,991.27002,0.92369,0.913736,0.041667,0.0,0.388663,61743.0,0.225238,1.317786,0.113099,0.347243,-0.060536,0.646145,7.286386,-0.3,-0.003,-0.025,-0.05,-0.5,0.496365,-0.003087,-0.004173,-0.000333,-0.000385,-0.141824,-0.094298,-0.057927,0.751031,-0.099945,-0.093598,-0.113768,-0.079535,1.586572,0.149097,-0.131906,-0.065025,-0.108826,3.916667,0.011233,0.077344,0.090484
179,99.096878,1000.0,0.920307,0.91632,0.0,0.0,0.387745,62125.0,0.23306,1.348712,0.125528,0.40327,-0.070394,0.735053,7.319889,-0.3,-0.003,-0.025,-0.05,-0.5,0.500007,-0.003137,-0.004704,0.0,-0.000439,-0.143219,-0.100062,-0.060294,0.789411,-0.103583,-0.096793,-0.117529,-0.091065,1.57099,0.145375,-0.135125,-0.113197,-0.168752,4.208333,0.010797,0.063789,0.083153
180,100.078751,1000.0,0.918561,0.920042,0.0,0.0,0.386452,53922.0,0.227098,1.33197,0.128706,0.392373,-0.06782,0.719148,7.30059,-0.3,-0.003,-0.025,-0.05,-0.5,0.500007,-0.003098,-0.003697,0.0,-0.000443,-0.140801,-0.093953,-0.057514,0.791185,-0.098563,-0.09485,-0.109871,-0.091465,1.594714,0.151397,-0.131854,-0.080978,-0.114983,4.333333,0.012279,0.062153,0.074734
181,97.127319,1000.0,0.925979,0.913185,0.0,0.0,0.385005,64621.0,0.224501,1.314783,0.117279,0.383632,-0.06594,0.702733,7.324173,-0.3,-0.003,-0.025,-0.05,-0.5,0.500007,-0.003148,-0.004616,0.0,-0.000422,-0.139374,-0.094784,-0.058524,0.769672,-0.100172,-0.09106,-0.114928,-0.086893,1.59725,0.151516,-0.131094,-0.1339,-0.198383,3.5,0.011036,0.064811,0.078052
182,98.650581,989.049988,0.905395,0.89889,0.041667,0.041667,0.383928,61647.0,0.218755,1.294516,0.118532,0.377814,-0.063028,0.702791,7.297359,-0.3,-0.003,-0.025,-0.05,-0.5,0.489889,-0.003104,-0.005141,-0.001071,-0.000418,-0.13567,-0.092164,-0.057281,0.769551,-0.094917,-0.088733,-0.111172,-0.086939,1.575238,0.152444,-0.127042,-0.110127,-0.106546,4.25,0.01236,0.068116,0.088727
183,98.882042,1000.0,0.924371,0.917718,0.0,0.0,0.382675,61824.0,0.223392,1.343287,0.126159,0.381076,-0.065958,0.704435,7.295923,-0.3,-0.003,-0.025,-0.05,-0.5,0.500007,-0.003089,-0.004368,0.0,-0.000428,-0.138186,-0.092956,-0.057257,0.78487,-0.098328,-0.09113,-0.110529,-0.088935,1.59794,0.151544,-0.129288,-0.104611,-0.155234,3.75,0.01286,0.060583,0.089095
184,98.215118,1000.0,0.928979,0.917355,0.0,0.0,0.38137,61542.0,0.223626,1.326396,0.122566,0.383956,-0.065513,0.708751,7.318241,-0.3,-0.003,-0.025,-0.05,-0.5,0.500007,-0.003115,-0.00425,0.0,-0.000432,-0.137811,-0.093795,-0.057419,0.785011,-0.096181,-0.090018,-0.111133,-0.089265,1.606964,0.153886,-0.129108,-0.153446,-0.166197,4.041667,0.010156,0.063935,0.070619
185,98.31031,990.969971,0.928146,0.909299,0.041667,0.0,0.380379,57580.0,0.221826,1.317826,0.131795,0.370068,-0.066118,0.687787,7.298203,-0.3,-0.003,-0.025,-0.05,-0.5,0.496868,-0.003031,-0.004268,-0.000278,-0.000404,-0.136504,-0.090839,-0.05449,0.778135,-0.095666,-0.092264,-0.111493,-0.085565,1.592503,0.155693,-0.127133,-0.139127,-0.134032,3.166667,0.010088,0.067699,0.078492
186,100.253372,999.789978,0.930425,0.914359,0.043478,0.0,0.379444,57296.0,0.22004,1.316588,0.126785,0.39479,-0.069398,0.72777,7.297178,-0.3,-0.003,-0.025,-0.05,-0.5,0.499887,-0.003148,-0.004339,-0.000435,-0.000433,-0.136088,-0.095097,-0.057545,0.782014,-0.09705,-0.088273,-0.114209,-0.090396,1.607278,0.155531,-0.12855,-0.062671,-0.115234,3.391304,0.01203,0.079651,0.078984
187,99.598206,994.77002,0.919495,0.917422,0.041667,0.0,0.377835,66836.0,0.222563,1.301598,0.129062,0.382095,-0.066291,0.700301,7.293047,-0.3,-0.003,-0.025,-0.05,-0.5,0.497823,-0.003081,-0.003933,-0.000333,-0.000407,-0.134103,-0.093441,-0.056633,0.760907,-0.096304,-0.092326,-0.111038,-0.084396,1.586336,0.154377,-0.125857,-0.098727,-0.112464,3.458333,0.010156,0.056847,0.072316
188,100.266006,994.77002,0.927024,0.909933,0.0,0.0,0.376354,67857.0,0.21985,1.301077,0.124136,0.385963,-0.065147,0.711322,7.310474,-0.3,-0.003,-0.025,-0.05,-0.5,0.500007,-0.003073,-0.005111,0.0,-0.000431,-0.133925,-0.091401,-0.056364,0.784262,-0.09368,-0.091111,-0.107763,-0.0895,1.623118,0.160184,-0.125258,-0.155282,-0.140848,3.26087,0.010134,0.07465,0.088067
189,99.027588,994.23999,0.917207,0.902016,0.043478,0.0,0.37497,65452.0,0.222212,1.332747,0.129111,0.391531,-0.065025,0.725356,7.283837,-0.3,-0.003,-0.025,-0.05,-0.5,0.495825,-0.003064,-0.006597,-0.00058,-0.000424,-0.132291,-0.090307,-0.055951,0.783207,-0.093965,-0.090166,-0.105879,-0.087337,1.57904,0.154127,-0.124492,-0.144883,-0.161477,4.043478,0.01052,0.078206,0.092856
190,98.696472,990.859985,0.91293,0.907927,0.043478,0.0,0.373917,68341.0,0.219415,1.287256,0.132861,0.38963,-0.066777,0.717257,7.28597,-0.3,-0.003,-0.025,-0.05,-0.5,0.496028,-0.003043,-0.004092,-0.000348,-0.000416,-0.132268,-0.09189,-0.055815,0.777035,-0.094943,-0.090997,-0.107254,-0.086732,1.599416,0.156714,-0.124223,-0.117728,-0.174053,4.26087,0.009587,0.058812,0.079488
191,99.96537,1000.0,0.922,0.912548,0.0,0.0,0.372268,67686.0,0.221322,1.304976,0.114778,0.392886,-0.063963,0.702811,7.290578,-0.3,-0.003,-0.025,-0.05,-0.5,0.500007,-0.003167,-0.004554,0.0,-0.000428,-0.13159,-0.093302,-0.058326,0.756875,-0.093747,-0.085662,-0.112075,-0.088987,1.611617,0.160272,-0.125472,-0.082549,-0.152714,3.416667,0.008657,0.05954,0.07589
192,102.601906,1000.0,0.923896,0.913506,0.0,0.0,0.371434,60464.0,0.221175,1.326016,0.140062,0.407542,-0.067909,0.749542,7.281465,-0.3,-0.003,-0.025,-0.05,-0.5,0.500007,-0.003044,-0.004602,0.0,-0.00043,-0.131521,-0.091948,-0.055917,0.797353,-0.093169,-0.09088,-0.106311,-0.088178,1.601726,0.159147,-0.124341,-0.044502,-0.090135,3.714286,0.011026,0.067827,0.087793
193,100.992996,998.630005,0.906761,0.89664,0.043478,0.0,0.370127,69211.0,0.222696,1.286501,0.131029,0.383283,-0.065973,0.696579,7.321886,-0.3,-0.003,-0.025,-0.05,-0.5,0.499632,-0.002999,-0.005656,-0.000217,-0.000411,-0.130535,-0.09137,-0.0558,0.767988,-0.0921,-0.091706,-0.105611,-0.087135,1.603795,0.164923,-0.122842,-0.079845,-0.099212,3.956522,0.01424,0.106344,0.075487
194,101.365746,993.590027,0.91957,0.911583,0.043478,0.0,0.368272,67701.0,0.21861,1.282359,0.139839,0.376477,-0.063609,0.699598,7.306867,-0.3,-0.003,-0.025,-0.05,-0.5,0.495354,-0.002955,-0.00347,-0.00058,-0.000397,-0.129026,-0.088208,-0.052618,0.779265,-0.091875,-0.09099,-0.102202,-0.08317,1.597307,0.160635,-0.120286,-0.086119,-0.102849,4.26087,0.013244,0.063993,0.078549
195,100.781723,1000.0,0.921225,0.922155,0.0,0.0,0.36666,64183.0,0.220759,1.297772,0.13378,0.396056,-0.066401,0.731377,7.278857,-0.3,-0.003,-0.025,-0.05,-0.5,0.500007,-0.003008,-0.003837,0.0,-0.000416,-0.129895,-0.093504,-0.056723,0.788589,-0.092728,-0.091247,-0.101843,-0.086328,1.612363,0.161651,-0.122695,-0.114056,-0.181619,3.958333,0.009594,0.068196,0.069051
196,100.978485,1000.0,0.93178,0.919832,0.0,0.0,0.365622,64320.0,0.214384,1.281202,0.128195,0.390031,-0.064048,0.723031,7.274814,-0.3,-0.003,-0.025,-0.05,-0.5,0.500007,-0.003092,-0.004153,0.0,-0.000417,-0.127723,-0.090077,-0.054964,0.787055,-0.0905,-0.086348,-0.104608,-0.087594,1.632383,0.167189,-0.120715,-0.147763,-0.144158,4.416667,0.009432,0.056254,0.070015
197,103.073433,1000.0,0.928871,0.919385,0.0,0.0,0.363831,67304.0,0.2182,1.326488,0.139988,0.37617,-0.065699,0.69314,7.260223,-0.3,-0.003,-0.025,-0.05,-0.5,0.500007,-0.002934,-0.004367,0.0,-0.000411,-0.128869,-0.088237,-0.054932,0.790871,-0.092865,-0.090393,-0.101968,-0.086245,1.631168,0.158305,-0.120989,-0.055803,-0.081321,3.625,0.011698,0.065002,0.072237
198,102.358147,999.599976,0.929907,0.914856,0.041667,0.0,0.362371,57047.0,0.215595,1.301886,0.130033,0.405519,-0.066179,0.743073,7.288399,-0.3,-0.003,-0.025,-0.05,-0.5,0.499793,-0.003124,-0.004375,-0.000417,-0.000424,-0.12702,-0.092179,-0.055414,0.791704,-0.091331,-0.085803,-0.107517,-0.088278,1.618578,0.162691,-0.120557,-0.108988,-0.160508,4.25,0.010858,0.073938,0.088562
199,101.609245,986.349976,0.909768,0.904684,0.083333,0.0,0.361514,66892.0,0.221697,1.27808,0.13464,0.409632,-0.066273,0.731499,7.282806,-0.3,-0.003,-0.025,-0.05,-0.5,0.493406,-0.003027,-0.005331,-0.00075,-0.000424,-0.125058,-0.091786,-0.05682,0.773186,-0.091738,-0.090406,-0.104008,-0.089043,1.569226,0.159305,-0.119397,-0.068007,-0.113403,4.541667,0.011483,0.082542,0.095313
200,101.401375,997.080017,0.924017,0.911899,0.041667,0.0,0.359916,62515.0,0.215934,1.262772,0.131428,0.387337,-0.063577,0.706519,7.280636,-0.3,-0.003,-0.025,-0.05,-0.5,0.498786,-0.003008,-0.00427,-0.000333,-0.000395,-0.125466,-0.089712,-0.054692,0.767969,-0.089983,-0.088071,-0.104388,-0.083141,1.617671,0.168762,-0.118659,-0.075049,-0.119989,5.375,0.012369,0.07803,0.078376
201,102.160431,1000.0,0.925957,0.920265,0.0,0.0,0.358543,62131.0,0.217266,1.254243,0.132753,0.379753,-0.062072,0.696216,7.294885,-0.3,-0.003,-0.025,-0.05,-0.5,0.500007,-0.002965,-0.004212,0.0,-0.000384,-0.124684,-0.087212,-0.05417,0.767214,-0.088072,-0.089067,-0.09921,-0.080379,1.617425,0.173505,-0.117759,-0.085764,-0.134356,4.458333,0.01241,0.061296,0.080732
202,100.474731,983.48999,0.899761,0.89243,0.086957,0.0,0.356561,65161.0,0.215239,1.222803,0.128454,0.368622,-0.060692,0.680314,7.274712,-0.3,-0.003,-0.025,-0.05,-0.5,0.48787,-0.002938,-0.004398,-0.001217,-0.000394,-0.120988,-0.083864,-0.052298,0.751842,-0.085889,-0.082504,-0.096806,-0.084331,1.569345,0.167657,-0.11384,-0.067025,-0.104288,4.304348,0.014167,0.093254,0.07945
203,99.578682,983.48999,0.924556,0.914894,0.0,0.0,0.354947,64368.0,0.216582,1.23744,0.142356,0.402892,-0.066067,0.73974,7.282064,-0.3,-0.003,-0.025,-0.05,-0.5,0.500007,-0.002954,-0.003917,0.0,-0.00042,-0.122284,-0.085498,-0.053297,0.798086,-0.08673,-0.087982,-0.099392,-0.087244,1.626963,0.175449,-0.115765,-0.136976,-0.177949,3.75,0.011031,0.062017,0.093883
204,103.087524,1000.0,0.933671,0.925044,0.0,0.0,0.353148,53425.0,0.213514,1.249947,0.140728,0.393946,-0.064651,0.717151,7.293182,-0.3,-0.003,-0.025,-0.05,-0.5,0.500007,-0.002985,-0.004225,0.0,-0.000401,-0.123394,-0.087624,-0.053171,0.778483,-0.088152,-0.086107,-0.099897,-0.08386,1.637653,0.17279,-0.116635,-0.085144,-0.127195,4.478261,0.010676,0.067857,0.072709
205,101.923416,993.289978,0.919637,0.913256,0.041667,0.0,0.351531,61829.0,0.214762,1.247212,0.134829,0.410565,-0.065878,0.749075,7.292183,-0.3,-0.003,-0.025,-0.05,-0.5,0.497207,-0.003038,-0.004976,-0.000333,-0.00042,-0.121601,-0.089368,-0.054171,0.78593,-0.0877,-0.085657,-0.100568,-0.086996,1.608865,0.171641,-0.116121,-0.101448,-0.154577,4.291667,0.01276,0.073292,0.087025
206,103.229874,988.950012,0.922526,0.916526,0.045455,0.0,0.349265,66753.0,0.217163,1.275481,0.145214,0.398686,-0.064727,0.719522,7.294046,-0.3,-0.003,-0.025,-0.05,-0.5,0.496711,-0.002901,-0.004233,-0.000606,-0.000395,-0.120941,-0.086816,-0.05322,0.779517,-0.087517,-0.08851,-0.097884,-0.082845,1.60237,0.169564,-0.114923,-0.072187,-0.076633,3.772727,0.009685,0.074514,0.069958
207,104.506058,1000.0,0.927401,0.919755,0.0,0.0,0.348596,63561.0,0.209411,1.262557,0.136201,0.391193,-0.061462,0.733207,7.317019,-0.3,-0.003,-0.025,-0.05,-0.5,0.500007,-0.002988,-0.004579,0.0,-0.000411,-0.120138,-0.083512,-0.053317,0.795731,-0.084666,-0.084037,-0.098778,-0.086652,1.649221,0.176248,-0.113469,-0.086671,-0.111973,4.083333,0.011774,0.070794,0.072886
208,103.762993,998.440002,0.931068,0.915627,0.0,0.041667,0.347858,64417.0,0.210077,1.258783,0.135489,0.371095,-0.059461,0.683413,7.291183,-0.3,-0.003,-0.025,-0.05,-0.5,0.499189,-0.002903,-0.003925,-0.000417,-0.000371,-0.119666,-0.084025,-0.051782,0.766855,-0.086196,-0.085775,-0.094467,-0.076891,1.633611,0.17453,-0.112811,-0.081469,-0.108434,4.291667,0.011479,0.068637,0.084785
209,104.4972,1000.0,0.924204,0.917201,0.0,0.0,0.346921,63613.0,0.210092,1.238214,0.13344,0.395334,-0.063164,0.727882,7.286851,-0.3,-0.003,-0.025,-0.05,-0.5,0.500007,-0.002994,-0.004019,0.0,-0.000403,-0.119448,-0.086545,-0.053227,0.775511,-0.085353,-0.08542,-0.098716,-0.083688,1.641744,0.177557,-0.113667,-0.050901,-0.102454,6.0,0.012088,0.067251,0.076974
210,104.956169,1000.0,0.925865,0.920705,0.0,0.0,0.346281,49716.0,0.210843,1.229469,0.13745,0.388904,-0.061809,0.71553,7.315886,-0.3,-0.003,-0.025,-0.05,-0.5,0.500007,-0.002929,-0.003538,0.0,-0.000393,-0.118707,-0.085625,-0.053709,0.775979,-0.085347,-0.086551,-0.095306,-0.082033,1.641644,0.179497,-0.112727,-0.055621,-0.113485,6.958333,0.011423,0.065799,0.081305
211,102.86779,1000.0,0.92874,0.921796,0.0,0.0,0.345129,66469.0,0.209958,1.235541,0.134012,0.381408,-0.061034,0.694951,7.282274,-0.3,-0.003,-0.025,-0.05,-0.5,0.500007,-0.002964,-0.003588,0.0,-0.000387,-0.117725,-0.085971,-0.053371,0.772888,-0.084267,-0.084863,-0.096038,-0.080011,1.647802,0.179561,-0.112026,-0.074532,-0.114251,7.958333,0.011595,0.065916,0.072946
212,103.321442,992.75,0.923221,0.919789,0.083333,0.0,0.34388,65904.0,0.209922,1.203513,0.143063,0.401126,-0.063138,0.734941,7.310224,-0.3,-0.003,-0.025,-0.05,-0.5,0.497607,-0.002932,-0.004219,-0.000444,-0.000405,-0.115869,-0.083985,-0.052723,0.793898,-0.082928,-0.084879,-0.094632,-0.084627,1.623183,0.183126,-0.110548,-0.096707,-0.138172,6.75,0.010541,0.07197,0.07975
213,102.847954,988.97998,0.920428,0.91874,0.083333,0.0,0.342183,65344.0,0.208187,1.207091,0.136906,0.387109,-0.061306,0.716045,7.302257,-0.3,-0.003,-0.025,-0.05,-0.5,0.49661,-0.002932,-0.004032,-0.000463,-0.000393,-0.115079,-0.08316,-0.052407,0.780123,-0.082659,-0.082963,-0.093991,-0.081226,1.631327,0.182146,-0.109412,-0.080138,-0.112051,6.916667,0.012955,0.072435,0.085209
214,107.539055,1000.0,0.926939,0.925737,0.0,0.0,0.3397,67916.0,0.208654,1.212435,0.151468,0.401808,-0.063907,0.753669,7.330897,-0.3,-0.003,-0.025,-0.05,-0.5,0.500007,-0.002882,-0.003891,0.0,-0.000403,-0.115267,-0.082353,-0.051801,0.805794,-0.083252,-0.083832,-0.092786,-0.083578,1.645652,0.183586,-0.109646,-0.067595,-0.109291,6.708333,0.011011,0.061165,0.068237
215,105.355873,1000.0,0.924308,0.918281,0.0,0.0,0.338217,67858.0,0.209812,1.22922,0.140361,0.389599,-0.061562,0.72786,7.309501,-0.3,-0.003,-0.025,-0.05,-0.5,0.500007,-0.002898,-0.00452,0.0,-0.000394,-0.114824,-0.082958,-0.053387,0.784788,-0.082323,-0.084812,-0.093462,-0.082027,1.649248,0.183654,-0.109675,-0.088262,-0.12938,6.0,0.01113,0.064674,0.080538
216,106.456207,1000.0,0.927995,0.918647,0.0,0.0,0.337476,56315.0,0.206608,1.210731,0.140211,0.392634,-0.062364,0.735127,7.319786,-0.3,-0.003,-0.025,-0.05,-0.5,0.500007,-0.002887,-0.003691,0.0,-0.000404,-0.114541,-0.082965,-0.053267,0.794387,-0.082424,-0.083779,-0.093364,-0.082855,1.655033,0.185596,-0.109259,-0.062791,-0.097103,4.916667,0.010606,0.070955,0.083304
217,105.633575,1000.0,0.926148,0.924504,0.0,0.0,0.336596,64855.0,0.207636,1.210989,0.137428,0.373281,-0.059216,0.691537,7.328521,-0.3,-0.003,-0.025,-0.05,-0.5,0.500007,-0.002855,-0.003304,0.0,-0.000379,-0.113449,-0.080867,-0.051967,0.770883,-0.080142,-0.084392,-0.08846,-0.078808,1.657389,0.188699,-0.107834,-0.03873,-0.08507,4.708333,0.011426,0.057724,0.072556
218,104.832207,1000.0,0.928178,0.921926,0.0,0.0,0.335736,65005.0,0.205811,1.197631,0.138658,0.387531,-0.059816,0.71002,7.333082,-0.3,-0.003,-0.025,-0.05,-0.5,0.500007,-0.002892,-0.003667,0.0,-0.000384,-0.113132,-0.082664,-0.052356,0.77432,-0.081224,-0.083727,-0.088518,-0.078655,1.657546,0.188462,-0.108174,-0.079434,-0.12854,4.666667,0.011302,0.05906,0.07194
219,106.384209,1000.0,0.928107,0.919709,0.0,0.0,0.334428,67169.0,0.206813,1.203089,0.141619,0.383671,-0.060852,0.709118,7.342065,-0.3,-0.003,-0.025,-0.05,-0.5,0.500007,-0.002851,-0.004482,0.0,-0.000379,-0.111495,-0.080953,-0.05134,0.777409,-0.078811,-0.083637,-0.087728,-0.078568,1.644845,0.191678,-0.10676,-0.053614,-0.074688,4.458333,0.010607,0.080681,0.075943
220,105.283791,1000.0,0.920135,0.919477,0.0,0.0,0.332859,68122.0,0.206061,1.217318,0.131801,0.39079,-0.059468,0.714002,7.322971,-0.3,-0.003,-0.025,-0.05,-0.5,0.500007,-0.002965,-0.00408,0.0,-0.000395,-0.111645,-0.083255,-0.052791,0.773401,-0.080711,-0.083364,-0.093179,-0.082716,1.659079,0.188185,-0.106932,-0.081431,-0.115689,4.208333,0.012774,0.065915,0.087519
221,105.523392,1000.0,0.925925,0.915447,0.0,0.0,0.332404,68201.0,0.203016,1.212227,0.133879,0.384546,-0.058358,0.703895,7.332397,-0.3,-0.003,-0.025,-0.05,-0.5,0.500007,-0.002916,-0.004078,0.0,-0.000388,-0.110966,-0.080702,-0.052068,0.778891,-0.080574,-0.079867,-0.091919,-0.081238,1.662505,0.187984,-0.105926,-0.068254,-0.092324,4.25,0.010599,0.064962,0.089308
222,104.713203,995.23999,0.923501,0.916304,0.043478,0.0,0.331086,57872.0,0.204973,1.221011,0.140773,0.391556,-0.059933,0.716718,7.335315,-0.3,-0.003,-0.025,-0.05,-0.5,0.497933,-0.00283,-0.004136,-0.000348,-0.000382,-0.10971,-0.079613,-0.051077,0.773436,-0.079423,-0.082489,-0.088566,-0.079245,1.642252,0.188395,-0.105103,-0.084016,-0.127469,3.782609,0.012254,0.081625,0.081878
223,105.428802,1000.0,0.924613,0.91961,0.0,0.0,0.329789,68801.0,0.205498,1.182613,0.146348,0.390922,-0.061477,0.730679,7.315833,-0.3,-0.003,-0.025,-0.05,-0.5,0.500007,-0.00283,-0.00432,0.0,-0.000388,-0.110167,-0.080618,-0.050993,0.793892,-0.080187,-0.083887,-0.090691,-0.080539,1.655475,0.189991,-0.105005,-0.09866,-0.114716,4.086957,0.011863,0.066571,0.066762
224,105.981209,994.150024,0.921119,0.917153,0.041667,0.0,0.329151,65373.0,0.205099,1.214131,0.143954,0.411566,-0.064115,0.756123,7.296539,-0.3,-0.003,-0.025,-0.05,-0.5,0.495937,-0.002907,-0.005051,-0.000556,-0.000413,-0.108006,-0.082427,-0.05188,0.792604,-0.079293,-0.083346,-0.091675,-0.08578,1.629906,0.187297,-0.104375,-0.070299,-0.109647,4.0,0.011972,0.063376,0.089059
225,104.99115,994.150024,0.92704,0.92075,0.0,0.0,0.328125,62918.0,0.201913,1.198102,0.137721,0.363145,-0.056225,0.680205,7.300638,-0.3,-0.003,-0.025,-0.05,-0.5,0.500007,-0.002804,-0.003552,0.0,-0.000358,-0.108045,-0.078494,-0.050969,0.761898,-0.077242,-0.08273,-0.085577,-0.074699,1.673961,0.196823,-0.102715,-0.084151,-0.097288,3.583333,0.010648,0.072923,0.071528
226,107.772011,1000.0,0.928399,0.923046,0.0,0.0,0.327181,64528.0,0.20458,1.202955,0.147595,0.403892,-0.060875,0.733319,7.324117,-0.3,-0.003,-0.025,-0.05,-0.5,0.500007,-0.00288,-0.004381,0.0,-0.000379,-0.10743,-0.079511,-0.050527,0.791393,-0.078214,-0.081032,-0.088201,-0.080792,1.650543,0.193304,-0.103532,-0.047193,-0.082845,3.916667,0.011979,0.065791,0.077993
227,107.768059,1000.0,0.924537,0.926001,0.0,0.0,0.326346,64272.0,0.204826,1.170098,0.147618,0.3954,-0.060299,0.724583,7.320545,-0.3,-0.003,-0.025,-0.05,-0.5,0.500007,-0.002828,-0.003826,0.0,-0.000367,-0.106855,-0.080956,-0.050972,0.772941,-0.078,-0.081905,-0.086811,-0.075762,1.652933,0.196153,-0.103045,-0.071195,-0.11,3.208333,0.012044,0.062065,0.067728
228,106.372963,998.48999,0.934403,0.916337,0.045455,0.0,0.32479,55840.0,0.197011,1.138255,0.138881,0.365774,-0.055875,0.685319,7.304309,-0.3,-0.003,-0.025,-0.05,-0.5,0.498855,-0.002852,-0.003415,-0.000606,-0.000366,-0.104924,-0.07557,-0.04771,0.76724,-0.075054,-0.077305,-0.084486,-0.077366,1.679179,0.205927,-0.099569,-0.055782,-0.13082,3.590909,0.00995,0.07202,0.088499
229,107.36718,998.48999,0.935049,0.92587,0.0,0.0,0.324008,62348.0,0.199177,1.169791,0.1425,0.37997,-0.057589,0.711648,7.330585,-0.3,-0.003,-0.025,-0.05,-0.5,0.500007,-0.002803,-0.00379,0.0,-0.000374,-0.104916,-0.074221,-0.049291,0.782777,-0.07487,-0.080426,-0.083532,-0.077984,1.679919,0.202082,-0.100572,-0.063577,-0.096006,3.666667,0.010046,0.067283,0.067848
230,107.020515,1000.0,0.930112,0.916997,0.0,0.0,0.32355,63569.0,0.197902,1.185633,0.133369,0.392258,-0.058417,0.723108,7.311441,-0.3,-0.003,-0.025,-0.05,-0.5,0.500007,-0.002915,-0.00427,0.0,-0.000385,-0.104139,-0.078925,-0.050909,0.770946,-0.075464,-0.076282,-0.087445,-0.079454,1.677233,0.199987,-0.101007,-0.06082,-0.101576,3.652174,0.011769,0.07171,0.088969
231,107.99884,1000.0,0.925539,0.924589,0.0,0.0,0.321989,65611.0,0.196388,1.204612,0.140279,0.400812,-0.059208,0.734144,7.286804,-0.3,-0.003,-0.025,-0.05,-0.5,0.500007,-0.002906,-0.003481,0.0,-0.000385,-0.103251,-0.077094,-0.050301,0.778208,-0.074137,-0.075204,-0.087433,-0.081092,1.680813,0.200118,-0.099899,-0.048802,-0.078377,3.565217,0.009785,0.07571,0.07992
232,107.593788,1000.0,0.928075,0.919563,0.0,0.0,0.321061,66086.0,0.20008,1.150473,0.150913,0.398767,-0.059695,0.731401,7.277731,-0.3,-0.003,-0.025,-0.05,-0.5,0.500007,-0.002771,-0.005191,0.0,-0.00037,-0.102844,-0.076676,-0.049276,0.77992,-0.076096,-0.081532,-0.084323,-0.076786,1.67169,0.204635,-0.098898,-0.079894,-0.117268,4.043478,0.011063,0.063148,0.080244
233,107.934151,1000.0,0.927862,0.926448,0.0,0.0,0.320146,64257.0,0.191718,1.129554,0.134204,0.384797,-0.056741,0.73005,7.313568,-0.3,-0.003,-0.025,-0.05,-0.5,0.500007,-0.002905,-0.004065,0.0,-0.000381,-0.101764,-0.076373,-0.050172,0.7771,-0.072851,-0.073775,-0.084237,-0.078887,1.698139,0.212466,-0.098273,-0.080293,-0.164633,3.916667,0.012184,0.060344,0.062543
234,107.804382,1000.0,0.932324,0.926328,0.0,0.0,0.31881,61616.0,0.197259,1.180242,0.148862,0.368763,-0.057337,0.695247,7.277218,-0.3,-0.003,-0.025,-0.05,-0.5,0.500007,-0.002706,-0.003235,0.0,-0.00036,-0.101623,-0.074308,-0.048803,0.77454,-0.07398,-0.080566,-0.080003,-0.075025,1.680641,0.20462,-0.09708,-0.066937,-0.100227,3.619048,0.011076,0.055351,0.064629
235,108.469505,1000.0,0.927707,0.923765,0.0,0.0,0.317721,58309.0,0.196767,1.168338,0.142806,0.393787,-0.057818,0.727332,7.300186,-0.3,-0.003,-0.025,-0.05,-0.5,0.500007,-0.002816,-0.003715,0.0,-0.000372,-0.101266,-0.076704,-0.05003,0.781995,-0.074445,-0.078323,-0.082433,-0.075947,1.676771,0.204724,-0.098186,-0.066932,-0.088965,4.0,0.009066,0.068722,0.082905
236,108.633545,986.830017,0.925301,0.920139,0.043478,0.043478,0.316521,69672.0,0.193377,1.148104,0.140821,0.396099,-0.058025,0.728278,7.27856,-0.3,-0.003,-0.025,-0.05,-0.5,0.495887,-0.002835,-0.004442,-0.000522,-0.000389,-0.099458,-0.076192,-0.050242,0.789781,-0.073019,-0.076264,-0.086221,-0.081114,1.674168,0.20533,-0.096426,-0.036606,-0.089669,4.521739,0.011877,0.064175,0.075376
237,108.838837,1000.0,0.93022,0.918682,0.0,0.0,0.31559,67952.0,0.197469,1.162223,0.152049,0.402619,-0.060013,0.741307,7.294461,-0.3,-0.003,-0.025,-0.05,-0.5,0.500007,-0.002776,-0.003967,0.0,-0.00037,-0.100704,-0.076236,-0.047947,0.790312,-0.073944,-0.080864,-0.08352,-0.077122,1.678041,0.205905,-0.097156,-0.062031,-0.122436,3.416667,0.010601,0.058863,0.070425
238,108.071289,1000.0,0.930918,0.926349,0.0,0.0,0.314614,66851.0,0.194774,1.153968,0.152011,0.404853,-0.05885,0.749365,7.28334,-0.3,-0.003,-0.025,-0.05,-0.5,0.500007,-0.002782,-0.004657,0.0,-0.000383,-0.099156,-0.075116,-0.048591,0.796638,-0.073134,-0.078204,-0.083021,-0.07928,1.684054,0.208371,-0.095826,-0.102468,-0.126047,4.666667,0.01203,0.06411,0.073471
239,108.34169,1000.0,0.930591,0.923938,0.0,0.0,0.313401,56629.0,0.194481,1.145482,0.142511,0.380795,-0.055359,0.705492,7.321537,-0.3,-0.003,-0.025,-0.05,-0.5,0.500007,-0.002781,-0.004581,0.0,-0.000359,-0.098635,-0.073349,-0.049258,0.766811,-0.073063,-0.078827,-0.081829,-0.075021,1.693075,0.210227,-0.095183,-0.056565,-0.119882,3.791667,0.011882,0.068226,0.077415
240,108.260017,1000.0,0.934362,0.925301,0.0,0.0,0.312034,66891.0,0.196528,1.157203,0.144762,0.397002,-0.058989,0.736094,7.290751,-0.3,-0.003,-0.025,-0.05,-0.5,0.500007,-0.002815,-0.00434,0.0,-0.000379,-0.098401,-0.076417,-0.049552,0.789402,-0.072432,-0.078681,-0.082786,-0.077885,1.681176,0.210336,-0.095764,-0.057522,-0.113798,4.375,0.01021,0.057834,0.080839
241,108.914803,1000.0,0.926944,0.927881,0.0,0.0,0.310989,66494.0,0.195705,1.128946,0.155323,0.406746,-0.059542,0.742447,7.320777,-0.3,-0.003,-0.025,-0.05,-0.5,0.500007,-0.002757,-0.003916,0.0,-0.000369,-0.098013,-0.076219,-0.049325,0.783777,-0.073619,-0.079091,-0.079451,-0.075484,1.682185,0.211943,-0.095461,-0.063284,-0.105405,4.833333,0.011005,0.057831,0.060035
242,108.186874,997.690002,0.919488,0.92575,0.041667,0.0,0.310241,67683.0,0.196357,1.130206,0.150541,0.41611,-0.060106,0.760388,7.266341,-0.3,-0.003,-0.025,-0.05,-0.5,0.498396,-0.002776,-0.004808,-0.000556,-0.000384,-0.09653,-0.076171,-0.050457,0.787123,-0.071911,-0.077555,-0.081506,-0.079064,1.67339,0.212709,-0.095056,-0.11111,-0.137116,5.0,0.010597,0.071892,0.087052
243,106.031509,1000.0,0.926887,0.925403,0.0,0.0,0.308637,68405.0,0.195127,1.117677,0.148068,0.388486,-0.056457,0.721065,7.239107,-0.3,-0.003,-0.025,-0.05,-0.5,0.500007,-0.002711,-0.004007,0.0,-0.000359,-0.096922,-0.074864,-0.049973,0.776892,-0.072123,-0.078564,-0.079139,-0.07366,1.685586,0.215787,-0.093991,-0.109647,-0.106221,4.583333,0.012786,0.059421,0.076422
244,105.864029,995.47998,0.922927,0.915271,0.043478,0.0,0.308212,67941.0,0.198129,1.124143,0.14819,0.393897,-0.056962,0.727747,7.282846,-0.3,-0.003,-0.025,-0.05,-0.5,0.498365,-0.002735,-0.00508,-0.00029,-0.000365,-0.096138,-0.075427,-0.049318,0.774904,-0.072306,-0.078291,-0.079728,-0.075315,1.664538,0.213072,-0.093436,-0.07736,-0.113469,3.956522,0.010538,0.059077,0.086041
245,108.950302,1000.0,0.926637,0.923648,0.0,0.0,0.307331,64592.0,0.195107,1.09716,0.155592,0.409485,-0.059002,0.73646,7.272499,-0.3,-0.003,-0.025,-0.05,-0.5,0.500007,-0.002732,-0.004618,0.0,-0.000362,-0.095975,-0.075068,-0.048339,0.775554,-0.071293,-0.07703,-0.078929,-0.074351,1.672125,0.220365,-0.094128,-0.059795,-0.113571,4.041667,0.011536,0.068445,0.070763
246,110.77816,1000.0,0.930052,0.929966,0.0,0.0,0.306665,54791.0,0.192074,1.116788,0.147685,0.394037,-0.05605,0.742711,7.269444,-0.3,-0.003,-0.025,-0.05,-0.5,0.500007,-0.002708,-0.004286,0.0,-0.000367,-0.094413,-0.072186,-0.048558,0.795092,-0.06971,-0.077146,-0.079525,-0.075613,1.695881,0.22028,-0.091713,-0.055106,-0.088025,4.521739,0.011172,0.063109,0.071735
247,109.82518,1000.0,0.931934,0.921952,0.0,0.0,0.305275,67365.0,0.192009,1.106462,0.148946,0.400813,-0.056194,0.731001,7.286432,-0.3,-0.003,-0.025,-0.05,-0.5,0.500007,-0.002751,-0.005177,0.0,-0.000363,-0.093392,-0.072221,-0.048054,0.777407,-0.069061,-0.076146,-0.07749,-0.075863,1.696661,0.22388,-0.09151,-0.07755,-0.108928,4.130435,0.009703,0.062684,0.085826
248,109.473686,997.070007,0.928319,0.9256,0.043478,0.0,0.305171,69239.0,0.188783,1.094384,0.137615,0.365282,-0.052014,0.682589,7.252924,-0.3,-0.003,-0.025,-0.05,-0.5,0.498728,-0.002711,-0.003623,-0.000348,-0.000338,-0.092987,-0.071798,-0.047869,0.755194,-0.067958,-0.076393,-0.074695,-0.06969,1.703362,0.225882,-0.090506,-0.039014,-0.08087,3.73913,0.011939,0.063639,0.073077
249,110.764618,1000.0,0.925296,0.927035,0.0,0.0,0.304411,66415.0,0.192581,1.129764,0.156825,0.405231,-0.056396,0.729636,7.294155,-0.3125,-0.003125,-0.026042,-0.052917,-0.529167,0.500007,-0.002722,-0.004216,0.0,-0.000359,-0.093081,-0.072003,-0.046658,0.77384,-0.069959,-0.076261,-0.076595,-0.074664,1.691013,0.217333,-0.090906,-0.03312,-0.061337,4.0,0.012118,0.067213,0.086287
250,109.598549,990.619995,0.917758,0.918678,0.041667,0.0,0.303594,62718.0,0.194847,1.099514,0.159238,0.393233,-0.056323,0.726384,7.27429,-0.6,-0.006,-0.05,-0.12,-1.2,0.497561,-0.002609,-0.004551,-0.000208,-0.000348,-0.092615,-0.072499,-0.04843,0.778659,-0.07049,-0.082212,-0.074445,-0.070964,1.678523,0.221501,-0.091244,-0.0603,-0.094864,4.958333,0.013315,0.064765,0.084741
251,108.941658,991.140015,0.920784,0.9202,0.041667,0.0,0.302432,61217.0,0.191123,1.089529,0.151851,0.385422,-0.055119,0.715609,7.27276,-0.6,-0.006,-0.05,-0.12,-1.2,0.495387,-0.002659,-0.004827,-0.000417,-0.000347,-0.091392,-0.070448,-0.048307,0.769883,-0.071448,-0.079338,-0.074921,-0.072294,1.670525,0.223426,-0.091735,-0.053506,-0.085832,6.541667,0.010393,0.062889,0.075456
252,110.472359,1000.0,0.927909,0.926224,0.0,0.0,0.301375,51404.0,0.191947,1.083105,0.156204,0.396995,-0.055639,0.734378,7.263477,-0.6,-0.006,-0.05,-0.12,-1.2,0.500007,-0.002685,-0.004184,0.0,-0.000357,-0.09136,-0.071038,-0.049958,0.787628,-0.072838,-0.080288,-0.074573,-0.0734,1.688679,0.227347,-0.094042,-0.06953,-0.087948,7.25,0.010845,0.062316,0.07909
253,110.868576,1000.0,0.927859,0.924202,0.0,0.0,0.30035,63368.0,0.189341,1.104464,0.154875,0.394824,-0.056841,0.727493,7.277493,-0.6,-0.006,-0.05,-0.12,-1.2,0.500007,-0.002698,-0.005164,0.0,-0.000354,-0.09071,-0.07069,-0.050027,0.783296,-0.074494,-0.081311,-0.076122,-0.073701,1.696613,0.226858,-0.095293,-0.054205,-0.08293,7.333333,0.011665,0.071746,0.078263
254,108.646713,1000.0,0.929378,0.932068,0.0,0.0,0.299479,64117.0,0.188838,1.087287,0.145818,0.381776,-0.052674,0.718223,7.27392,-0.6,-0.006,-0.05,-0.12,-1.2,0.500007,-0.002697,-0.003718,0.0,-0.000343,-0.090366,-0.0707,-0.052461,0.771939,-0.075531,-0.082161,-0.074005,-0.07075,1.699549,0.23134,-0.096876,-0.073248,-0.105685,6.666667,0.012212,0.062062,0.080998
255,110.704826,1000.0,0.935707,0.932221,0.0,0.0,0.298413,60204.0,0.186085,1.097576,0.149107,0.393971,-0.055113,0.730458,7.244428,-0.6,-0.006,-0.05,-0.12,-1.2,0.500007,-0.002717,-0.004301,0.0,-0.000351,-0.089723,-0.07056,-0.053146,0.780081,-0.077598,-0.082489,-0.074528,-0.072357,1.70858,0.229566,-0.098694,-0.065909,-0.093212,7.25,0.011209,0.064204,0.073341
256,109.615211,1000.0,0.92649,0.923519,0.083333,0.0,0.297059,61447.0,0.188336,1.082748,0.153399,0.402941,-0.05646,0.736681,7.256734,-0.6,-0.006,-0.05,-0.12,-1.2,0.497184,-0.002708,-0.004311,-0.000446,-0.000351,-0.08936,-0.071901,-0.05463,0.774507,-0.080846,-0.085687,-0.074486,-0.072559,1.684564,0.227067,-0.100676,-0.080466,-0.096508,6.5,0.010491,0.065047,0.077802
