iteration,reward,episode_length,tilt_penalty,tipped_over,collapsed,exploration,steps_per_second
0,-0.209026,21.120001,-0.001142,1.75,0.0,0.98485,48960.0
1,-0.252698,45.59,-0.006501,13.375,0.0,0.968252,25869.0
2,-0.169117,68.660004,-0.008674,16.541668,0.0,0.959188,26418.0
3,-0.000485,85.830002,-0.010324,15.291667,0.0,0.945893,36129.0
4,0.468009,108.779999,-0.011429,11.958334,0.0,0.93125,82477.0
5,0.497715,126.629997,-0.013133,12.333334,0.0,0.917702,80066.0
6,0.832292,147.100006,-0.014007,11.833334,0.0,0.90341,78013.0
7,1.080111,169.479996,-0.014127,9.166667,0.0,0.891342,83785.0
8,1.510231,183.5,-0.015221,9.25,0.0,0.878759,79305.0
9,1.807078,199.820007,-0.015632,8.333334,0.0,0.871135,75502.0
10,2.543353,218.169998,-0.016726,7.375,0.0,0.863796,76220.0
11,2.558464,239.570007,-0.017613,7.458333,0.0,0.85554,92248.0
12,3.242735,249.830002,-0.018861,7.625,0.0,0.847594,93824.0
13,4.15047,281.5,-0.019591,5.916667,0.0,0.839279,92351.0
14,4.531005,296.630005,-0.022119,5.958333,0.0,0.831603,89404.0
15,5.242748,329.559998,-0.0205,4.416667,0.0,0.82386,84641.0
16,6.031406,357.75,-0.022049,3.625,0.0,0.816521,91510.0
17,6.469584,359.040009,-0.023515,3.583333,0.0,0.808806,94663.0
18,7.109293,375.98999,-0.023186,2.625,0.0,0.801524,93754.0
19,7.99729,415.670013,-0.025757,2.833333,0.0,0.795436,90928.0
20,8.774602,448.450012,-0.024426,2.25,0.0,0.786646,84237.0
21,9.434605,468.299988,-0.026365,1.416667,0.0,0.779798,4995.0
22,11.100869,509.910004,-0.024613,1.208333,0.0,0.772301,93444.0
23,11.03567,511.019989,-0.026373,1.173913,0.0,0.766302,95279.0
24,12.005672,535.190002,-0.031034,1.25,0.0,0.760353,84818.0
25,13.179575,564.789978,-0.030313,1.0,0.0,0.755017,88304.0
26,14.071544,597.150024,-0.033216,0.956522,0.0,0.749384,91285.0
27,14.61591,623.47998,-0.030645,0.52381,0.0,0.743858,89725.0
28,16.648331,663.0,-0.024375,0.208333,0.0,0.738099,88567.0
29,16.832308,674.330017,-0.028348,0.5,0.0,0.732367,88321.0
30,18.37438,711.789978,-0.027879,0.086957,0.0,0.726458,90784.0
31,18.838015,714.789978,-0.031686,0.5,0.0,0.72061,83621.0
32,20.003727,762.320007,-0.036647,0.166667,0.0,0.715794,87249.0
33,21.08214,786.48999,-0.030729,0.166667,0.0,0.710967,88314.0
34,22.00058,816.669983,-0.027607,0.173913,0.0,0.705678,92315.0
35,22.72695,828.190002,-0.039981,0.217391,0.0,0.701209,81414.0
36,23.755545,860.809998,-0.035896,0.125,0.0,0.695765,89779.0
37,25.511909,896.700012,-0.030082,0.041667,0.0,0.690675,88464.0
38,25.985197,904.23999,-0.037897,0.181818,0.0,0.685572,90982.0
39,26.346592,932.039978,-0.03533,0.166667,0.0,0.680012,98888.0
40,27.662916,955.02002,-0.033549,0.083333,0.0,0.674234,98697.0
41,29.362165,994.98999,-0.033238,0.0,0.0,0.66871,98434.0
42,30.523598,1000.0,-0.036333,0.0,0.0,0.663436,98642.0
43,31.337385,1000.0,-0.032979,0.0,0.0,0.658254,98416.0
44,31.997658,1000.0,-0.032316,0.0,0.0,0.652758,95691.0
45,33.096416,1000.0,-0.032855,0.083333,0.0,0.648672,92388.0
46,33.530907,994.960022,-0.032069,0.041667,0.0,0.644547,88947.0
47,34.229515,995.969971,-0.030496,0.041667,0.0,0.64041,89941.0
48,35.298405,1000.0,-0.03047,0.125,0.0,0.635509,97968.0
49,36.229008,1000.0,-0.032208,0.041667,0.0,0.630484,98347.0
50,36.571907,995.390015,-0.028867,0.041667,0.0,0.625844,92233.0
51,36.630653,992.72998,-0.030806,0.041667,0.0,0.620923,90626.0
52,38.252361,1000.0,-0.030424,0.0,0.0,0.617235,93051.0
53,38.236259,1000.0,-0.034846,0.041667,0.0,0.61314,91883.0
54,38.878593,1000.0,-0.028831,0.083333,0.0,0.608679,92610.0
55,39.446064,992.0,-0.027824,0.041667,0.0,0.605456,91951.0
56,40.084698,1000.0,-0.029875,0.041667,0.0,0.601258,8220.0
57,40.212299,1000.0,-0.029924,0.0,0.0,0.596734,39198.0
58,40.814266,993.950012,-0.030431,0.041667,0.0,0.59343,85566.0
59,41.333229,1000.0,-0.029254,0.0,0.0,0.588091,86742.0
60,41.697472,992.719971,-0.027765,0.043478,0.0,0.583737,84097.0
61,42.509171,1000.0,-0.026045,0.0,0.0,0.580713,97906.0
62,42.775902,1000.0,-0.026849,0.0,0.0,0.575898,96782.0
63,42.917747,1000.0,-0.026113,0.0,0.0,0.573042,94363.0
64,43.51907,1000.0,-0.031204,0.0,0.0,0.568157,98063.0
65,43.846855,1000.0,-0.025581,0.0,0.0,0.564491,100491.0
66,44.356697,994.679993,-0.024987,0.041667,0.0,0.560564,98517.0
67,44.927044,1000.0,-0.024549,0.0,0.0,0.555789,100842.0
68,45.254692,1000.0,-0.02562,0.0,0.0,0.553247,103012.0
69,45.790836,1000.0,-0.025075,0.0,0.0,0.54935,102470.0
70,45.882217,988.98999,-0.025088,0.083333,0.0,0.543987,95097.0
71,46.806049,1000.0,-0.024894,0.0,0.0,0.539334,97860.0
72,46.487377,996.340027,-0.025784,0.043478,0.0,0.535948,100470.0
73,47.525669,1000.0,-0.023744,0.0,0.0,0.532959,98534.0
74,47.549015,1000.0,-0.023969,0.0,0.0,0.528647,98688.0
75,48.023388,1000.0,-0.023978,0.0,0.0,0.524849,87217.0
76,48.228142,995.590027,-0.023636,0.043478,0.0,0.520784,86023.0
77,48.318104,993.5,-0.024168,0.043478,0.0,0.516078,88689.0
78,48.967819,993.5,-0.024303,0.0,0.0,0.513261,87613.0
79,49.316273,1000.0,-0.023616,0.0,0.0,0.508577,88755.0
80,49.990658,1000.0,-0.024106,0.0,0.0,0.505011,89855.0
81,50.325542,1000.0,-0.023427,0.0,0.0,0.501545,87723.0
82,50.405727,1000.0,-0.023634,0.0,0.0,0.497777,83939.0
83,50.784512,999.599976,-0.024837,0.041667,0.0,0.494244,86619.0
84,51.403252,1000.0,-0.023652,0.041667,0.0,0.490086,86850.0
85,51.686607,1000.0,-0.023667,0.0,0.0,0.485481,81273.0
86,52.104652,1000.0,-0.023385,0.0,0.0,0.481695,97974.0
87,52.156055,1000.0,-0.024005,0.0,0.0,0.477554,94248.0
88,52.437103,1000.0,-0.023459,0.0,0.0,0.473368,97185.0
89,53.358624,1000.0,-0.023281,0.0,0.0,0.47073,98187.0
90,53.195637,1000.0,-0.022876,0.0,0.0,0.466221,98778.0
91,53.539482,1000.0,-0.023482,0.0,0.0,0.463085,98708.0
92,53.983078,1000.0,-0.022721,0.041667,0.0,0.458609,96380.0
93,54.066784,1000.0,-0.022457,0.0,0.0,0.453522,97371.0
94,54.607838,1000.0,-0.022857,0.0,0.0,0.449646,92762.0
95,54.830818,1000.0,-0.022788,0.0,0.0,0.446016,98575.0
96,55.476768,1000.0,-0.022704,0.0,0.0,0.442273,98342.0
97,55.381977,1000.0,-0.024324,0.0,0.0,0.436481,98408.0
98,55.267311,1000.0,-0.024124,0.0,0.0,0.431676,96568.0
99,55.929684,1000.0,-0.022447,0.0,0.0,0.427635,97997.0
100,56.246147,1000.0,-0.022212,0.0,0.0,0.423143,84612.0
101,55.831085,992.700012,-0.022172,0.041667,0.0,0.419942,87833.0
102,56.113907,993.809998,-0.022291,0.043478,0.0,0.416196,93381.0
103,57.001751,1000.0,-0.021881,0.083333,0.0,0.412104,88455.0
104,57.032661,998.190002,-0.022249,0.041667,0.0,0.409028,88933.0
105,57.598511,1000.0,-0.021562,0.0,0.0,0.406213,7180.0
106,57.625591,1000.0,-0.021614,0.0,0.0,0.403738,67088.0
107,57.687469,1000.0,-0.022521,0.0,0.0,0.400066,80030.0
108,58.180656,1000.0,-0.020951,0.0,0.0,0.396573,92802.0
109,58.725487,1000.0,-0.020467,0.0,0.0,0.392835,89675.0
110,58.759132,1000.0,-0.021154,0.0,0.0,0.389309,84634.0
111,58.920437,1000.0,-0.021344,0.0,0.0,0.385628,97200.0
112,58.893459,994.359985,-0.020654,0.041667,0.0,0.383275,89935.0
113,59.160282,1000.0,-0.021006,0.0,0.0,0.380444,96333.0
114,59.323765,1000.0,-0.022195,0.0,0.0,0.37772,98575.0
115,59.804604,1000.0,-0.020958,0.0,0.0,0.374669,96634.0
116,59.937469,1000.0,-0.020998,0.0,0.0,0.371688,95311.0
117,60.318863,1000.0,-0.020323,0.0,0.0,0.368631,97958.0
118,60.414368,1000.0,-0.020052,0.0,0.0,0.365518,95618.0
119,60.410915,994.650024,-0.020374,0.041667,0.0,0.362426,97224.0
120,61.026878,1000.0,-0.020322,0.0,0.0,0.35972,98806.0
121,61.132881,1000.0,-0.01965,0.0,0.0,0.357333,102623.0
122,61.371555,1000.0,-0.019254,0.0,0.0,0.354141,97613.0
123,61.80302,1000.0,-0.019506,0.0,0.0,0.351664,94726.0
124,61.745636,1000.0,-0.01959,0.0,0.0,0.347568,88815.0
125,61.757336,1000.0,-0.019917,0.0,0.0,0.345213,89196.0
126,62.248863,1000.0,-0.019514,0.0,0.0,0.343098,90935.0
127,62.187428,1000.0,-0.01928,0.0,0.0,0.339682,88279.0
128,62.654278,1000.0,-0.019852,0.083333,0.0,0.33691,83979.0
129,62.633953,1000.0,-0.019215,0.0,0.0,0.334254,83306.0
130,62.90218,1000.0,-0.019192,0.0,0.0,0.331385,82431.0
131,63.002396,1000.0,-0.018803,0.0,0.0,0.327631,91169.0
132,63.143654,1000.0,-0.019044,0.041667,0.0,0.325985,91982.0
133,63.335178,1000.0,-0.018924,0.0,0.0,0.324194,91462.0
134,63.446438,1000.0,-0.018802,0.0,0.0,0.322067,91299.0
135,63.647232,1000.0,-0.018466,0.0,0.0,0.31953,82676.0
136,63.970657,1000.0,-0.018393,0.0,0.0,0.317262,89686.0
137,63.966278,1000.0,-0.018671,0.0,0.0,0.314887,96293.0
138,64.187881,1000.0,-0.018347,0.0,0.0,0.313408,97099.0
139,64.464272,1000.0,-0.018193,0.0,0.0,0.311498,96446.0
140,64.20665,1000.0,-0.018197,0.0,0.0,0.308595,96170.0
141,64.649582,1000.0,-0.018235,0.0,0.0,0.30688,97096.0
142,64.780403,1000.0,-0.018104,0.0,0.0,0.303437,90958.0
143,65.003082,1000.0,-0.017768,0.0,0.0,0.301956,98042.0
144,65.090218,1000.0,-0.017507,0.0,0.0,0.300482,94867.0
145,65.321655,1000.0,-0.017792,0.0,0.0,0.298409,96197.0
146,64.628113,991.580017,-0.017999,0.041667,0.0,0.296493,95062.0
147,65.34034,1000.0,-0.017304,0.0,0.0,0.294224,95478.0
148,65.605003,1000.0,-0.017097,0.0,0.0,0.292754,91219.0
149,65.532173,1000.0,-0.017453,0.0,0.0,0.291466,94622.0
150,65.729599,1000.0,-0.017562,0.0,0.0,0.288774,93414.0
151,65.738037,1000.0,-0.017126,0.0,0.0,0.285302,92465.0
152,65.919151,1000.0,-0.017791,0.0,0.0,0.283235,95859.0
153,65.909409,1000.0,-0.017083,0.0,0.0,0.281579,36726.0
154,66.224358,1000.0,-0.017065,0.0,0.0,0.280308,5088.0
155,66.319641,1000.0,-0.017061,0.0,0.0,0.277465,85062.0
156,66.459099,1000.0,-0.01698,0.0,0.0,0.275412,83477.0
157,66.655441,1000.0,-0.016782,0.0,0.0,0.274002,84095.0
158,66.634674,1000.0,-0.016611,0.0,0.0,0.271742,81479.0
159,66.636261,1000.0,-0.016527,0.0,0.0,0.269775,79751.0
160,66.850708,1000.0,-0.016406,0.0,0.0,0.268419,76620.0
161,66.930984,1000.0,-0.01597,0.0,0.0,0.266682,89742.0
162,66.983109,1000.0,-0.016267,0.0,0.0,0.264484,96618.0
163,67.12571,1000.0,-0.01614,0.0,0.0,0.262469,92970.0
164,67.254158,1000.0,-0.01597,0.0,0.0,0.261043,84049.0
165,67.334572,1000.0,-0.01556,0.0,0.0,0.259142,81682.0
166,67.369118,1000.0,-0.01575,0.0,0.0,0.257979,91980.0
167,67.448853,1000.0,-0.015628,0.041667,0.0,0.255866,85691.0
168,67.702332,1000.0,-0.015436,0.0,0.0,0.254336,84240.0
169,67.745735,1000.0,-0.015201,0.0,0.0,0.252932,90899.0
170,67.880287,1000.0,-0.015259,0.0,0.0,0.251285,95572.0
171,67.933937,1000.0,-0.01515,0.0,0.0,0.250088,86044.0
172,67.987701,1000.0,-0.015121,0.0,0.0,0.249197,88384.0
173,68.117584,1000.0,-0.014948,0.0,0.0,0.247518,85566.0
174,68.134018,1000.0,-0.014716,0.0,0.0,0.246083,87104.0
175,68.260551,1000.0,-0.014651,0.0,0.0,0.244966,84293.0
176,68.264351,1000.0,-0.014582,0.0,0.0,0.242578,81481.0
177,68.348305,1000.0,-0.015632,0.041667,0.0,0.240915,88938.0
178,68.411285,1000.0,-0.014367,0.0,0.0,0.239472,84521.0
179,67.895126,992.409973,-0.014467,0.041667,0.0,0.238093,84083.0
180,68.521423,1000.0,-0.014342,0.0,0.0,0.236745,81870.0
181,68.611,1000.0,-0.014145,0.0,0.0,0.235656,83185.0
182,68.706718,1000.0,-0.01385,0.0,0.0,0.234638,80341.0
183,68.929192,1000.0,-0.013905,0.0,0.0,0.232665,88315.0
184,68.953156,1000.0,-0.013617,0.0,0.0,0.231481,83359.0
185,68.9655,1000.0,-0.013538,0.0,0.0,0.229462,79416.0
186,69.027496,1000.0,-0.013526,0.0,0.0,0.228132,92650.0
187,68.725815,995.179993,-0.013512,0.041667,0.0,0.227169,81594.0
188,69.249519,1000.0,-0.013194,0.0,0.0,0.226196,91689.0
189,69.201492,1000.0,-0.013173,0.0,0.0,0.224928,94287.0
190,69.309837,1000.0,-0.013116,0.0,0.0,0.223318,96191.0
191,69.396942,1000.0,-0.01312,0.0,0.0,0.221637,88262.0
192,69.444038,1000.0,-0.012713,0.0,0.0,0.220304,86645.0
193,69.419975,1000.0,-0.012805,0.0,0.0,0.219013,85673.0
194,69.514107,1000.0,-0.012541,0.0,0.0,0.217944,100123.0
195,69.527077,1000.0,-0.01249,0.0,0.0,0.216664,94491.0
196,69.766304,1000.0,-0.012366,0.0,0.0,0.215603,94083.0
197,69.827179,1000.0,-0.012548,0.0,0.0,0.214405,88475.0
198,69.790092,1000.0,-0.012382,0.0,0.0,0.21346,86170.0
199,69.849915,1000.0,-0.012384,0.0,0.0,0.211873,81594.0
200,69.917999,1000.0,-0.012069,0.0,0.0,0.210888,87425.0
201,69.859253,1000.0,-0.01227,0.0,0.0,0.210009,90229.0
202,70.010094,1000.0,-0.011967,0.0,0.0,0.20897,90818.0
203,70.057579,1000.0,-0.012038,0.0,0.0,0.208095,86745.0
204,70.114998,1000.0,-0.011888,0.0,0.0,0.206306,92788.0
205,70.214516,1000.0,-0.011788,0.0,0.0,0.205444,85490.0
206,70.21109,1000.0,-0.011844,0.0,0.0,0.203862,92895.0
207,70.473267,1000.0,-0.011519,0.0,0.0,0.203042,93424.0
208,70.412109,1000.0,-0.011556,0.0,0.0,0.201882,92019.0
209,70.439522,1000.0,-0.011664,0.0,0.0,0.200966,91851.0
210,70.554817,1000.0,-0.011636,0.0,0.0,0.200243,61722.0
211,70.478592,1000.0,-0.011563,0.0,0.0,0.198732,56338.0
212,70.610313,1000.0,-0.011448,0.0,0.0,0.197782,64183.0
213,70.628136,1000.0,-0.011385,0.0,0.0,0.196393,98007.0
214,70.658401,1000.0,-0.011489,0.0,0.0,0.19546,98356.0
215,70.781036,1000.0,-0.011362,0.0,0.0,0.194187,96369.0
216,70.930183,1000.0,-0.011361,0.0,0.0,0.192635,88193.0
217,70.858055,1000.0,-0.011347,0.0,0.0,0.191366,94875.0
218,70.933586,1000.0,-0.011329,0.0,0.0,0.190373,94557.0
219,71.049271,1000.0,-0.011132,0.0,0.0,0.189367,92460.0
220,71.07383,1000.0,-0.011201,0.0,0.0,0.188363,90482.0
221,71.050537,1000.0,-0.010988,0.0,0.0,0.187297,91197.0
222,71.155296,1000.0,-0.011024,0.0,0.0,0.186472,81037.0
223,71.194122,1000.0,-0.01102,0.0,0.0,0.185033,92188.0
224,71.191917,1000.0,-0.010834,0.0,0.0,0.183539,97837.0
225,71.285042,1000.0,-0.010881,0.0,0.0,0.182763,83035.0
226,71.232277,1000.0,-0.010876,0.0,0.0,0.18106,86363.0
227,71.274132,1000.0,-0.011101,0.0,0.0,0.180131,88506.0
228,71.374062,1000.0,-0.010638,0.0,0.0,0.179371,78436.0
229,71.426414,1000.0,-0.01054,0.0,0.0,0.178329,84844.0
230,71.470039,1000.0,-0.010396,0.0,0.0,0.177742,85742.0
231,71.432098,1000.0,-0.01048,0.0,0.0,0.177009,88946.0
232,70.919167,992.559998,-0.010751,0.041667,0.0,0.175856,86398.0
233,71.572678,1000.0,-0.010876,0.0,0.0,0.175355,81381.0
234,71.11026,992.809998,-0.010816,0.043478,0.0,0.174913,89292.0
235,71.676193,1000.0,-0.010446,0.0,0.0,0.174159,84046.0
236,71.509262,998.070007,-0.010295,0.043478,0.0,0.173582,99257.0
237,71.804893,1000.0,-0.010372,0.0,0.0,0.172634,93708.0
238,71.846611,1000.0,-0.010206,0.0,0.0,0.172008,96010.0
239,71.821877,1000.0,-0.010277,0.0,0.0,0.171059,86088.0
240,71.940002,1000.0,-0.010328,0.0,0.0,0.1704,94344.0
241,71.88855,1000.0,-0.010164,0.0,0.0,0.169677,94265.0
242,71.959061,1000.0,-0.010236,0.0,0.0,0.168968,93831.0
243,72.025238,1000.0,-0.010139,0.0,0.0,0.168423,97244.0
244,71.989319,1000.0,-0.01002,0.0,0.0,0.167466,93803.0
245,72.09269,1000.0,-0.010252,0.0,0.0,0.166523,84928.0
246,72.099991,1000.0,-0.009948,0.0,0.0,0.165528,97910.0
247,72.190598,1000.0,-0.00996,0.0,0.0,0.164705,93902.0
248,72.152161,1000.0,-0.010188,0.0,0.0,0.164291,94256.0
249,72.192169,1000.0,-0.009934,0.0,0.0,0.163678,93047.0
250,72.260933,1000.0,-0.010079,0.0,0.0,0.163342,89374.0
251,72.282059,1000.0,-0.00969,0.041667,0.0,0.162732,81161.0
252,72.374542,1000.0,-0.009659,0.0,0.0,0.162127,89324.0
253,72.374413,1000.0,-0.009633,0.0,0.0,0.161369,88845.0
254,72.47863,1000.0,-0.009739,0.0,0.0,0.159943,86707.0
255,72.46006,1000.0,-0.009664,0.0,0.0,0.159209,87616.0
256,72.573944,1000.0,-0.00958,0.0,0.0,0.158527,86137.0
257,72.488396,1000.0,-0.009545,0.0,0.0,0.157757,77721.0
258,72.585426,1000.0,-0.009571,0.0,0.0,0.156589,89135.0
259,72.52639,1000.0,-0.009567,0.0,0.0,0.155654,5597.0
260,72.68351,1000.0,-0.009364,0.0,0.0,0.155278,72055.0
261,72.672165,1000.0,-0.009388,0.0,0.0,0.154355,94195.0
262,72.696182,1000.0,-0.00945,0.0,0.0,0.153347,95118.0
263,72.736168,1000.0,-0.009345,0.0,0.0,0.152551,94195.0
264,72.747757,1000.0,-0.009608,0.0,0.0,0.151381,91659.0
265,72.792709,1000.0,-0.009341,0.0,0.0,0.150507,92152.0
